sku_id,forecast_demand,on_hand,reorder_point,safety_stock,category,unit_price,cost_price,stockout_risk,overstock_risk,risk_level,recommended_action,sales_at_risk,capital_locked
SKU00001,147.26559942305408,215.0,100.0,33.0,Home & Kitchen,813.41,619.77,0.0,0.4568450189424977,Healthy,HEALTHY,0.0,41979.75
SKU00002,969.8469814037416,0.0,882.0,324.0,Dairy & Bakery,70.38,49.57,1.0,0.0,High stockout,REORDER NOW,39867.58,0.0
SKU00003,62.7682761981771,414.0,250.0,85.0,Stationery & Office,151.28,83.67,0.0,1.0,High overstock,MARKDOWN / CLEAR,0.0,29387.56
SKU00004,100.03883498220374,148.0,99.0,35.0,Dairy & Bakery,233.64,156.32,0.0,0.47468050305849036,Healthy,HEALTHY,0.0,7497.29
SKU00005,78.24869243086552,411.0,284.0,104.0,Home Care,138.5,83.46,0.0,1.0,High overstock,MARKDOWN / CLEAR,0.0,27771.42
SKU00006,90.9393269938978,621.0,324.0,130.0,Health & Wellness,1413.92,830.81,0.0,1.0,High overstock,MARKDOWN / CLEAR,0.0,440379.71
SKU00007,163.7137225310617,87.0,163.0,54.0,Beverages,129.75,78.97,0.09307387365634456,0.0,Healthy,HEALTHY,1028.71,0.0
SKU00008,69.59092189560809,0.0,0.0,0.0,Frozen Foods,492.11,358.31,1.0,0.0,High stockout,REORDER NOW,8561.6,0.0
SKU00009,70.56863233607413,85.0,154.0,39.0,Frozen Foods,251.86,178.03,0.0,0.2016437535952709,Healthy,HEALTHY,0.0,2569.22
SKU00010,66.66111037689598,0.0,0.0,0.0,Apparel & Footwear,1602.79,1096.65,1.0,0.0,High stockout,REORDER NOW,26710.94,0.0
SKU00011,64.28835919963284,3.0,35.0,17.0,Stationery & Office,123.36,83.12,0.9119513943049046,0.0,High stockout,REORDER NOW,3709.69,0.0
SKU00012,65.6534380774071,0.0,0.0,0.0,Health & Wellness,813.52,526.59,1.0,0.0,High stockout,REORDER NOW,13352.6,0.0
SKU00013,112.52256913570804,314.0,145.0,55.0,Personal Care,521.95,402.76,0.0,1.0,High overstock,MARKDOWN / CLEAR,0.0,81147.05
SKU00014,64.85654168924168,33.0,76.0,17.0,Personal Care,161.5,126.47,0.03548636864045096,0.0,Healthy,HEALTHY,34.58,0.0
SKU00015,103.9551332698532,79.0,28.0,12.0,Home Care,277.24,205.47,0.0,0.0,Healthy,HEALTHY,0.0,0.0
SKU00016,276.56633602722803,106.0,56.0,22.0,Apparel & Footwear,3478.65,2163.92,0.0,0.0,Healthy,HEALTHY,0.0,0.0
SKU00017,70.10914887826979,77.0,55.0,19.0,Dairy & Bakery,280.39,218.27,0.0,0.09690526789353796,Healthy,HEALTHY,0.0,1504.07
SKU00018,62.786309941776736,148.0,188.0,55.0,Snacks & Confectionery,93.88,70.86,0.0,1.0,High overstock,MARKDOWN / CLEAR,0.0,6038.24
SKU00019,207.0793541515497,120.0,86.0,40.0,Personal Care,394.36,229.13,0.0,0.0,Healthy,HEALTHY,0.0,0.0
SKU00020,436.68937075566123,0.0,760.0,284.0,Grocery,109.5,69.58,1.0,0.0,High stockout,REORDER NOW,43052.37,0.0
SKU00021,62.92615067603007,252.0,111.0,43.0,Beverages,116.7,73.74,0.0,1.0,High overstock,MARKDOWN / CLEAR,0.0,13942.31
SKU00022,62.22413219403356,0.0,0.0,0.0,Beverages,201.01,147.24,1.0,0.0,High stockout,REORDER NOW,3126.92,0.0
SKU00023,75.1460038227378,20.0,39.0,13.0,Apparel & Footwear,2028.91,1381.64,0.3899928501967074,0.0,Healthy,HEALTHY,23913.75,0.0
SKU00024,65.56609980904763,6453.0,1467.0,490.0,Electronics & Accessories,2711.05,1671.96,0.0,1.0,High overstock,MARKDOWN / CLEAR,0.0,10679533.98
SKU00025,62.944882727232915,213.0,169.0,57.0,Electronics & Accessories,2441.35,1483.61,0.0,1.0,High overstock,MARKDOWN / CLEAR,0.0,222623.27
SKU00026,68.67023552867619,81.0,51.0,24.0,Home Care,287.47,190.99,0.0,0.1769731992114322,Healthy,HEALTHY,0.0,2354.86
SKU00027,145.4758617719202,204.0,113.0,39.0,Electronics & Accessories,608.24,435.8,0.0,0.399548004156539,Healthy,HEALTHY,0.0,25504.82
SKU00028,65.29551723209008,371.0,247.0,76.0,Beverages,94.45,63.96,0.0,1.0,High overstock,MARKDOWN / CLEAR,0.0,19552.86
SKU00029,119.32189608313614,0.0,0.0,0.0,Home & Kitchen,1987.18,1222.63,1.0,0.0,High stockout,REORDER NOW,59278.52,0.0
SKU00030,146.7866589839645,82.0,105.0,44.0,Frozen Foods,402.34,283.65,0.0,0.0,Healthy,HEALTHY,0.0,0.0
SKU00031,64.98353489293214,508.0,270.0,76.0,Stationery & Office,151.46,121.13,0.0,1.0,High overstock,MARKDOWN / CLEAR,0.0,53662.58
SKU00032,65.50704899514271,112.0,184.0,63.0,Beverages,51.91,30.84,0.0,0.6990680192148183,High overstock,MARKDOWN / CLEAR,0.0,1433.84
SKU00033,79.03308048028255,136.0,64.0,18.0,Home Care,164.5,112.21,0.0,0.7117921636635263,High overstock,MARKDOWN / CLEAR,0.0,6392.26
SKU00034,71.2111391878768,136.0,113.0,49.0,Electronics & Accessories,2105.17,1355.55,0.0,0.897214218481687,High overstock,MARKDOWN / CLEAR,0.0,87824.54
SKU00035,70.8557297692104,594.0,298.0,113.0,Home Care,215.32,130.18,0.0,1.0,High overstock,MARKDOWN / CLEAR,0.0,68102.92
SKU00036,330.2294066488586,134.0,85.0,25.0,Home Care,188.79,145.16,0.0,0.0,Healthy,HEALTHY,0.0,0.0
SKU00037,66.0161977428903,334.0,143.0,61.0,Beverages,109.86,86.73,0.0,1.0,High overstock,MARKDOWN / CLEAR,0.0,23242.24
SKU00038,94.41187872136332,18.0,49.0,24.0,Personal Care,377.52,240.69,0.6296522595556393,0.0,High stockout,REORDER NOW,11175.71,0.0
SKU00039,76.940218608349,290.0,179.0,56.0,Snacks & Confectionery,124.83,79.49,0.0,1.0,High overstock,MARKDOWN / CLEAR,0.0,16936.12
SKU00040,94.71231494211341,101.0,84.0,35.0,Dairy & Bakery,206.7,118.43,0.0,0.06569358458929103,Healthy,HEALTHY,0.0,744.65
SKU00041,70.51765402788712,123.0,115.0,46.0,Electronics & Accessories,2490.74,1754.57,0.0,0.7338376333156603,High overstock,MARKDOWN / CLEAR,0.0,92083.95
SKU00042,61.77087915216298,0.0,0.0,0.0,Health & Wellness,1110.09,617.92,1.0,0.0,High stockout,REORDER NOW,17142.81,0.0
SKU00043,156.7484161524686,107.0,68.0,26.0,Health & Wellness,615.37,414.79,0.0,0.0,Healthy,HEALTHY,0.0,0.0
SKU00044,65.62854282415005,316.0,135.0,50.0,Personal Care,525.77,309.26,0.0,1.0,High overstock,MARKDOWN / CLEAR,0.0,77429.88
SKU00045,62.49652712754361,90.0,109.0,40.0,Stationery & Office,352.71,253.27,0.0,0.4331492463707657,Healthy,HEALTHY,0.0,6965.8
SKU00046,75.68522102897359,324.0,244.0,97.0,Beverages,154.0,120.46,0.0,1.0,High overstock,MARKDOWN / CLEAR,0.0,29912.0
SKU00047,72.99998225092278,291.0,160.0,67.0,Personal Care,289.44,165.62,0.0,1.0,High overstock,MARKDOWN / CLEAR,0.0,36105.16
SKU00048,147.21529892702566,332.0,173.0,82.0,Beverages,111.68,83.14,0.0,1.0,High overstock,MARKDOWN / CLEAR,0.0,15363.0
SKU00049,93.68586756178365,50.0,35.0,7.0,Personal Care,584.25,442.65,0.0,0.0,Healthy,HEALTHY,0.0,0.0
SKU00050,462.49261215707406,48.0,664.0,209.0,Stationery & Office,34.08,20.25,0.8525903347105928,0.0,High stockout,REORDER NOW,9427.32,0.0
SKU00051,62.584867266356866,123.0,71.0,24.0,Personal Care,336.75,262.89,0.0,0.9501495454974259,High overstock,MARKDOWN / CLEAR,0.0,15882.53
SKU00052,64.22595912658421,5399.0,1299.0,466.0,Home & Kitchen,1372.15,967.68,0.0,1.0,High overstock,MARKDOWN / CLEAR,0.0,5162354.14
SKU00053,73.4895412194222,60.0,27.0,9.0,Home Care,322.02,220.18,0.0,0.0,Healthy,HEALTHY,0.0,0.0
SKU00054,74.67587664627354,0.0,0.0,0.0,Electronics & Accessories,2079.97,1493.11,1.0,0.0,High stockout,REORDER NOW,38830.9,0.0
SKU00055,172.5377262757291,0.0,0.0,0.0,Home Care,409.38,254.65,1.0,0.0,High stockout,REORDER NOW,17658.37,0.0
SKU00056,89.65210600124327,113.0,189.0,59.0,Dairy & Bakery,79.8,44.4,0.0,0.25755489892795785,Healthy,HEALTHY,0.0,1036.65
SKU00057,71.80585970383923,30.0,31.0,15.0,Apparel & Footwear,2287.08,1510.65,0.11638569748248062,0.0,Healthy,HEALTHY,6750.24,0.0
SKU00058,63.05810545134504,149.0,93.0,29.0,Stationery & Office,95.03,69.93,0.0,1.0,High overstock,MARKDOWN / CLEAR,0.0,6009.92
SKU00059,73.17288619262224,601.0,233.0,53.0,Dairy & Bakery,122.45,95.47,0.0,1.0,High overstock,MARKDOWN / CLEAR,0.0,50391.65
SKU00060,154.51092943693922,253.0,148.0,49.0,Apparel & Footwear,724.16,476.15,0.0,0.6333257149170264,High overstock,MARKDOWN / CLEAR,0.0,46895.57
SKU00061,64.08779371645518,296.0,177.0,68.0,Dairy & Bakery,249.85,153.89,0.0,1.0,High overstock,MARKDOWN / CLEAR,0.0,35688.97
SKU00062,644.9936147840629,272.0,967.0,323.0,Electronics & Accessories,499.45,291.09,0.4394623497403721,0.0,Healthy,HEALTHY,106007.47,0.0
SKU00063,92.04396994577542,84.0,82.0,39.0,Apparel & Footwear,1612.54,1264.03,0.0,0.0,Healthy,HEALTHY,0.0,0.0
SKU00064,62.29976082616447,409.0,269.0,81.0,Home Care,214.86,130.58,0.0,1.0,High overstock,MARKDOWN / CLEAR,0.0,45272.12
SKU00065,74.10547704517234,215.0,76.0,33.0,Electronics & Accessories,964.12,749.86,0.0,1.0,High overstock,MARKDOWN / CLEAR,0.0,105651.17
SKU00066,61.677309302443874,4837.0,1048.0,384.0,Dairy & Bakery,222.25,132.45,0.0,1.0,High overstock,MARKDOWN / CLEAR,0.0,632491.49
SKU00067,65.51774816452861,204.0,140.0,55.0,Grocery,492.46,273.09,0.0,1.0,High overstock,MARKDOWN / CLEAR,0.0,37818.12
SKU00068,118.13896278412106,8.0,99.0,39.0,Beverages,266.94,161.78,0.8849495961310643,0.0,High stockout,REORDER NOW,16159.14,0.0
SKU00069,62.45548061572585,403.0,255.0,72.0,Home Care,258.89,174.28,0.0,1.0,High overstock,MARKDOWN / CLEAR,0.0,59350.1
SKU00070,65.95482029218321,378.0,193.0,67.0,Home & Kitchen,738.95,470.84,0.0,1.0,High overstock,MARKDOWN / CLEAR,0.0,146923.35
SKU00071,68.48127834735182,285.0,142.0,42.0,Beverages,273.19,212.25,0.0,1.0,High overstock,MARKDOWN / CLEAR,0.0,45956.1
SKU00072,66.8042622159104,0.0,0.0,0.0,Home Care,327.25,224.58,1.0,0.0,High stockout,REORDER NOW,5465.42,0.0
SKU00073,61.04702836368058,126.0,60.0,22.0,Electronics & Accessories,1216.02,704.61,0.0,1.0,High overstock,MARKDOWN / CLEAR,0.0,45766.51
SKU00074,96.5329975763919,88.0,74.0,22.0,Snacks & Confectionery,197.5,139.5,0.0,0.0,Healthy,HEALTHY,0.0,0.0
SKU00075,67.23038378299938,5552.0,1274.0,465.0,Electronics & Accessories,3697.58,2393.21,0.0,1.0,High overstock,MARKDOWN / CLEAR,0.0,13126205.49
SKU00076,185.0790211317499,153.0,138.0,42.0,Dairy & Bakery,306.25,220.42,0.0,0.0,Healthy,HEALTHY,0.0,0.0
SKU00077,95.66833381622487,206.0,195.0,56.0,Apparel & Footwear,1562.82,1166.71,0.0,1.0,High overstock,MARKDOWN / CLEAR,0.0,128725.06
SKU00078,63.6230622590058,69.0,30.0,14.0,Frozen Foods,820.53,653.46,0.0,0.08320462622838455,Healthy,HEALTHY,0.0,3513.61
SKU00079,6332.734626760068,138.0,806.0,274.0,Frozen Foods,197.9,137.37,0.9257339286656845,0.0,High stockout,REORDER NOW,340226.45,0.0
SKU00080,68.17205684446853,1.0,43.0,16.0,Snacks & Confectionery,85.23,54.69,0.9706253978041275,0.0,High stockout,REORDER NOW,2731.03,0.0
SKU00081,61.863726279714875,276.0,117.0,55.0,Home Care,115.69,76.17,0.0,1.0,High overstock,MARKDOWN / CLEAR,0.0,16310.76
SKU00082,87.44637479405775,175.0,113.0,45.0,Home & Kitchen,480.16,312.42,0.0,0.9899063179220832,High overstock,MARKDOWN / CLEAR,0.0,27353.5
SKU00083,61.16600099761045,208.0,116.0,46.0,Grocery,333.54,221.02,0.0,1.0,High overstock,MARKDOWN / CLEAR,0.0,32453.25
SKU00084,66.23472247965846,39.0,108.0,33.0,Apparel & Footwear,1308.64,729.59,0.22861911106441635,0.0,Healthy,HEALTHY,13817.51,0.0
SKU00085,88.28630103867758,308.0,167.0,51.0,Home Care,372.68,228.02,0.0,1.0,High overstock,MARKDOWN / CLEAR,0.0,50099.12
SKU00086,84.42523072070429,230.0,224.0,100.0,Electronics & Accessories,2786.01,2220.28,0.0,1.0,High overstock,MARKDOWN / CLEAR,0.0,323216.75
SKU00087,110.84385052715292,28.0,77.0,27.0,Health & Wellness,231.1,180.72,0.4974059201765898,0.0,Healthy,HEALTHY,6172.9,0.0
SKU00088,106.67790073988203,0.0,0.0,0.0,Home Care,148.62,83.54,1.0,0.0,High stockout,REORDER NOW,3963.62,0.0
SKU00089,113.60529068372021,0.0,0.0,0.0,Dairy & Bakery,316.27,251.4,1.0,0.0,High stockout,REORDER NOW,8982.49,0.0
SKU00090,63.21890811377516,7868.0,1737.0,598.0,Health & Wellness,618.63,462.73,0.0,1.0,High overstock,MARKDOWN / CLEAR,0.0,3611506.35
SKU00091,63.088455078526444,260.0,137.0,47.0,Beverages,223.64,123.16,0.0,1.0,High overstock,MARKDOWN / CLEAR,0.0,24251.63
SKU00092,330.1731642555509,137.0,115.0,34.0,Health & Wellness,809.88,630.38,0.0,0.0,Healthy,HEALTHY,0.0,0.0
SKU00093,68.88575841247041,276.0,158.0,49.0,Beverages,216.52,171.07,0.0,1.0,High overstock,MARKDOWN / CLEAR,0.0,35431.03
SKU00094,62.56439972926793,88.0,73.0,24.0,Health & Wellness,1069.07,756.04,0.0,0.4001548095957298,Healthy,HEALTHY,0.0,19230.33
SKU00095,69.45227753140713,98.0,77.0,25.0,Health & Wellness,696.82,520.58,0.0,0.4052065237474614,Healthy,HEALTHY,0.0,14861.37
SKU00096,218.1126263813094,127.0,76.0,24.0,Beverages,210.25,133.12,0.0,0.0,Healthy,HEALTHY,0.0,0.0
SKU00097,83.58272646160295,377.0,172.0,63.0,Apparel & Footwear,1103.71,764.96,0.0,1.0,High overstock,MARKDOWN / CLEAR,0.0,224452.48
SKU00098,69.62020148781413,224.0,83.0,20.0,Personal Care,306.0,224.26,0.0,1.0,High overstock,MARKDOWN / CLEAR,0.0,34621.21
SKU00099,69.02135850249998,18.0,77.0,34.0,Apparel & Footwear,1671.99,1154.2,0.655537594263895,0.0,High stockout,REORDER NOW,55602.6,0.0
SKU00100,63.72648874452358,177.0,116.0,55.0,Grocery,465.53,291.49,0.0,1.0,High overstock,MARKDOWN / CLEAR,0.0,33018.1
SKU00101,67.70735646010576,0.0,0.0,0.0,Snacks & Confectionery,122.57,87.31,1.0,0.0,High stockout,REORDER NOW,2074.72,0.0
SKU00102,255.29449439745233,131.0,130.0,57.0,Home Care,111.77,84.9,0.0,0.0,Healthy,HEALTHY,0.0,0.0
SKU00103,114.26289224099618,294.0,176.0,51.0,Snacks & Confectionery,179.7,136.39,0.0,1.0,High overstock,MARKDOWN / CLEAR,0.0,24514.34
SKU00104,88.79703087591122,299.0,137.0,54.0,Dairy & Bakery,389.89,227.32,0.0,1.0,High overstock,MARKDOWN / CLEAR,0.0,47783.34
SKU00105,61.50943245412598,296.0,124.0,26.0,Health & Wellness,503.0,332.66,0.0,1.0,High overstock,MARKDOWN / CLEAR,0.0,78005.63
SKU00106,147.6968630242899,436.0,327.0,136.0,Beverages,200.8,112.38,0.0,1.0,High overstock,MARKDOWN / CLEAR,0.0,32399.51
SKU00107,69.1739280669359,278.0,240.0,88.0,Electronics & Accessories,2511.78,1778.82,0.0,1.0,High overstock,MARKDOWN / CLEAR,0.0,371463.99
SKU00108,74.42146620493176,277.0,192.0,67.0,Beverages,82.07,50.11,0.0,1.0,High overstock,MARKDOWN / CLEAR,0.0,10151.21
SKU00109,71.69742112091377,0.0,0.0,0.0,Snacks & Confectionery,102.67,80.35,1.0,0.0,High stockout,REORDER NOW,1840.29,0.0
SKU00110,69.54972058792404,134.0,83.0,25.0,Health & Wellness,286.87,202.12,0.0,0.9135440774957212,High overstock,MARKDOWN / CLEAR,0.0,13026.69
SKU00111,95.46451636674435,442.0,191.0,71.0,Apparel & Footwear,2316.85,1506.31,0.0,1.0,High overstock,MARKDOWN / CLEAR,0.0,521989.86
SKU00112,61.954074309920244,377.0,194.0,49.0,Snacks & Confectionery,218.89,160.42,0.0,1.0,High overstock,MARKDOWN / CLEAR,0.0,50539.67
SKU00113,86.22026772462644,230.0,145.0,53.0,Dairy & Bakery,136.55,82.18,0.0,1.0,High overstock,MARKDOWN / CLEAR,0.0,11815.82
SKU00114,68.59454597720284,96.0,123.0,37.0,Stationery & Office,169.83,97.29,0.0,0.39378738143897646,Healthy,HEALTHY,0.0,2666.28
SKU00115,81.52121894659835,336.0,250.0,71.0,Stationery & Office,45.82,26.2,0.0,1.0,High overstock,MARKDOWN / CLEAR,0.0,6667.34
SKU00116,138.54227752280687,10.0,41.0,11.0,Frozen Foods,317.12,220.62,0.7855713968373226,0.0,High stockout,REORDER NOW,11300.75,0.0
SKU00117,87.49281926616979,278.0,191.0,74.0,Home Care,258.96,199.97,0.0,1.0,High overstock,MARKDOWN / CLEAR,0.0,38095.72
SKU00118,62.482581197219915,351.0,159.0,53.0,Personal Care,289.69,175.46,0.0,1.0,High overstock,MARKDOWN / CLEAR,0.0,50623.27
SKU00119,193.05503043547327,5.0,22.0,11.0,Health & Wellness,963.94,713.33,0.9170313933549971,0.0,High stockout,REORDER NOW,52307.01,0.0
SKU00120,68.69775027744045,252.0,180.0,49.0,Health & Wellness,492.32,275.41,0.0,1.0,High overstock,MARKDOWN / CLEAR,0.0,50483.27
SKU00121,89.52203022989647,0.0,0.0,0.0,Dairy & Bakery,195.28,124.65,1.0,0.0,High stockout,REORDER NOW,4370.47,0.0
SKU00122,62.45326505683778,98.0,160.0,46.0,Grocery,159.98,114.13,0.0,0.5602034018473518,High overstock,MARKDOWN / CLEAR,0.0,4056.95
SKU00123,87.71785979353757,231.0,128.0,54.0,Beverages,99.13,75.0,0.0,1.0,High overstock,MARKDOWN / CLEAR,0.0,10746.16
SKU00124,69.84831784893213,15.0,27.0,13.0,Stationery & Office,345.68,271.63,0.5232355821233639,0.0,High stockout,REORDER NOW,5344.93,0.0
SKU00125,163.5237956086662,186.0,98.0,31.0,Home Care,477.75,338.32,0.0,0.13661369960607614,Healthy,HEALTHY,0.0,7604.15
SKU00126,207.13827916894695,140.0,143.0,47.0,Home Care,253.44,168.71,0.0,0.0,Healthy,HEALTHY,0.0,0.0
SKU00127,61.65632793765184,4986.0,1188.0,404.0,Home Care,223.69,126.42,0.0,1.0,High overstock,MARKDOWN / CLEAR,0.0,622535.53
SKU00128,68.42044453725383,124.0,53.0,25.0,Apparel & Footwear,741.97,459.21,0.0,0.8006222926578916,High overstock,MARKDOWN / CLEAR,0.0,25522.69
SKU00129,134.6146186585066,83.0,47.0,17.0,Grocery,217.18,169.57,0.0,0.0,Healthy,HEALTHY,0.0,0.0
SKU00130,61.40771379388311,225.0,123.0,49.0,Grocery,362.18,251.98,0.0,1.0,High overstock,MARKDOWN / CLEAR,0.0,41221.98
SKU00131,193.00491962202796,261.0,140.0,57.0,Dairy & Bakery,119.24,75.8,0.0,0.3504812172312132,Healthy,HEALTHY,0.0,5154.03
SKU00132,82.5583543512261,0.0,0.0,0.0,Home Care,459.06,281.04,1.0,0.0,High stockout,REORDER NOW,9474.81,0.0
SKU00133,98.13922729117802,365.0,133.0,52.0,Electronics & Accessories,1722.93,996.57,0.0,1.0,High overstock,MARKDOWN / CLEAR,0.0,265945.44
SKU00134,61.33148721979491,209.0,184.0,63.0,Home Care,199.86,147.48,0.0,1.0,High overstock,MARKDOWN / CLEAR,0.0,21778.15
SKU00135,71.82518173176518,218.0,265.0,111.0,Home Care,191.52,125.08,0.0,1.0,High overstock,MARKDOWN / CLEAR,0.0,18283.55
SKU00136,61.61413090625611,112.0,57.0,26.0,Stationery & Office,497.37,390.01,0.0,0.8047044391493674,High overstock,MARKDOWN / CLEAR,0.0,19650.99
SKU00137,61.456780308784914,156.0,68.0,20.0,Beverages,145.43,96.51,0.0,1.0,High overstock,MARKDOWN / CLEAR,0.0,9124.37
SKU00138,80.94817678447949,495.0,315.0,106.0,Frozen Foods,668.4,504.37,0.0,1.0,High overstock,MARKDOWN / CLEAR,0.0,208835.32
SKU00139,65.07155817007411,0.0,0.0,0.0,Frozen Foods,790.82,460.7,1.0,0.0,High stockout,REORDER NOW,12864.97,0.0
SKU00140,61.492338978585906,112.0,63.0,18.0,Home Care,148.11,87.05,0.0,0.8082216451959244,High overstock,MARKDOWN / CLEAR,0.0,4396.69
SKU00141,64.80426275942929,133.0,120.0,40.0,Apparel & Footwear,2602.93,1609.4,0.0,1.0,High overstock,MARKDOWN / CLEAR,0.0,109754.22
SKU00142,84.07038005912884,179.0,178.0,46.0,Dairy & Bakery,135.03,80.72,0.0,1.0,High overstock,MARKDOWN / CLEAR,0.0,7662.72
SKU00143,88.40761753303309,79.0,44.0,17.0,Stationery & Office,64.0,50.83,0.0,0.0,Healthy,HEALTHY,0.0,0.0
SKU00144,62.870230480476714,165.0,95.0,32.0,Dairy & Bakery,186.78,140.47,0.0,1.0,High overstock,MARKDOWN / CLEAR,0.0,14346.17
SKU00145,64.55143750398275,86.0,57.0,20.0,Frozen Foods,478.26,304.7,0.0,0.32720201589345893,Healthy,HEALTHY,0.0,6535.38
SKU00146,177.127818448014,381.0,230.0,56.0,Frozen Foods,703.46,478.32,0.0,1.0,High overstock,MARKDOWN / CLEAR,0.0,97516.14
SKU00147,70.31772364209446,14.0,43.0,17.0,Home & Kitchen,778.79,532.16,0.6065142234790746,0.0,High stockout,REORDER NOW,16027.05,0.0
SKU00148,66.87518427909684,0.0,0.0,0.0,Home Care,357.28,250.74,1.0,0.0,High stockout,REORDER NOW,5973.29,0.0
SKU00149,115.79079333160088,87.0,40.0,9.0,Dairy & Bakery,149.69,86.21,0.0,0.0,Healthy,HEALTHY,0.0,0.0
SKU00150,66.3565775015963,4618.0,971.0,330.0,Grocery,266.14,169.6,0.0,1.0,High overstock,MARKDOWN / CLEAR,0.0,771958.72
SKU00151,91.16617190200738,261.0,89.0,22.0,Personal Care,201.86,115.36,0.0,1.0,High overstock,MARKDOWN / CLEAR,0.0,19592.03
SKU00152,86.31462746707376,0.0,0.0,0.0,Apparel & Footwear,1830.31,1427.21,1.0,0.0,High stockout,REORDER NOW,39495.63,0.0
SKU00153,68.87096421738866,174.0,103.0,32.0,Grocery,184.25,119.92,0.0,1.0,High overstock,MARKDOWN / CLEAR,0.0,12607.07
SKU00154,68.33351304474974,46.0,41.0,12.0,Home & Kitchen,2279.38,1667.95,0.0,0.0,Healthy,HEALTHY,0.0,0.0
SKU00155,62.187124586732075,7407.0,1674.0,608.0,Frozen Foods,585.78,457.03,0.0,1.0,High overstock,MARKDOWN / CLEAR,0.0,3356799.83
SKU00156,61.75581103395258,171.0,159.0,36.0,Beverages,164.3,103.08,0.0,1.0,High overstock,MARKDOWN / CLEAR,0.0,11260.89
SKU00157,68.84764896883874,321.0,208.0,68.0,Dairy & Bakery,118.76,67.93,0.0,1.0,High overstock,MARKDOWN / CLEAR,0.0,17128.71
SKU00158,177.282302340535,0.0,0.0,0.0,Frozen Foods,487.98,309.41,1.0,0.0,High stockout,REORDER NOW,21627.55,0.0
SKU00159,69.35390385038792,400.0,165.0,44.0,Dairy & Bakery,230.93,165.75,0.0,1.0,High overstock,MARKDOWN / CLEAR,0.0,54804.59
SKU00160,68.55053369932435,76.0,46.0,14.0,Beverages,202.06,136.38,0.0,0.10710868636724812,Healthy,HEALTHY,0.0,1015.96
SKU00161,61.592001281905624,52.0,27.0,10.0,Health & Wellness,501.77,285.38,0.0,0.0,Healthy,HEALTHY,0.0,0.0
SKU00162,63.868279770011966,84.0,57.0,20.0,Electronics & Accessories,2780.26,1577.93,0.0,0.31034768150726805,Healthy,HEALTHY,0.0,31766.45
SKU00163,315.49684249555287,179.0,60.0,23.0,Beverages,151.67,109.94,0.0,0.0,Healthy,HEALTHY,0.0,0.0
SKU00164,88.87867775795007,0.0,0.0,0.0,Dairy & Bakery,113.99,83.68,1.0,0.0,High stockout,REORDER NOW,2532.82,0.0
SKU00165,80.42648762214962,0.0,0.0,0.0,Snacks & Confectionery,85.81,49.54,1.0,0.0,High stockout,REORDER NOW,1725.35,0.0
SKU00166,390.2573316817645,167.0,90.0,39.0,Health & Wellness,830.77,621.98,0.0,0.0,Healthy,HEALTHY,0.0,0.0
SKU00167,62.06803306249354,6662.0,1563.0,578.0,Electronics & Accessories,2596.95,1652.67,0.0,1.0,High overstock,MARKDOWN / CLEAR,0.0,10907509.56
SKU00168,114.09807953159253,52.0,93.0,27.0,Electronics & Accessories,2234.32,1266.98,0.0800452598672502,0.0,Healthy,HEALTHY,7874.91,0.0
SKU00169,826.5746536001661,0.0,667.0,234.0,Stationery & Office,95.37,60.41,1.0,0.0,High stockout,REORDER NOW,42024.19,0.0
SKU00170,61.59122792990078,7177.0,1634.0,561.0,Apparel & Footwear,1241.29,909.39,0.0,1.0,High overstock,MARKDOWN / CLEAR,0.0,6470681.58
SKU00171,121.68142491483158,113.0,97.0,47.0,Dairy & Bakery,253.93,181.29,0.0,0.0,Healthy,HEALTHY,0.0,0.0
SKU00172,89.82929561720853,0.0,0.0,0.0,Beverages,112.18,75.2,1.0,0.0,High stockout,REORDER NOW,2519.26,0.0
SKU00173,64.05402921374166,84.0,32.0,9.0,Health & Wellness,1096.68,679.85,0.0,0.30660623219391714,Healthy,HEALTHY,0.0,13560.27
SKU00174,63.16074064888935,0.0,0.0,0.0,Home & Kitchen,638.72,418.03,1.0,0.0,High stockout,REORDER NOW,10085.51,0.0
SKU00175,89.4806028626925,25.0,95.0,22.0,Stationery & Office,182.36,117.7,0.4489769241307866,0.0,Healthy,HEALTHY,3532.34,0.0
SKU00176,62.583204892404645,0.0,0.0,0.0,Snacks & Confectionery,45.08,29.19,1.0,0.0,High stockout,REORDER NOW,705.31,0.0
SKU00177,489.47007013587216,54.0,734.0,280.0,Snacks & Confectionery,114.65,77.09,0.8661270487764237,0.0,High stockout,REORDER NOW,39940.34,0.0
SKU00178,129.82403825783706,265.0,120.0,52.0,Grocery,527.32,350.05,0.0,1.0,High overstock,MARKDOWN / CLEAR,0.0,47318.35
SKU00179,83.45588293003138,237.0,169.0,44.0,Beverages,85.36,49.13,0.0,1.0,High overstock,MARKDOWN / CLEAR,0.0,7543.62
SKU00180,157.37275280366953,81.0,31.0,10.0,Frozen Foods,770.72,479.81,0.0,0.0,Healthy,HEALTHY,0.0,0.0
SKU00181,61.06734640531717,633.0,380.0,108.0,Frozen Foods,314.95,183.39,0.0,1.0,High overstock,MARKDOWN / CLEAR,0.0,104886.73
SKU00182,71.09146729927978,212.0,216.0,84.0,Personal Care,178.74,125.21,0.0,1.0,High overstock,MARKDOWN / CLEAR,0.0,17643.16
SKU00183,69.36941305625487,84.0,73.0,36.0,Dairy & Bakery,252.07,165.28,0.0,0.20791116919007288,Healthy,HEALTHY,0.0,2418.14
SKU00184,91.65881757833094,96.0,33.0,15.0,Apparel & Footwear,899.55,645.86,0.0,0.04685126073402736,Healthy,HEALTHY,0.0,2803.8
SKU00185,70.2482841637077,398.0,175.0,76.0,Home Care,484.73,277.22,0.0,1.0,High overstock,MARKDOWN / CLEAR,0.0,90859.33
SKU00186,62.70167750673414,4390.0,994.0,324.0,Apparel & Footwear,1862.84,1185.19,0.0,1.0,High overstock,MARKDOWN / CLEAR,0.0,5128670.7
SKU00187,61.19949940298205,0.0,0.0,0.0,Stationery & Office,252.44,150.22,1.0,0.0,High stockout,REORDER NOW,3862.3,0.0
SKU00188,106.42538447802234,101.0,52.0,15.0,Dairy & Bakery,201.41,115.41,0.0,0.0,Healthy,HEALTHY,0.0,0.0
SKU00189,88.99467714763148,103.0,86.0,32.0,Snacks & Confectionery,69.3,51.51,0.0,0.15562390239362195,Healthy,HEALTHY,0.0,721.41
SKU00190,8395.523718932232,0.0,931.0,313.0,Stationery & Office,145.42,84.74,1.0,0.0,High stockout,REORDER NOW,350735.72,0.0
SKU00191,94.26663448270884,73.0,108.0,37.0,Health & Wellness,590.87,350.82,0.0,0.0,Healthy,HEALTHY,0.0,0.0
SKU00192,69.52264978957432,207.0,130.0,39.0,Dairy & Bakery,165.78,106.38,0.0,1.0,High overstock,MARKDOWN / CLEAR,0.0,14624.84
SKU00193,127.90495801884876,79.0,73.0,15.0,Health & Wellness,308.55,192.29,0.0,0.0,Healthy,HEALTHY,0.0,0.0
SKU00194,79.04198784411454,20.0,40.0,9.0,Frozen Foods,524.73,409.27,0.3279682114787936,0.0,Healthy,HEALTHY,4596.9,0.0
SKU00195,68.41053179949749,595.0,344.0,136.0,Home & Kitchen,1139.65,908.49,0.0,1.0,High overstock,MARKDOWN / CLEAR,0.0,478401.27
SKU00196,73.45139859815717,148.0,100.0,35.0,Dairy & Bakery,90.98,59.65,0.0,1.0,High overstock,MARKDOWN / CLEAR,0.0,4446.82
SKU00197,64.39495360394616,171.0,79.0,38.0,Stationery & Office,330.62,198.47,0.0,1.0,High overstock,MARKDOWN / CLEAR,0.0,21157.9
SKU00198,98.47573588905536,537.0,271.0,102.0,Stationery & Office,340.46,229.65,0.0,1.0,High overstock,MARKDOWN / CLEAR,0.0,100707.1
SKU00199,65.20105385875199,62.0,39.0,12.0,Snacks & Confectionery,62.08,41.84,0.0,0.0,Healthy,HEALTHY,0.0,0.0
SKU00200,75.8304527628819,317.0,234.0,91.0,Beverages,134.99,89.97,0.0,1.0,High overstock,MARKDOWN / CLEAR,0.0,21698.02
SKU00201,132.86505678505864,376.0,180.0,73.0,Frozen Foods,848.32,470.89,0.0,1.0,High overstock,MARKDOWN / CLEAR,0.0,114489.81
SKU00202,93.47302963271764,314.0,174.0,63.0,Grocery,349.86,203.65,0.0,1.0,High overstock,MARKDOWN / CLEAR,0.0,44910.32
SKU00203,64.50149163095398,93.0,81.0,25.0,Dairy & Bakery,181.68,106.33,0.0,0.43508182271040846,Healthy,HEALTHY,0.0,3030.25
SKU00204,79.19600566075425,20.0,31.0,15.0,Home Care,613.21,391.19,0.44132519876617193,0.0,Healthy,HEALTHY,9074.9,0.0
SKU00205,141.64265936270402,45.0,59.0,13.0,Stationery & Office,222.89,154.95,0.0892654420841762,0.0,Healthy,HEALTHY,760.2,0.0
SKU00206,80.24898715126704,185.0,63.0,29.0,Stationery & Office,217.76,167.56,0.0,1.0,High overstock,MARKDOWN / CLEAR,0.0,17552.08
SKU00207,134.5125078885665,0.0,0.0,0.0,Beverages,97.45,59.04,1.0,0.0,High stockout,REORDER NOW,3277.06,0.0
SKU00208,78.09275269836368,0.0,0.0,0.0,Home & Kitchen,1162.94,863.83,1.0,0.0,High stockout,REORDER NOW,22704.3,0.0
SKU00209,71.80124817406654,89.0,96.0,23.0,Beverages,88.63,53.76,0.0,0.23624254057858368,Healthy,HEALTHY,0.0,924.6
SKU00210,66.7119249648595,169.0,149.0,52.0,Electronics & Accessories,3556.85,1985.27,0.0,1.0,High overstock,MARKDOWN / CLEAR,0.0,203069.45
SKU00211,132.8863434840977,0.0,0.0,0.0,Home & Kitchen,1189.16,847.23,1.0,0.0,High stockout,REORDER NOW,39505.78,0.0
SKU00212,78.39667412827674,61.0,46.0,15.0,Home & Kitchen,348.98,210.66,0.0,0.0,Healthy,HEALTHY,0.0,0.0
SKU00213,81.12757213659367,100.0,67.0,25.0,Snacks & Confectionery,115.76,90.28,0.0,0.2297940554241384,Healthy,HEALTHY,0.0,1703.8
SKU00214,63.271965978543534,116.0,146.0,49.0,Home & Kitchen,392.18,307.22,0.0,0.820389313111398,High overstock,MARKDOWN / CLEAR,0.0,16199.11
SKU00215,62.51342985970478,352.0,212.0,68.0,Beverages,102.03,58.8,0.0,1.0,High overstock,MARKDOWN / CLEAR,0.0,17021.81
SKU00216,274.5064358365429,374.0,204.0,71.0,Frozen Foods,678.4,406.14,0.0,0.3611297277370549,Healthy,HEALTHY,0.0,40408.32
SKU00217,71.84246180126563,0.0,0.0,0.0,Home Care,290.33,174.95,1.0,0.0,High stockout,REORDER NOW,5214.51,0.0
SKU00218,63.760964366667125,450.0,284.0,99.0,Dairy & Bakery,229.94,178.86,0.0,1.0,High overstock,MARKDOWN / CLEAR,0.0,69082.71
SKU00219,79.76727984971785,262.0,92.0,29.0,Grocery,141.0,80.3,0.0,1.0,High overstock,MARKDOWN / CLEAR,0.0,14633.29
SKU00220,74.30592272091252,313.0,157.0,46.0,Apparel & Footwear,733.09,540.87,0.0,1.0,High overstock,MARKDOWN / CLEAR,0.0,129102.47
SKU00221,82.92888614171083,304.0,297.0,113.0,Personal Care,578.16,359.57,0.0,1.0,High overstock,MARKDOWN / CLEAR,0.0,79490.54
SKU00222,68.31420007515916,25.0,35.0,16.0,Health & Wellness,492.26,342.42,0.26640071287611056,0.0,Healthy,HEALTHY,3976.75,0.0
SKU00223,64.15306607460454,286.0,129.0,42.0,Personal Care,217.42,129.22,0.0,1.0,High overstock,MARKDOWN / CLEAR,0.0,28667.06
SKU00224,64.42356661482698,554.0,266.0,119.0,Personal Care,161.86,121.66,0.0,1.0,High overstock,MARKDOWN / CLEAR,0.0,59561.87
SKU00225,79.61892854287224,305.0,239.0,88.0,Home & Kitchen,1233.58,885.33,0.0,1.0,High overstock,MARKDOWN / CLEAR,0.0,199536.62
SKU00226,63.86002041835105,365.0,275.0,91.0,Beverages,74.28,41.25,0.0,1.0,High overstock,MARKDOWN / CLEAR,0.0,12422.02
SKU00227,94.52462287691098,374.0,237.0,72.0,Electronics & Accessories,2851.22,1737.2,0.0,1.0,High overstock,MARKDOWN / CLEAR,0.0,485504.63
SKU00228,65.27086854390514,495.0,180.0,62.0,Electronics & Accessories,2956.05,1970.47,0.0,1.0,High overstock,MARKDOWN / CLEAR,0.0,846768.36
SKU00229,62.21573985366448,51.0,21.0,5.0,Personal Care,421.82,288.02,0.0,0.0,Healthy,HEALTHY,0.0,0.0
SKU00230,61.762478436409,163.0,128.0,39.0,Dairy & Bakery,116.56,88.21,0.0,1.0,High overstock,MARKDOWN / CLEAR,0.0,8930.16
SKU00231,78.8452324103888,94.0,86.0,34.0,Grocery,153.98,99.59,0.0,0.18980178442863901,Healthy,HEALTHY,0.0,1509.26
SKU00232,162.97380281357036,260.0,159.0,57.0,Stationery & Office,96.13,75.15,0.0,0.5917176739307763,High overstock,MARKDOWN / CLEAR,0.0,7291.52
SKU00233,75.13328845443402,123.0,200.0,78.0,Stationery & Office,120.84,72.32,0.0,0.6287225012513985,High overstock,MARKDOWN / CLEAR,0.0,3461.72
SKU00234,74.80237714929345,70.0,61.0,21.0,Snacks & Confectionery,100.0,76.44,0.0,0.0,Healthy,HEALTHY,0.0,0.0
SKU00235,70.739457939674,161.0,124.0,46.0,Grocery,159.72,123.95,0.0,1.0,High overstock,MARKDOWN / CLEAR,0.0,11187.79
SKU00236,64.04354776315807,226.0,115.0,34.0,Beverages,104.24,73.66,0.0,1.0,High overstock,MARKDOWN / CLEAR,0.0,11929.71
SKU00237,65.71051202132531,5621.0,1258.0,412.0,Grocery,95.24,75.42,0.0,1.0,High overstock,MARKDOWN / CLEAR,0.0,418979.93
SKU00238,166.1796367898808,96.0,99.0,44.0,Apparel & Footwear,1766.09,1152.63,0.0,0.0,Healthy,HEALTHY,0.0,0.0
SKU00239,63.89470623239201,525.0,220.0,63.0,Home & Kitchen,1079.74,782.62,0.0,1.0,High overstock,MARKDOWN / CLEAR,0.0,360870.23
SKU00240,62.80406592241398,7712.0,1749.0,586.0,Beverages,143.08,79.06,0.0,1.0,High overstock,MARKDOWN / CLEAR,0.0,604745.43
SKU00241,61.335450043739066,141.0,67.0,16.0,Electronics & Accessories,1710.6,1058.3,0.0,1.0,High overstock,MARKDOWN / CLEAR,0.0,84308.99
SKU00242,162.12053978059825,563.0,466.0,150.0,Snacks & Confectionery,218.49,151.11,0.0,1.0,High overstock,MARKDOWN / CLEAR,0.0,60576.9
SKU00243,410.4506430063535,53.0,28.0,8.0,Personal Care,483.9,372.11,0.5251434770652061,0.0,High stockout,REORDER NOW,27878.77,0.0
SKU00244,66.51551502908433,306.0,244.0,94.0,Health & Wellness,750.15,591.29,0.0,1.0,High overstock,MARKDOWN / CLEAR,0.0,141604.78
SKU00245,83.04602301356775,79.0,171.0,48.0,Electronics & Accessories,4025.26,2796.99,0.0,0.0,Healthy,HEALTHY,0.0,0.0
SKU00246,84.84031356424195,128.0,79.0,26.0,Home & Kitchen,1021.22,780.18,0.0,0.5027904098166861,High overstock,MARKDOWN / CLEAR,0.0,33672.32
SKU00247,74.03583168090944,482.0,271.0,92.0,Grocery,240.33,180.2,0.0,1.0,High overstock,MARKDOWN / CLEAR,0.0,73515.14
SKU00248,90.8941008385685,409.0,162.0,53.0,Snacks & Confectionery,56.31,41.86,0.0,1.0,High overstock,MARKDOWN / CLEAR,0.0,13315.91
SKU00249,184.82741976567718,348.0,191.0,67.0,Dairy & Bakery,243.38,140.64,0.0,0.8780866700946425,High overstock,MARKDOWN / CLEAR,0.0,22948.59
SKU00250,74.88692646485451,0.0,0.0,0.0,Dairy & Bakery,322.41,215.9,1.0,0.0,High stockout,REORDER NOW,6036.07,0.0
SKU00251,64.03960974444163,6107.0,1421.0,432.0,Stationery & Office,143.83,96.59,0.0,1.0,High overstock,MARKDOWN / CLEAR,0.0,583689.54
SKU00252,107.41321921622473,363.0,239.0,104.0,Apparel & Footwear,2006.03,1498.23,0.0,1.0,High overstock,MARKDOWN / CLEAR,0.0,382927.78
SKU00253,65.83494854899087,87.0,129.0,49.0,Dairy & Bakery,279.38,194.6,0.0,0.3166764082341574,Healthy,HEALTHY,0.0,4118.72
SKU00254,435.13966286241447,79.0,752.0,249.0,Stationery & Office,105.55,79.69,0.7798123707557969,0.0,High stockout,REORDER NOW,29425.75,0.0
SKU00255,146.44363457837426,92.0,139.0,45.0,Home Care,158.86,125.36,0.0,0.0,Healthy,HEALTHY,0.0,0.0
SKU00256,97.40750283058017,114.0,70.0,18.0,Frozen Foods,772.17,531.77,0.0,0.16861008248513043,Healthy,HEALTHY,0.0,8823.39
SKU00257,64.41560618513913,0.0,0.0,0.0,Home Care,307.75,230.17,1.0,0.0,High stockout,REORDER NOW,4955.98,0.0
SKU00258,65.46512201096392,0.0,0.0,0.0,Beverages,91.98,63.48,1.0,0.0,High stockout,REORDER NOW,1505.37,0.0
SKU00259,75.62967309843218,542.0,220.0,57.0,Stationery & Office,249.48,176.24,0.0,1.0,High overstock,MARKDOWN / CLEAR,0.0,82193.11
SKU00260,133.94892459205354,87.0,85.0,31.0,Grocery,139.74,93.49,0.0,0.0,Healthy,HEALTHY,0.0,0.0
SKU00261,64.69019655683282,0.0,0.0,0.0,Snacks & Confectionery,62.18,49.12,1.0,0.0,High stockout,REORDER NOW,1005.61,0.0
SKU00262,62.14318323272739,3516.0,889.0,306.0,Snacks & Confectionery,170.92,128.94,0.0,1.0,High overstock,MARKDOWN / CLEAR,0.0,445340.3
SKU00263,749.3090100393806,110.0,678.0,249.0,Dairy & Bakery,443.51,327.3,0.7484721124313567,0.0,High stockout,REORDER NOW,144729.4,0.0
SKU00264,956.339640126466,311.0,1155.0,414.0,Beverages,242.74,153.51,0.5245265634014287,0.0,High stockout,REORDER NOW,83037.69,0.0
SKU00265,69.98902553108493,352.0,150.0,54.0,Grocery,246.23,165.31,0.0,1.0,High overstock,MARKDOWN / CLEAR,0.0,46619.23
SKU00266,64.16305047656104,147.0,196.0,84.0,Electronics & Accessories,4319.42,3307.5,0.0,1.0,High overstock,MARKDOWN / CLEAR,0.0,273983.21
SKU00267,66.38887816144333,528.0,369.0,125.0,Stationery & Office,126.55,99.23,0.0,1.0,High overstock,MARKDOWN / CLEAR,0.0,45805.67
SKU00268,68.07971305066344,101.0,68.0,18.0,Beverages,165.9,132.62,0.0,0.4765550621959393,Healthy,HEALTHY,0.0,4365.89
SKU00269,66.85158746859571,158.0,72.0,21.0,Dairy & Bakery,170.73,125.25,0.0,1.0,High overstock,MARKDOWN / CLEAR,0.0,11416.34
SKU00270,122.48231284905324,178.0,60.0,13.0,Frozen Foods,521.54,382.14,0.0,0.44960031821571456,Healthy,HEALTHY,0.0,21215.53
SKU00271,110.95625946712386,0.0,0.0,0.0,Stationery & Office,70.38,40.36,1.0,0.0,High stockout,REORDER NOW,1952.28,0.0
SKU00272,137.02579232346403,46.0,59.0,23.0,Electronics & Accessories,1227.28,905.59,0.21038783661943794,0.0,Healthy,HEALTHY,13814.81,0.0
SKU00273,63.18613066856522,204.0,180.0,63.0,Apparel & Footwear,403.23,256.73,0.0,1.0,High overstock,MARKDOWN / CLEAR,0.0,36151.14
SKU00274,69.34893153662705,79.0,42.0,14.0,Frozen Foods,1066.8,817.34,0.0,0.13718855784395445,Healthy,HEALTHY,0.0,7888.2
SKU00275,90.97572637390515,58.0,142.0,64.0,Home Care,188.3,104.09,0.33898562616594374,0.0,Healthy,HEALTHY,5412.48,0.0
SKU00276,62.79379284346993,215.0,221.0,71.0,Snacks & Confectionery,50.27,39.39,0.0,1.0,High overstock,MARKDOWN / CLEAR,0.0,5995.4
SKU00277,93.94365200478549,90.0,156.0,42.0,Home & Kitchen,585.64,392.95,0.0,0.0,Healthy,HEALTHY,0.0,0.0
SKU00278,324.4591260179362,85.0,52.0,16.0,Apparel & Footwear,1807.84,1052.14,0.13366774407875215,0.0,Healthy,HEALTHY,21901.59,0.0
SKU00279,96.13430846042911,76.0,59.0,13.0,Grocery,109.8,76.89,0.0,0.0,Healthy,HEALTHY,0.0,0.0
SKU00280,133.30716250488715,249.0,133.0,41.0,Electronics & Accessories,469.64,339.55,0.0,0.8614048226274086,High overstock,MARKDOWN / CLEAR,0.0,39283.5
SKU00281,86.26566197181606,0.0,0.0,0.0,Beverages,176.07,131.16,1.0,0.0,High stockout,REORDER NOW,3797.2,0.0
SKU00282,66.96377120646402,0.0,0.0,0.0,Electronics & Accessories,3095.83,2245.91,1.0,0.0,High stockout,REORDER NOW,51827.11,0.0
SKU00283,120.03122353091447,521.0,307.0,109.0,Apparel & Footwear,560.13,385.56,0.0,1.0,High overstock,MARKDOWN / CLEAR,0.0,154597.52
SKU00284,82.19972470573751,0.0,0.0,0.0,Beverages,139.51,79.59,1.0,0.0,High stockout,REORDER NOW,2866.92,0.0
SKU00285,1348.9512944181074,70.0,1032.0,365.0,Home Care,505.67,387.2,0.900460416589644,0.0,High stockout,REORDER NOW,319703.7,0.0
SKU00286,6317.2287681332455,306.0,849.0,345.0,Beverages,64.45,51.29,0.8410643240381633,0.0,High stockout,REORDER NOW,104299.9,0.0
SKU00287,70.77543835159905,191.0,68.0,31.0,Frozen Foods,881.37,656.18,0.0,1.0,High overstock,MARKDOWN / CLEAR,0.0,78888.95
SKU00288,62.36582082483544,379.0,152.0,44.0,Stationery & Office,109.0,60.9,0.0,1.0,High overstock,MARKDOWN / CLEAR,0.0,19283.02
SKU00289,64.42831131838207,292.0,297.0,103.0,Grocery,539.37,398.55,0.0,1.0,High overstock,MARKDOWN / CLEAR,0.0,90698.7
SKU00290,61.438336263602494,0.0,0.0,0.0,Personal Care,235.81,145.59,1.0,0.0,High stockout,REORDER NOW,3621.94,0.0
SKU00291,423.6167894994876,59.0,698.0,254.0,Stationery & Office,190.44,150.55,0.8365217128834981,0.0,High stockout,REORDER NOW,57304.2,0.0
SKU00292,69.56898605708872,263.0,136.0,37.0,Dairy & Bakery,210.98,119.39,0.0,1.0,High overstock,MARKDOWN / CLEAR,0.0,23093.73
SKU00293,133.89188211767586,156.0,178.0,86.0,Beverages,132.02,75.66,0.0,0.16389509535523894,Healthy,HEALTHY,0.0,1672.7
SKU00294,81.96142126206688,253.0,203.0,84.0,Home Care,235.02,139.92,0.0,1.0,High overstock,MARKDOWN / CLEAR,0.0,23931.72
SKU00295,66.15271975935502,250.0,269.0,113.0,Frozen Foods,1026.78,758.06,0.0,1.0,High overstock,MARKDOWN / CLEAR,0.0,139367.27
SKU00296,146.7456222665533,487.0,174.0,72.0,Health & Wellness,685.29,488.51,0.0,1.0,High overstock,MARKDOWN / CLEAR,0.0,166217.67
SKU00297,85.55327476186336,0.0,0.0,0.0,Dairy & Bakery,172.52,126.25,1.0,0.0,High stockout,REORDER NOW,3689.91,0.0
SKU00298,132.50820709240705,388.0,330.0,110.0,Stationery & Office,383.06,244.57,0.0,1.0,High overstock,MARKDOWN / CLEAR,0.0,62485.63
SKU00299,77.64985621939492,115.0,57.0,21.0,Frozen Foods,842.06,648.3,0.0,0.4748914438751968,Healthy,HEALTHY,0.0,24214.1
SKU00300,64.23140358970929,0.0,0.0,0.0,Dairy & Bakery,100.55,66.52,1.0,0.0,High stockout,REORDER NOW,1614.62,0.0
SKU00301,61.07404113314002,233.0,113.0,30.0,Stationery & Office,316.89,184.91,0.0,1.0,High overstock,MARKDOWN / CLEAR,0.0,31790.83
SKU00302,62.58872445374671,331.0,234.0,69.0,Stationery & Office,299.91,222.49,0.0,1.0,High overstock,MARKDOWN / CLEAR,0.0,59718.82
SKU00303,62.15491796354759,115.0,53.0,20.0,Home Care,257.35,175.61,0.0,0.8367532369680867,High overstock,MARKDOWN / CLEAR,0.0,9280.12
SKU00304,65.75025961210372,31.0,21.0,5.0,Grocery,377.93,263.93,0.0,0.0,Healthy,HEALTHY,0.0,0.0
SKU00305,63.18018111055453,6489.0,1499.0,466.0,Health & Wellness,493.11,318.69,0.0,1.0,High overstock,MARKDOWN / CLEAR,0.0,2047844.52
SKU00306,79.60831902464525,201.0,217.0,64.0,Frozen Foods,300.86,218.93,0.0,1.0,High overstock,MARKDOWN / CLEAR,0.0,26576.28
SKU00307,63.101685670449484,262.0,131.0,48.0,Beverages,209.82,117.27,0.0,1.0,High overstock,MARKDOWN / CLEAR,0.0,23324.81
SKU00308,64.07796869310846,328.0,231.0,57.0,Health & Wellness,341.35,229.66,0.0,1.0,High overstock,MARKDOWN / CLEAR,0.0,60612.33
SKU00309,66.33860867944985,219.0,124.0,40.0,Home & Kitchen,1579.63,1037.48,0.0,1.0,High overstock,MARKDOWN / CLEAR,0.0,158383.14
SKU00310,208.17227661649247,223.0,125.0,36.0,Beverages,77.52,57.1,0.0,0.07088761294448913,Healthy,HEALTHY,0.0,846.66
SKU00311,112.25956436733594,87.0,53.0,12.0,Electronics & Accessories,2295.88,1415.33,0.0,0.0,Healthy,HEALTHY,0.0,0.0
SKU00312,90.03119617653677,257.0,183.0,73.0,Beverages,61.56,37.45,0.0,1.0,High overstock,MARKDOWN / CLEAR,0.0,6252.98
SKU00313,260.1122559181258,350.0,284.0,102.0,Electronics & Accessories,878.76,553.58,0.0,0.3442494254657251,Healthy,HEALTHY,0.0,49760.06
SKU00314,61.477457190306026,25.0,60.0,26.0,Home Care,407.17,272.86,0.4099510244143555,0.0,Healthy,HEALTHY,6665.11,0.0
SKU00315,68.49444413800862,299.0,119.0,50.0,Grocery,384.54,231.67,0.0,1.0,High overstock,MARKDOWN / CLEAR,0.0,53401.22
SKU00316,77.63991922269194,276.0,205.0,65.0,Stationery & Office,126.16,90.97,0.0,1.0,High overstock,MARKDOWN / CLEAR,0.0,18044.82
SKU00317,61.32479249197206,5501.0,1296.0,472.0,Beverages,110.59,69.99,0.0,1.0,High overstock,MARKDOWN / CLEAR,0.0,380722.87
SKU00318,61.345862086982194,333.0,188.0,68.0,Health & Wellness,826.51,541.68,0.0,1.0,High overstock,MARKDOWN / CLEAR,0.0,147149.61
SKU00319,96.4283362959645,583.0,330.0,103.0,Snacks & Confectionery,129.05,88.97,0.0,1.0,High overstock,MARKDOWN / CLEAR,0.0,43290.28
SKU00320,65.85911990141133,53.0,98.0,48.0,Stationery & Office,136.66,88.04,0.19040436674568761,0.0,Healthy,HEALTHY,1566.78,0.0
SKU00321,68.12358026719288,110.0,54.0,18.0,Electronics & Accessories,736.71,534.34,0.0,0.6058195997796474,High overstock,MARKDOWN / CLEAR,0.0,22376.25
SKU00322,62.26650042285928,95.0,73.0,26.0,Apparel & Footwear,358.99,256.34,0.0,0.5173907100654731,High overstock,MARKDOWN / CLEAR,0.0,8390.91
SKU00323,94.18984567676176,256.0,193.0,56.0,Home Care,270.82,200.19,0.0,1.0,High overstock,MARKDOWN / CLEAR,0.0,32392.77
SKU00324,90.74658235398245,419.0,212.0,81.0,Home Care,498.27,339.2,0.0,1.0,High overstock,MARKDOWN / CLEAR,0.0,111343.56
SKU00325,149.5286280509414,92.0,69.0,27.0,Health & Wellness,631.5,405.33,0.0,0.0,Healthy,HEALTHY,0.0,0.0
SKU00326,129.47351197583873,162.0,75.0,23.0,Apparel & Footwear,1341.29,805.15,0.0,0.24929571935018172,Healthy,HEALTHY,0.0,26188.7
SKU00327,67.62104811754027,385.0,202.0,68.0,Home & Kitchen,465.24,306.7,0.0,1.0,High overstock,MARKDOWN / CLEAR,0.0,97340.12
SKU00328,434.0605313670299,72.0,1081.0,401.0,Grocery,204.97,157.47,0.8589659828510556,0.0,High stockout,REORDER NOW,89677.48,0.0
SKU00329,91.3495817473903,0.0,0.0,0.0,Health & Wellness,1198.32,695.33,1.0,0.0,High stockout,REORDER NOW,27366.51,0.0
SKU00330,61.16042818841761,4595.0,983.0,341.0,Beverages,87.32,52.73,0.0,1.0,High overstock,MARKDOWN / CLEAR,0.0,239069.36
SKU00331,62.37423555168493,7350.0,1598.0,537.0,Dairy & Bakery,150.41,107.74,0.0,1.0,High overstock,MARKDOWN / CLEAR,0.0,785168.8
SKU00332,109.19723623385785,105.0,62.0,21.0,Apparel & Footwear,1670.05,1158.58,0.0,0.0,Healthy,HEALTHY,0.0,0.0
SKU00333,157.41658268992086,574.0,329.0,109.0,Dairy & Bakery,61.52,47.93,0.0,1.0,High overstock,MARKDOWN / CLEAR,0.0,19966.84
SKU00334,68.9226995401339,217.0,155.0,45.0,Apparel & Footwear,1477.45,823.32,0.0,1.0,High overstock,MARKDOWN / CLEAR,0.0,121915.0
SKU00335,62.70203424613752,287.0,183.0,57.0,Home Care,268.31,206.5,0.0,1.0,High overstock,MARKDOWN / CLEAR,0.0,46317.53
SKU00336,81.66645683234111,318.0,139.0,66.0,Snacks & Confectionery,53.08,38.82,0.0,1.0,High overstock,MARKDOWN / CLEAR,0.0,9174.47
SKU00337,96.06073099871648,265.0,178.0,54.0,Personal Care,376.07,279.75,0.0,1.0,High overstock,MARKDOWN / CLEAR,0.0,47260.76
SKU00338,83.28725642735442,116.0,202.0,90.0,Frozen Foods,741.21,477.83,0.0,0.3881101955292621,Healthy,HEALTHY,0.0,15631.13
SKU00339,88.73148139021944,311.0,176.0,76.0,Apparel & Footwear,1884.44,1181.23,0.0,1.0,High overstock,MARKDOWN / CLEAR,0.0,262550.24
SKU00340,66.817019934391,167.0,118.0,43.0,Health & Wellness,234.66,129.91,0.0,1.0,High overstock,MARKDOWN / CLEAR,0.0,13014.77
SKU00341,63.8772584914483,0.0,0.0,0.0,Stationery & Office,95.64,71.43,1.0,0.0,High stockout,REORDER NOW,1527.31,0.0
SKU00342,69.26479814417186,4535.0,1075.0,381.0,Home & Kitchen,229.07,135.24,0.0,1.0,High overstock,MARKDOWN / CLEAR,0.0,603946.03
SKU00343,99.9634381304261,300.0,138.0,43.0,Apparel & Footwear,2593.67,1573.14,0.0,1.0,High overstock,MARKDOWN / CLEAR,0.0,314685.52
SKU00344,63.03521374380923,435.0,172.0,57.0,Health & Wellness,608.7,376.87,0.0,1.0,High overstock,MARKDOWN / CLEAR,0.0,140182.37
SKU00345,65.64630750706836,0.0,0.0,0.0,Dairy & Bakery,289.92,222.49,1.0,0.0,High stockout,REORDER NOW,4758.04,0.0
SKU00346,64.40053479929654,74.0,153.0,47.0,Personal Care,379.17,235.83,0.0,0.14677961319678257,Healthy,HEALTHY,0.0,2263.84
SKU00347,66.54107845162088,234.0,236.0,77.0,Beverages,154.46,101.39,0.0,1.0,High overstock,MARKDOWN / CLEAR,0.0,16978.66
SKU00348,71.16899698941309,79.0,85.0,31.0,Personal Care,686.28,505.68,0.0,0.10850923994046487,Healthy,HEALTHY,0.0,3959.98
SKU00349,79.66654190820408,133.0,215.0,73.0,Stationery & Office,240.42,185.86,0.0,0.6611595939303766,High overstock,MARKDOWN / CLEAR,0.0,9912.56
SKU00350,61.688539243541406,5108.0,1166.0,403.0,Home Care,492.43,368.24,0.0,1.0,High overstock,MARKDOWN / CLEAR,0.0,1858253.73
SKU00351,61.83220150888924,317.0,320.0,117.0,Beverages,113.72,77.77,0.0,1.0,High overstock,MARKDOWN / CLEAR,0.0,19844.4
SKU00352,66.64682075991502,0.0,0.0,0.0,Health & Wellness,816.17,449.34,1.0,0.0,High stockout,REORDER NOW,13598.78,0.0
SKU00353,76.74021888343583,120.0,129.0,53.0,Stationery & Office,69.57,41.01,0.0,0.5564659032080699,High overstock,MARKDOWN / CLEAR,0.0,1774.08
SKU00354,65.09911094183492,6648.0,1492.0,524.0,Home & Kitchen,1108.74,680.1,0.0,1.0,High overstock,MARKDOWN / CLEAR,0.0,4477030.89
SKU00355,63.38867420386792,7523.0,1698.0,571.0,Dairy & Bakery,144.21,94.23,0.0,1.0,High overstock,MARKDOWN / CLEAR,0.0,702919.18
SKU00356,74.2614409290448,221.0,78.0,26.0,Home Care,335.1,214.65,0.0,1.0,High overstock,MARKDOWN / CLEAR,0.0,31497.43
SKU00357,93.23281629337013,299.0,178.0,62.0,Frozen Foods,395.07,268.1,0.0,1.0,High overstock,MARKDOWN / CLEAR,0.0,55166.18
SKU00358,91.1899893294985,115.0,41.0,11.0,Snacks & Confectionery,165.98,108.39,0.0,0.2582711077815787,Healthy,HEALTHY,0.0,2580.77
SKU00359,124.30203729281645,0.0,0.0,0.0,Dairy & Bakery,210.99,154.34,1.0,0.0,High stockout,REORDER NOW,6556.62,0.0
SKU00360,87.47177669757154,257.0,189.0,55.0,Snacks & Confectionery,86.25,48.56,0.0,1.0,High overstock,MARKDOWN / CLEAR,0.0,8232.29
SKU00361,114.16794015286007,303.0,239.0,81.0,Stationery & Office,150.12,119.9,0.0,1.0,High overstock,MARKDOWN / CLEAR,0.0,22640.96
SKU00362,62.413131215419554,0.0,0.0,0.0,Electronics & Accessories,1778.33,1352.89,1.0,0.0,High stockout,REORDER NOW,27747.79,0.0
SKU00363,464.20436838746696,0.0,754.0,247.0,Home & Kitchen,1103.75,699.49,1.0,0.0,High stockout,REORDER NOW,400717.64,0.0
SKU00364,67.69871072379277,339.0,161.0,50.0,Apparel & Footwear,2618.33,1699.82,0.0,1.0,High overstock,MARKDOWN / CLEAR,0.0,461163.36
SKU00365,199.67231470597324,155.0,117.0,31.0,Stationery & Office,78.0,61.69,0.0,0.0,Healthy,HEALTHY,0.0,0.0
SKU00366,84.45891560908821,47.0,76.0,22.0,Beverages,197.31,154.68,0.0,0.0,Healthy,HEALTHY,0.0,0.0
SKU00367,80.06961850695156,774.0,348.0,153.0,Home & Kitchen,1853.07,1201.33,0.0,1.0,High overstock,MARKDOWN / CLEAR,0.0,833639.39
SKU00368,104.34406617044107,186.0,170.0,60.0,Grocery,255.9,144.56,0.0,0.7751355799902768,High overstock,MARKDOWN / CLEAR,0.0,11804.18
SKU00369,435.7075353634251,54.0,873.0,261.0,Home Care,368.93,294.03,0.8544187484044204,0.0,High stockout,REORDER NOW,116554.91,0.0
SKU00370,62.10958487195722,0.0,0.0,0.0,Health & Wellness,680.89,485.77,1.0,0.0,High stockout,REORDER NOW,10572.45,0.0
SKU00371,67.19532126494263,6045.0,1388.0,474.0,Personal Care,515.75,373.02,0.0,1.0,High overstock,MARKDOWN / CLEAR,0.0,2229840.7
SKU00372,106.85369769057739,57.0,68.0,22.0,Beverages,44.47,27.51,0.0,0.0,Healthy,HEALTHY,0.0,0.0
SKU00373,184.87170501410017,133.0,66.0,28.0,Snacks & Confectionery,84.32,63.63,0.0,0.0,Healthy,HEALTHY,0.0,0.0
SKU00374,73.71966154259904,69.0,118.0,28.0,Apparel & Footwear,1189.97,820.33,0.0,0.0,Healthy,HEALTHY,0.0,0.0
SKU00375,64.0588197628424,255.0,218.0,80.0,Dairy & Bakery,115.0,76.77,0.0,1.0,High overstock,MARKDOWN / CLEAR,0.0,14658.55
SKU00376,699.9380707278201,76.0,972.0,313.0,Dairy & Bakery,207.45,152.54,0.844575856183995,0.0,High stockout,REORDER NOW,85466.19,0.0
SKU00377,77.17954764868347,557.0,250.0,78.0,Stationery & Office,209.39,134.63,0.0,1.0,High overstock,MARKDOWN / CLEAR,0.0,64598.23
SKU00378,121.36864339920176,94.0,176.0,47.0,Beverages,224.48,147.56,0.0,0.0,Healthy,HEALTHY,0.0,0.0
SKU00379,74.94435666746372,75.0,43.0,10.0,Home & Kitchen,1000.76,713.62,0.0,0.0007326855473925737,Healthy,HEALTHY,0.0,39.71
SKU00380,67.6133135171353,222.0,158.0,55.0,Stationery & Office,293.11,208.08,0.0,1.0,High overstock,MARKDOWN / CLEAR,0.0,32124.78
SKU00381,65.82307273686655,214.0,226.0,82.0,Health & Wellness,879.76,697.47,0.0,1.0,High overstock,MARKDOWN / CLEAR,0.0,103348.96
SKU00382,61.89362781761117,346.0,146.0,49.0,Beverages,104.56,72.22,0.0,1.0,High overstock,MARKDOWN / CLEAR,0.0,20518.16
SKU00383,182.14959570686491,181.0,83.0,39.0,Beverages,124.69,78.59,0.0,0.0,Healthy,HEALTHY,0.0,0.0
SKU00384,62.82732644211666,186.0,68.0,25.0,Dairy & Bakery,190.85,118.68,0.0,1.0,High overstock,MARKDOWN / CLEAR,0.0,14618.13
SKU00385,67.74399602926249,5255.0,1209.0,404.0,Frozen Foods,380.41,260.01,0.0,1.0,High overstock,MARKDOWN / CLEAR,0.0,1348738.43
SKU00386,62.81391003631204,41.0,132.0,51.0,Beverages,139.48,80.88,0.3944181080727719,0.0,Healthy,HEALTHY,3585.12,0.0
SKU00387,258.0108533564033,89.0,43.0,9.0,Home Care,632.96,441.19,0.0,0.0,Healthy,HEALTHY,0.0,0.0
SKU00388,403.0636623111584,14.0,40.0,11.0,Beverages,63.62,41.2,0.8758490105075913,0.0,High stockout,REORDER NOW,6219.87,0.0
SKU00389,63.01807487554572,7439.0,1697.0,593.0,Frozen Foods,644.49,411.18,0.0,1.0,High overstock,MARKDOWN / CLEAR,0.0,3032856.25
SKU00390,76.47056890903019,73.0,36.0,8.0,Grocery,437.62,261.75,0.0,0.0,Healthy,HEALTHY,0.0,0.0
SKU00391,140.4759318655753,538.0,250.0,71.0,Electronics & Accessories,1207.83,813.9,0.0,1.0,High overstock,MARKDOWN / CLEAR,0.0,323544.84
SKU00392,75.76312089097591,0.0,0.0,0.0,Grocery,495.32,277.09,1.0,0.0,High stockout,REORDER NOW,9381.75,0.0
SKU00393,141.41168872878197,340.0,188.0,77.0,Snacks & Confectionery,88.75,62.28,0.0,1.0,High overstock,MARKDOWN / CLEAR,0.0,12368.08
SKU00394,85.00160175015084,70.0,51.0,15.0,Snacks & Confectionery,102.95,63.97,0.0,0.0,Healthy,HEALTHY,0.0,0.0
SKU00395,63.05751844844691,144.0,128.0,41.0,Apparel & Footwear,1103.12,856.32,0.0,1.0,High overstock,MARKDOWN / CLEAR,0.0,69312.67
SKU00396,199.17599924181934,111.0,45.0,16.0,Grocery,394.96,269.2,0.0,0.0,Healthy,HEALTHY,0.0,0.0
SKU00397,95.2160433603109,355.0,160.0,60.0,Home Care,120.96,90.13,0.0,1.0,High overstock,MARKDOWN / CLEAR,0.0,23414.33
SKU00398,120.70881832877635,179.0,92.0,37.0,Health & Wellness,522.36,398.45,0.0,0.47893967316122993,Healthy,HEALTHY,0.0,23226.12
SKU00399,86.63480343164386,0.0,0.0,0.0,Frozen Foods,499.36,384.38,1.0,0.0,High stockout,REORDER NOW,10815.49,0.0
SKU00400,185.52474906444044,300.0,144.0,54.0,Electronics & Accessories,1799.17,1381.15,0.0,0.6137268727594467,High overstock,MARKDOWN / CLEAR,0.0,158107.49
SKU00401,65.01368391920802,6600.0,1434.0,489.0,Apparel & Footwear,1129.62,684.96,0.0,1.0,High overstock,MARKDOWN / CLEAR,0.0,4476204.23
SKU00402,65.02567094964542,199.0,172.0,56.0,Personal Care,723.68,452.9,0.0,1.0,High overstock,MARKDOWN / CLEAR,0.0,60676.97
SKU00403,73.17721808600152,371.0,259.0,96.0,Apparel & Footwear,878.1,638.37,0.0,1.0,High overstock,MARKDOWN / CLEAR,0.0,190121.13
SKU00404,339.7879581565472,131.0,92.0,45.0,Dairy & Bakery,230.08,157.47,0.0,0.0,Healthy,HEALTHY,0.0,0.0
SKU00405,212.36971768143562,326.0,221.0,74.0,Stationery & Office,125.94,88.45,0.0,0.5325511209056207,High overstock,MARKDOWN / CLEAR,0.0,10050.6
SKU00406,167.7526960525275,0.0,0.0,0.0,Frozen Foods,373.11,268.43,1.0,0.0,High stockout,REORDER NOW,15647.55,0.0
SKU00407,69.4839460740479,248.0,165.0,46.0,Electronics & Accessories,2769.83,1602.52,0.0,1.0,High overstock,MARKDOWN / CLEAR,0.0,286075.55
SKU00408,94.0427848965062,246.0,147.0,40.0,Home & Kitchen,1499.98,888.1,0.0,1.0,High overstock,MARKDOWN / CLEAR,0.0,134953.2
SKU00409,103.21700227433277,166.0,129.0,48.0,Apparel & Footwear,1557.01,1104.63,0.0,0.6024256729281287,High overstock,MARKDOWN / CLEAR,0.0,69351.98
SKU00410,117.12542141810563,64.0,148.0,65.0,Home & Kitchen,1081.09,763.62,0.328305104793415,0.0,Healthy,HEALTHY,32736.87,0.0
SKU00411,150.32825410300245,502.0,280.0,82.0,Frozen Foods,239.07,180.34,0.0,1.0,High overstock,MARKDOWN / CLEAR,0.0,63420.48
SKU00412,138.9108899700616,0.0,0.0,0.0,Grocery,627.15,453.71,1.0,0.0,High stockout,REORDER NOW,21779.49,0.0
SKU00413,68.81288330385208,84.0,73.0,31.0,Home Care,173.64,104.52,0.0,0.2175403160194351,Healthy,HEALTHY,0.0,1587.36
SKU00414,66.19326850143602,81.0,53.0,12.0,Snacks & Confectionery,47.09,26.72,0.0,0.22036034008745287,Healthy,HEALTHY,0.0,395.64
SKU00415,93.01350574710605,227.0,145.0,42.0,Home & Kitchen,1769.39,1146.13,0.0,1.0,High overstock,MARKDOWN / CLEAR,0.0,153565.94
SKU00416,471.2829820488671,0.0,971.0,378.0,Snacks & Confectionery,75.12,48.29,1.0,0.0,High stockout,REORDER NOW,37246.05,0.0
SKU00417,62.743985476557654,122.0,85.0,17.0,Snacks & Confectionery,40.43,29.99,0.0,0.9295938131329144,High overstock,MARKDOWN / CLEAR,0.0,1777.09
SKU00418,112.50551327438603,409.0,178.0,61.0,Snacks & Confectionery,55.14,39.58,0.0,1.0,High overstock,MARKDOWN / CLEAR,0.0,11735.25
SKU00419,65.13795424741821,143.0,106.0,37.0,Health & Wellness,509.64,391.43,0.0,1.0,High overstock,MARKDOWN / CLEAR,0.0,30477.54
SKU00420,99.1587521564857,358.0,224.0,92.0,Frozen Foods,438.73,296.61,0.0,1.0,High overstock,MARKDOWN / CLEAR,0.0,76774.9
SKU00421,69.7207877914274,4911.0,1285.0,442.0,Stationery & Office,52.21,32.48,0.0,1.0,High overstock,MARKDOWN / CLEAR,0.0,157244.75
SKU00422,332.4977415051182,0.0,0.0,0.0,Personal Care,276.63,187.02,1.0,0.0,High stockout,REORDER NOW,22994.71,0.0
SKU00423,68.81710176053413,173.0,179.0,46.0,Dairy & Bakery,109.08,65.87,0.0,1.0,High overstock,MARKDOWN / CLEAR,0.0,6862.53
SKU00424,61.39925719548546,93.0,117.0,39.0,Grocery,389.99,220.4,0.0,0.5064281888086455,High overstock,MARKDOWN / CLEAR,0.0,6964.8
SKU00425,75.11241940840026,0.0,0.0,0.0,Grocery,209.07,141.11,1.0,0.0,High stockout,REORDER NOW,3925.94,0.0
SKU00426,361.7210285873039,215.0,263.0,83.0,Personal Care,605.61,395.71,0.0,0.0,Healthy,HEALTHY,0.0,0.0
SKU00427,73.91153262559249,73.0,148.0,44.0,Stationery & Office,290.82,162.29,0.0,0.0,Healthy,HEALTHY,0.0,0.0
SKU00428,86.34687538812246,367.0,210.0,82.0,Frozen Foods,754.79,551.24,0.0,1.0,High overstock,MARKDOWN / CLEAR,0.0,154707.23
SKU00429,249.55854019965565,84.0,52.0,11.0,Home & Kitchen,582.88,414.48,0.0,0.0,Healthy,HEALTHY,0.0,0.0
SKU00430,68.59071565519217,90.0,137.0,45.0,Beverages,146.59,83.33,0.0,0.3076456987579561,Healthy,HEALTHY,0.0,1784.04
SKU00431,61.86661036544665,52.0,53.0,12.0,Beverages,123.61,89.93,0.0,0.0,Healthy,HEALTHY,0.0,0.0
SKU00432,249.0710295479777,425.0,176.0,57.0,Home & Kitchen,1977.65,1128.66,0.0,0.7035160001141564,High overstock,MARKDOWN / CLEAR,0.0,198563.99
SKU00433,63.15043067432171,0.0,0.0,0.0,Beverages,147.9,100.49,1.0,0.0,High stockout,REORDER NOW,2334.99,0.0
SKU00434,76.78777622973293,114.0,54.0,16.0,Grocery,206.78,145.9,0.0,0.4783813803902443,Healthy,HEALTHY,0.0,5429.26
SKU00435,61.30617541238502,0.0,0.0,0.0,Personal Care,384.45,259.41,1.0,0.0,High stockout,REORDER NOW,5892.29,0.0
SKU00436,100.61619717220843,77.0,128.0,38.0,Stationery & Office,146.23,107.75,0.0,0.0,Healthy,HEALTHY,0.0,0.0
SKU00437,62.80370224978664,116.0,151.0,49.0,Electronics & Accessories,509.53,329.36,0.0,0.8337493887416424,High overstock,MARKDOWN / CLEAR,0.0,17520.73
SKU00438,63.966972149068546,447.0,216.0,103.0,Beverages,90.72,54.73,0.0,1.0,High overstock,MARKDOWN / CLEAR,0.0,20963.4
SKU00439,67.90857532075174,236.0,135.0,40.0,Home & Kitchen,786.51,528.22,0.0,1.0,High overstock,MARKDOWN / CLEAR,0.0,88789.25
SKU00440,100.09525587221016,100.0,113.0,37.0,Home & Kitchen,398.41,253.21,0.0,0.0,Healthy,HEALTHY,0.0,0.0
SKU00441,61.98848537002512,191.0,77.0,37.0,Apparel & Footwear,2730.45,1605.01,0.0,1.0,High overstock,MARKDOWN / CLEAR,0.0,207064.77
SKU00442,97.41868211443548,368.0,154.0,35.0,Home & Kitchen,1105.86,738.46,0.0,1.0,High overstock,MARKDOWN / CLEAR,0.0,199813.48
SKU00443,139.5603049335877,326.0,157.0,57.0,Snacks & Confectionery,89.0,53.43,0.0,1.0,High overstock,MARKDOWN / CLEAR,0.0,9961.47
SKU00444,87.90307037380857,124.0,69.0,29.0,Stationery & Office,165.41,110.42,0.0,0.4060256802652096,Healthy,HEALTHY,0.0,3985.82
SKU00445,411.77243525894914,142.0,884.0,342.0,Dairy & Bakery,87.15,60.84,0.681573731731344,0.0,High stockout,REORDER NOW,26401.49,0.0
SKU00446,94.56003467462686,274.0,178.0,47.0,Apparel & Footwear,2586.83,1928.61,0.0,1.0,High overstock,MARKDOWN / CLEAR,0.0,346069.71
SKU00447,103.75739440776485,0.0,0.0,0.0,Frozen Foods,198.19,151.28,1.0,0.0,High stockout,REORDER NOW,5140.92,0.0
SKU00448,66.63646754862431,257.0,94.0,33.0,Apparel & Footwear,1318.48,945.4,0.0,1.0,High overstock,MARKDOWN / CLEAR,0.0,179969.68
SKU00449,63.72685583629748,4968.0,1264.0,520.0,Health & Wellness,1254.12,969.92,0.0,1.0,High overstock,MARKDOWN / CLEAR,0.0,4756752.61
SKU00450,95.67927446364277,146.0,224.0,94.0,Health & Wellness,828.83,571.43,0.0,0.5204913443499295,High overstock,MARKDOWN / CLEAR,0.0,28754.77
SKU00451,104.04860357078809,208.0,83.0,39.0,Health & Wellness,1079.22,785.25,0.0,0.989555242961066,High overstock,MARKDOWN / CLEAR,0.0,81627.83
SKU00452,68.06448805357144,272.0,155.0,57.0,Apparel & Footwear,957.94,711.36,0.0,1.0,High overstock,MARKDOWN / CLEAR,0.0,145071.57
SKU00453,69.92892301294825,98.0,104.0,26.0,Electronics & Accessories,382.55,289.29,0.0,0.3957634741179887,Healthy,HEALTHY,0.0,8120.68
SKU00454,245.6441994622886,527.0,231.0,76.0,Beverages,79.58,58.73,0.0,1.0,High overstock,MARKDOWN / CLEAR,0.0,16524.03
SKU00455,66.57004135157939,60.0,36.0,17.0,Apparel & Footwear,1343.21,1041.8,0.0,0.0,Healthy,HEALTHY,0.0,0.0
SKU00456,112.18218315596464,1.0,22.0,10.0,Frozen Foods,291.76,194.96,0.9743888840636479,0.0,High stockout,REORDER NOW,10808.41,0.0
SKU00457,96.90345153877354,171.0,214.0,84.0,Dairy & Bakery,265.45,209.27,0.0,0.7568328521276022,High overstock,MARKDOWN / CLEAR,0.0,15506.18
SKU00458,149.28639998691216,140.0,162.0,68.0,Frozen Foods,452.69,294.28,0.0,0.0,Healthy,HEALTHY,0.0,0.0
SKU00459,69.96351635530036,0.0,0.0,0.0,Stationery & Office,147.1,83.49,1.0,0.0,High stockout,REORDER NOW,2572.91,0.0
SKU00460,107.6508797334303,125.0,100.0,20.0,Home & Kitchen,1558.84,928.33,0.0,0.15967767871861627,Healthy,HEALTHY,0.0,16105.71
SKU00461,61.15598120536103,340.0,156.0,46.0,Home & Kitchen,695.12,479.33,0.0,1.0,High overstock,MARKDOWN / CLEAR,0.0,133658.3
SKU00462,60.99606388486317,3771.0,898.0,317.0,Home Care,241.55,133.73,0.0,1.0,High overstock,MARKDOWN / CLEAR,0.0,496138.83
SKU00463,68.46765112818005,53.0,33.0,12.0,Apparel & Footwear,1727.58,1018.15,0.0,0.0,Healthy,HEALTHY,0.0,0.0
SKU00464,88.02176865930052,95.0,35.0,10.0,Personal Care,443.86,285.63,0.0,0.07838792068270632,Healthy,HEALTHY,0.0,1993.19
SKU00465,117.08122070314995,41.0,22.0,7.0,Electronics & Accessories,1563.0,1103.59,0.0,0.0,Healthy,HEALTHY,0.0,0.0
SKU00466,61.75255464684203,3868.0,873.0,308.0,Health & Wellness,1233.12,729.25,0.0,1.0,High overstock,MARKDOWN / CLEAR,0.0,2775705.95
SKU00467,121.53930509145285,63.0,28.0,12.0,Snacks & Confectionery,90.38,62.7,0.0,0.0,Healthy,HEALTHY,0.0,0.0
SKU00468,67.46184546102879,0.0,0.0,0.0,Dairy & Bakery,100.74,72.11,1.0,0.0,High stockout,REORDER NOW,1699.03,0.0
SKU00469,108.91468777624578,223.0,147.0,66.0,Grocery,152.95,113.32,0.0,1.0,High overstock,MARKDOWN / CLEAR,0.0,12928.15
SKU00470,66.60760793464776,0.0,0.0,0.0,Beverages,50.55,36.15,1.0,0.0,High stockout,REORDER NOW,841.75,0.0
SKU00471,92.53529266265949,13.0,43.0,16.0,Home Care,344.74,211.16,0.6760836876582017,0.0,High stockout,REORDER NOW,9009.37,0.0
SKU00472,65.85998038377548,72.0,76.0,31.0,Home Care,342.83,274.04,0.0,0.09183400265720813,Healthy,HEALTHY,0.0,1682.61
SKU00473,79.36148265690885,73.0,35.0,16.0,Beverages,111.63,86.19,0.0,0.0,Healthy,HEALTHY,0.0,0.0
SKU00474,74.43573978084763,102.0,123.0,50.0,Home Care,102.76,66.11,0.0,0.36540054222614865,Healthy,HEALTHY,0.0,1822.27
SKU00475,175.09706860553487,48.0,23.0,8.0,Health & Wellness,685.08,381.79,0.09046581618440419,0.0,Healthy,HEALTHY,2585.67,0.0
SKU00476,93.83973962204614,428.0,151.0,61.0,Snacks & Confectionery,206.08,140.58,0.0,1.0,High overstock,MARKDOWN / CLEAR,0.0,46976.25
SKU00477,129.43034795592735,217.0,81.0,25.0,Personal Care,131.43,100.71,0.0,0.6713901589349636,High overstock,MARKDOWN / CLEAR,0.0,8819.14
SKU00478,125.69260796163859,157.0,145.0,63.0,Personal Care,449.91,339.9,0.0,0.24711301268532587,Healthy,HEALTHY,0.0,10641.38
SKU00479,103.60532669291824,57.0,22.0,5.0,Frozen Foods,660.82,511.73,0.0,0.0,Healthy,HEALTHY,0.0,0.0
SKU00480,79.63015894541508,47.0,42.0,13.0,Personal Care,217.56,172.39,0.0,0.0,Healthy,HEALTHY,0.0,0.0
SKU00481,65.24161697244107,0.0,37.0,11.0,Electronics & Accessories,1346.77,980.79,1.0,0.0,High stockout,REORDER NOW,36780.83,0.0
SKU00482,132.7041593501376,14.0,22.0,5.0,Dairy & Bakery,212.18,125.31,0.6426387134059768,0.0,High stockout,REORDER NOW,5129.67,0.0
SKU00483,64.79156182803197,0.0,0.0,0.0,Home Care,180.8,101.09,1.0,0.0,High stockout,REORDER NOW,2928.58,0.0
SKU00484,493.72859997400093,46.0,717.0,229.0,Personal Care,179.04,105.25,0.869847720415797,0.0,High stockout,REORDER NOW,54863.61,0.0
SKU00485,85.43199948816923,174.0,69.0,21.0,Snacks & Confectionery,50.23,30.15,0.0,1.0,High overstock,MARKDOWN / CLEAR,0.0,2670.33
SKU00486,107.33758575011292,212.0,80.0,23.0,Electronics & Accessories,2425.84,1371.44,0.0,0.9660766715929701,High overstock,MARKDOWN / CLEAR,0.0,143538.22
SKU00487,123.11155048859281,199.0,156.0,49.0,Snacks & Confectionery,209.96,139.28,0.0,0.6114535610316314,High overstock,MARKDOWN / CLEAR,0.0,10569.74
SKU00488,75.70978779853672,334.0,234.0,86.0,Dairy & Bakery,289.84,216.21,0.0,1.0,High overstock,MARKDOWN / CLEAR,0.0,55844.93
SKU00489,66.02246803289594,82.0,64.0,20.0,Apparel & Footwear,1823.85,1005.06,0.0,0.23839068354304663,Healthy,HEALTHY,0.0,16058.38
SKU00490,66.69526938844656,369.0,229.0,81.0,Stationery & Office,240.88,180.88,0.0,1.0,High overstock,MARKDOWN / CLEAR,0.0,54680.88
SKU00491,65.64390997565673,393.0,269.0,58.0,Electronics & Accessories,801.0,625.84,0.0,1.0,High overstock,MARKDOWN / CLEAR,0.0,204872.54
SKU00492,62.44007308664258,211.0,198.0,84.0,Home & Kitchen,1126.69,662.49,0.0,1.0,High overstock,MARKDOWN / CLEAR,0.0,98419.47
SKU00493,66.53568162295589,724.0,334.0,125.0,Home & Kitchen,391.9,217.64,0.0,1.0,High overstock,MARKDOWN / CLEAR,0.0,143090.53
SKU00494,61.586758647359346,176.0,199.0,67.0,Home Care,320.97,215.0,0.0,1.0,High overstock,MARKDOWN / CLEAR,0.0,24598.85
SKU00495,89.20096607254621,59.0,24.0,7.0,Apparel & Footwear,1685.32,1292.86,0.0,0.0,Healthy,HEALTHY,0.0,0.0
SKU00496,133.66552966330545,93.0,71.0,21.0,Dairy & Bakery,313.44,230.13,0.0,0.0,Healthy,HEALTHY,0.0,0.0
SKU00497,100.772283165501,239.0,94.0,25.0,Home Care,399.27,223.06,0.0,1.0,High overstock,MARKDOWN / CLEAR,0.0,30833.07
SKU00498,61.50299653035292,7607.0,1657.0,536.0,Frozen Foods,564.17,405.25,0.0,1.0,High overstock,MARKDOWN / CLEAR,0.0,3057812.66
SKU00499,335.9235745538757,277.0,106.0,32.0,Stationery & Office,110.32,83.23,0.0,0.0,Healthy,HEALTHY,0.0,0.0
SKU00500,826.19644229495,100.0,1077.0,388.0,Home & Kitchen,1264.58,781.21,0.8320877351262226,0.0,High stockout,REORDER NOW,625396.91,0.0
SKU00501,69.04452383561703,4631.0,1027.0,351.0,Home Care,399.18,284.76,0.0,1.0,High overstock,MARKDOWN / CLEAR,0.0,1299062.44
SKU00502,62.81037245214514,573.0,292.0,79.0,Health & Wellness,898.08,604.85,0.0,1.0,High overstock,MARKDOWN / CLEAR,0.0,308588.2
SKU00503,201.99398530118012,40.0,36.0,11.0,Snacks & Confectionery,114.18,68.67,0.3599846020005638,0.0,Healthy,HEALTHY,2454.7,0.0
SKU00504,119.18195793102534,404.0,263.0,100.0,Apparel & Footwear,1466.31,1136.94,0.0,1.0,High overstock,MARKDOWN / CLEAR,0.0,323821.02
SKU00505,80.63583616603863,0.0,0.0,0.0,Frozen Foods,353.96,214.41,1.0,0.0,High stockout,REORDER NOW,7135.47,0.0
SKU00506,421.70931871547697,102.0,717.0,219.0,Frozen Foods,319.73,243.03,0.6865659681974059,0.0,High stockout,REORDER NOW,71116.69,0.0
SKU00507,80.0103483875213,3971.0,970.0,308.0,Apparel & Footwear,1588.92,1152.62,0.0,1.0,High overstock,MARKDOWN / CLEAR,0.0,4484832.49
SKU00508,66.00877623239226,28.0,28.0,9.0,Health & Wellness,567.86,343.68,0.0,0.0,Healthy,HEALTHY,0.0,0.0
SKU00509,120.4392812341889,489.0,266.0,64.0,Grocery,238.23,173.39,0.0,1.0,High overstock,MARKDOWN / CLEAR,0.0,63904.74
SKU00510,61.500795576983556,81.0,139.0,44.0,Dairy & Bakery,208.61,116.09,0.0,0.3119832994605462,Healthy,HEALTHY,0.0,2263.66
SKU00511,62.78017118249692,367.0,225.0,63.0,Snacks & Confectionery,172.85,105.28,0.0,1.0,High overstock,MARKDOWN / CLEAR,0.0,32028.26
SKU00512,63.44398304620782,166.0,59.0,27.0,Electronics & Accessories,2201.13,1367.67,0.0,1.0,High overstock,MARKDOWN / CLEAR,0.0,140262.79
SKU00513,63.40203156059367,127.0,76.0,22.0,Grocery,234.2,180.87,0.0,0.9875149416609502,High overstock,MARKDOWN / CLEAR,0.0,11502.96
SKU00514,62.531961672609974,0.0,0.0,0.0,Snacks & Confectionery,105.37,82.07,1.0,0.0,High stockout,REORDER NOW,1647.25,0.0
SKU00515,66.12079289607722,0.0,0.0,0.0,Health & Wellness,1273.91,786.96,1.0,0.0,High stockout,REORDER NOW,21057.98,0.0
SKU00516,69.8855578115693,6036.0,1410.0,441.0,Electronics & Accessories,2155.25,1441.14,0.0,1.0,High overstock,MARKDOWN / CLEAR,0.0,8598006.17
SKU00517,61.683773617291486,191.0,105.0,29.0,Frozen Foods,465.51,370.27,0.0,1.0,High overstock,MARKDOWN / CLEAR,0.0,47881.92
SKU00518,122.16337224833666,0.0,0.0,0.0,Home & Kitchen,374.69,268.46,1.0,0.0,High stockout,REORDER NOW,11443.35,0.0
SKU00519,226.18647691051697,387.0,148.0,40.0,Stationery & Office,71.95,40.83,0.0,0.7078481310875886,High overstock,MARKDOWN / CLEAR,0.0,6566.02
SKU00520,89.82502684588555,104.0,84.0,36.0,Beverages,47.04,30.48,0.0,0.15606902245310586,Healthy,HEALTHY,0.0,432.05
SKU00521,64.9108660696867,4077.0,976.0,321.0,Stationery & Office,288.5,189.07,0.0,1.0,High overstock,MARKDOWN / CLEAR,0.0,758565.69
SKU00522,66.48958569860028,79.0,66.0,31.0,Health & Wellness,140.65,88.13,0.0,0.1853680708201352,Healthy,HEALTHY,0.0,1102.54
SKU00523,66.18561391002142,605.0,319.0,89.0,Health & Wellness,370.6,252.0,0.0,1.0,High overstock,MARKDOWN / CLEAR,0.0,135781.23
SKU00524,61.65632793765184,6970.0,1567.0,518.0,Beverages,353.73,259.64,0.0,1.0,High overstock,MARKDOWN / CLEAR,0.0,1793682.35
SKU00525,70.3523706108558,157.0,81.0,25.0,Health & Wellness,950.93,687.4,0.0,1.0,High overstock,MARKDOWN / CLEAR,0.0,59561.58
SKU00526,91.89528646331235,241.0,127.0,29.0,Electronics & Accessories,2874.88,1833.85,0.0,1.0,High overstock,MARKDOWN / CLEAR,0.0,273435.68
SKU00527,82.66838021819416,447.0,233.0,61.0,Frozen Foods,763.4,560.46,0.0,1.0,High overstock,MARKDOWN / CLEAR,0.0,204193.3
SKU00528,63.19459833505323,246.0,88.0,27.0,Beverages,210.21,143.68,0.0,1.0,High overstock,MARKDOWN / CLEAR,0.0,26265.48
SKU00529,72.82178111104965,160.0,226.0,80.0,Frozen Foods,604.91,449.07,0.0,1.0,High overstock,MARKDOWN / CLEAR,0.0,39149.12
SKU00530,105.4189986443836,350.0,211.0,66.0,Stationery & Office,66.34,38.38,0.0,1.0,High overstock,MARKDOWN / CLEAR,0.0,9387.02
SKU00531,439.2249226748487,67.0,986.0,370.0,Electronics & Accessories,2949.96,1920.98,0.8606507242911235,0.0,High stockout,REORDER NOW,1217761.87,0.0
SKU00532,66.19076314273615,5793.0,1252.0,430.0,Beverages,94.81,61.5,0.0,1.0,High overstock,MARKDOWN / CLEAR,0.0,352198.77
SKU00533,62.148214606973305,164.0,64.0,22.0,Stationery & Office,114.47,73.03,0.0,1.0,High overstock,MARKDOWN / CLEAR,0.0,7438.24
SKU00534,97.66086357182249,219.0,329.0,104.0,Stationery & Office,171.95,124.58,0.0,1.0,High overstock,MARKDOWN / CLEAR,0.0,15116.43
SKU00535,62.5005212990185,6972.0,1557.0,594.0,Snacks & Confectionery,189.1,130.34,0.0,1.0,High overstock,MARKDOWN / CLEAR,0.0,900584.16
SKU00536,67.6660256081057,199.0,83.0,25.0,Apparel & Footwear,3347.29,2163.93,0.0,1.0,High overstock,MARKDOWN / CLEAR,0.0,284197.53
SKU00537,67.38728222243262,45.0,63.0,31.0,Personal Care,183.18,125.31,0.07875273174082764,0.0,Healthy,HEALTHY,521.48,0.0
SKU00538,390.6347653362055,104.0,782.0,236.0,Health & Wellness,1101.07,799.48,0.6892356221635112,0.0,High stockout,REORDER NOW,252870.3,0.0
SKU00539,525.3216886840711,72.0,973.0,346.0,Home Care,199.63,143.49,0.8494764358218934,0.0,High stockout,REORDER NOW,80916.11,0.0
SKU00540,189.2926983715696,129.0,69.0,33.0,Apparel & Footwear,3406.69,2521.52,0.0,0.0,Healthy,HEALTHY,0.0,0.0
SKU00541,138.00942481595786,0.0,0.0,0.0,Stationery & Office,161.25,123.01,1.0,0.0,High stockout,REORDER NOW,5563.5,0.0
SKU00542,93.36933627451235,703.0,470.0,177.0,Apparel & Footwear,1367.3,1004.76,0.0,1.0,High overstock,MARKDOWN / CLEAR,0.0,612532.51
SKU00543,71.94905827518932,212.0,85.0,19.0,Stationery & Office,346.85,206.39,0.0,1.0,High overstock,MARKDOWN / CLEAR,0.0,28905.11
SKU00544,71.09124473981494,65.0,79.0,17.0,Stationery & Office,198.03,150.83,0.0,0.0,Healthy,HEALTHY,0.0,0.0
SKU00545,94.6819791694355,408.0,299.0,105.0,Beverages,88.18,55.82,0.0,1.0,High overstock,MARKDOWN / CLEAR,0.0,17489.41
SKU00546,64.32751393073069,6356.0,1437.0,479.0,Dairy & Bakery,130.86,93.76,0.0,1.0,High overstock,MARKDOWN / CLEAR,0.0,589907.21
SKU00547,73.71090735136696,117.0,75.0,33.0,Electronics & Accessories,1170.39,933.67,0.0,0.579421321240867,High overstock,MARKDOWN / CLEAR,0.0,40417.73
SKU00548,146.6064288081881,0.0,0.0,0.0,Health & Wellness,910.03,567.55,1.0,0.0,High stockout,REORDER NOW,33354.06,0.0
SKU00549,64.59599299638668,0.0,0.0,0.0,Grocery,161.24,99.57,1.0,0.0,High stockout,REORDER NOW,2603.86,0.0
SKU00550,60.902982101762724,8071.0,1752.0,582.0,Beverages,141.29,84.14,0.0,1.0,High overstock,MARKDOWN / CLEAR,0.0,673969.56
SKU00551,61.42908907162775,4211.0,919.0,333.0,Frozen Foods,771.74,614.32,0.0,1.0,High overstock,MARKDOWN / CLEAR,0.0,2549164.4
SKU00552,64.187054143072,0.0,0.0,0.0,Health & Wellness,775.4,509.23,1.0,0.0,High stockout,REORDER NOW,12442.66,0.0
SKU00553,62.06929124043272,6073.0,1343.0,462.0,Snacks & Confectionery,159.88,119.27,0.0,1.0,High overstock,MARKDOWN / CLEAR,0.0,716923.71
SKU00554,426.17346888801075,2.0,49.0,23.0,Snacks & Confectionery,88.32,49.66,0.9846794207736438,0.0,High stockout,REORDER NOW,11264.63,0.0
SKU00555,63.47558554620172,268.0,115.0,42.0,Beverages,77.66,46.22,0.0,1.0,High overstock,MARKDOWN / CLEAR,0.0,9453.12
SKU00556,67.4266750026431,109.0,92.0,41.0,Frozen Foods,883.8,500.05,0.0,0.6075602094614574,High overstock,MARKDOWN / CLEAR,0.0,20788.74
SKU00557,72.24223924147483,0.0,0.0,0.0,Grocery,296.24,223.34,1.0,0.0,High stockout,REORDER NOW,5350.26,0.0
SKU00558,145.01318640171215,141.0,118.0,52.0,Frozen Foods,917.53,529.08,0.0,0.0,Healthy,HEALTHY,0.0,0.0
SKU00559,66.04189775155226,143.0,126.0,54.0,Home Care,118.81,92.77,0.0,1.0,High overstock,MARKDOWN / CLEAR,0.0,7139.4
SKU00560,65.55272457376228,76.0,96.0,35.0,Home Care,329.64,236.0,0.0,0.15697742644117765,Healthy,HEALTHY,0.0,2465.56
SKU00561,93.50895035466121,0.0,0.0,0.0,Electronics & Accessories,1956.31,1520.81,1.0,0.0,High stockout,REORDER NOW,45733.12,0.0
SKU00562,83.19139876475212,94.0,72.0,23.0,Frozen Foods,483.35,315.25,0.0,0.12838130015453605,Healthy,HEALTHY,0.0,3407.41
SKU00563,87.24633814162642,175.0,93.0,43.0,Electronics & Accessories,1115.59,760.18,0.0,0.9944170342517539,High overstock,MARKDOWN / CLEAR,0.0,66708.58
SKU00564,69.36227780259885,0.0,0.0,0.0,Apparel & Footwear,1332.43,742.02,1.0,0.0,High stockout,REORDER NOW,23105.09,0.0
SKU00565,286.7958844900504,294.0,103.0,36.0,Stationery & Office,336.31,224.14,0.0,0.025032031026832307,Healthy,HEALTHY,0.0,1614.73
SKU00566,73.3065398963201,121.0,140.0,46.0,Apparel & Footwear,1220.47,851.5,0.0,0.6418474089928904,High overstock,MARKDOWN / CLEAR,0.0,40610.98
SKU00567,67.54419494198392,22.0,62.0,17.0,Frozen Foods,530.96,305.38,0.3693754151751968,0.0,Healthy,HEALTHY,6311.02,0.0
SKU00568,63.25862120617347,465.0,212.0,88.0,Home Care,194.42,154.62,0.0,1.0,High overstock,MARKDOWN / CLEAR,0.0,62117.25
SKU00569,99.73963278486843,14.0,39.0,13.0,Snacks & Confectionery,44.86,24.72,0.6404255037806862,0.0,High stockout,REORDER NOW,1073.72,0.0
SKU00570,89.7663751303474,318.0,119.0,47.0,Health & Wellness,768.86,474.28,0.0,1.0,High overstock,MARKDOWN / CLEAR,0.0,108246.64
SKU00571,62.12599813892579,4709.0,1059.0,387.0,Beverages,256.2,180.34,0.0,1.0,High overstock,MARKDOWN / CLEAR,0.0,838017.26
SKU00572,96.07996534437075,258.0,110.0,24.0,Stationery & Office,299.2,201.78,0.0,1.0,High overstock,MARKDOWN / CLEAR,0.0,32672.22
SKU00573,81.68862240988913,83.0,39.0,12.0,Home & Kitchen,247.12,150.69,0.0,0.015859226479918127,Healthy,HEALTHY,0.0,197.61
SKU00574,61.4451236362028,6397.0,1449.0,484.0,Beverages,120.48,95.99,0.0,1.0,High overstock,MARKDOWN / CLEAR,0.0,608149.91
SKU00575,61.712867972244865,107.0,64.0,26.0,Apparel & Footwear,2920.7,1744.3,0.0,0.7221346031853954,High overstock,MARKDOWN / CLEAR,0.0,78994.34
SKU00576,66.62761119925945,11.0,100.0,50.0,Beverages,126.16,87.31,0.8374149636653172,0.0,High stockout,REORDER NOW,7021.67,0.0
SKU00577,92.68279555530451,198.0,92.0,27.0,Electronics & Accessories,1637.0,947.78,0.0,1.0,High overstock,MARKDOWN / CLEAR,0.0,99817.54
SKU00578,136.0346074802877,130.0,94.0,42.0,Beverages,114.92,64.82,0.0,0.0,Healthy,HEALTHY,0.0,0.0
SKU00579,63.11389000600389,0.0,0.0,0.0,Home Care,376.03,252.68,1.0,0.0,High stockout,REORDER NOW,5933.18,0.0
SKU00580,63.66043404549377,291.0,161.0,35.0,Health & Wellness,998.77,750.25,0.0,1.0,High overstock,MARKDOWN / CLEAR,0.0,170561.51
SKU00581,84.50229684620301,430.0,282.0,99.0,Electronics & Accessories,1265.07,863.83,0.0,1.0,High overstock,MARKDOWN / CLEAR,0.0,298451.28
SKU00582,64.6249954242181,15.0,27.0,12.0,Home Care,115.54,72.03,0.4855305264385843,0.0,Healthy,HEALTHY,1520.07,0.0
SKU00583,103.57594209220666,128.0,165.0,60.0,Stationery & Office,249.78,138.42,0.0,0.23355331464533371,Healthy,HEALTHY,0.0,3380.78
SKU00584,63.49774668058485,4501.0,1199.0,397.0,Apparel & Footwear,2331.51,1830.55,0.0,1.0,High overstock,MARKDOWN / CLEAR,0.0,8123069.75
SKU00585,62.46291723041351,128.0,83.0,30.0,Snacks & Confectionery,34.85,21.01,0.0,1.0,High overstock,MARKDOWN / CLEAR,0.0,1376.93
SKU00586,61.96767356210435,89.0,144.0,58.0,Electronics & Accessories,2458.28,1705.17,0.0,0.4293048306959276,Healthy,HEALTHY,0.0,46094.71
SKU00587,64.2361803081114,0.0,0.0,0.0,Electronics & Accessories,4540.18,2514.72,1.0,0.0,High stockout,REORDER NOW,72910.96,0.0
SKU00588,66.57832417639277,76.0,89.0,41.0,Personal Care,189.7,108.94,0.0,0.13941860705238557,Healthy,HEALTHY,0.0,1026.4
SKU00589,67.97995246460458,5724.0,1308.0,504.0,Electronics & Accessories,529.72,313.88,0.0,1.0,High overstock,MARKDOWN / CLEAR,0.0,1775311.57
SKU00590,132.965269460023,198.0,117.0,26.0,Home & Kitchen,412.67,238.56,0.0,0.4854596329490027,Healthy,HEALTHY,0.0,15514.69
SKU00591,218.66671560308703,228.0,174.0,56.0,Apparel & Footwear,721.88,492.82,0.0,0.04248838687868017,Healthy,HEALTHY,0.0,4599.63
SKU00592,64.914684397601,4847.0,1187.0,400.0,Apparel & Footwear,2203.73,1430.8,0.0,1.0,High overstock,MARKDOWN / CLEAR,0.0,6842207.67
SKU00593,61.509856439027786,62.0,94.0,27.0,Health & Wellness,760.94,570.95,0.0,0.007841060416612875,Healthy,HEALTHY,0.0,279.85
SKU00594,65.33065594924258,36.0,98.0,22.0,Dairy & Bakery,307.64,178.14,0.08473018731672532,0.0,Healthy,HEALTHY,717.62,0.0
SKU00595,316.00137387984853,357.0,142.0,51.0,Apparel & Footwear,2693.97,1772.0,0.0,0.12933264489790816,Healthy,HEALTHY,0.0,72649.57
SKU00596,264.6982507931408,143.0,154.0,71.0,Personal Care,468.99,308.16,0.0,0.0,Healthy,HEALTHY,0.0,0.0
SKU00597,140.1330967334516,190.0,230.0,66.0,Frozen Foods,655.29,398.22,0.0,0.35333245298747046,Healthy,HEALTHY,0.0,19858.0
SKU00598,62.128109790351246,0.0,0.0,0.0,Dairy & Bakery,155.38,89.19,1.0,0.0,High stockout,REORDER NOW,2413.37,0.0
SKU00599,282.6320340486222,358.0,161.0,62.0,Dairy & Bakery,46.97,25.96,0.0,0.2657244489473206,Healthy,HEALTHY,0.0,1956.55
SKU00600,63.75808195409273,0.0,0.0,0.0,Beverages,107.83,59.81,1.0,0.0,High stockout,REORDER NOW,1718.76,0.0
SKU00601,139.61318849261906,26.0,46.0,22.0,Stationery & Office,208.17,135.24,0.5509754834046757,0.0,High stockout,REORDER NOW,6433.14,0.0
SKU00602,65.27870967543086,60.0,97.0,45.0,Beverages,122.87,69.25,0.03722223084158305,0.0,Healthy,HEALTHY,162.15,0.0
SKU00603,85.98583999625949,240.0,120.0,44.0,Beverages,89.72,58.2,0.0,1.0,High overstock,MARKDOWN / CLEAR,0.0,8963.62
SKU00604,63.99838882262003,147.0,72.0,20.0,Stationery & Office,79.52,52.43,0.0,1.0,High overstock,MARKDOWN / CLEAR,0.0,4351.77
SKU00605,246.0511748822017,584.0,345.0,118.0,Frozen Foods,420.44,278.06,0.0,1.0,High overstock,MARKDOWN / CLEAR,0.0,93970.05
SKU00606,69.84922662500662,593.0,444.0,180.0,Home Care,566.73,338.86,0.0,1.0,High overstock,MARKDOWN / CLEAR,0.0,177274.87
SKU00607,65.33338841883759,73.0,126.0,34.0,Electronics & Accessories,2740.58,1849.01,0.0,0.11557696303337374,Healthy,HEALTHY,0.0,14175.64
SKU00608,67.05181600602737,3196.0,713.0,265.0,Personal Care,613.29,397.46,0.0,1.0,High overstock,MARKDOWN / CLEAR,0.0,1243631.75
SKU00609,78.6143089478973,37.0,75.0,27.0,Beverages,136.86,109.13,0.2235630115236813,0.0,Healthy,HEALTHY,1321.19,0.0
SKU00610,79.52235987152675,178.0,93.0,28.0,Electronics & Accessories,1954.6,1097.2,0.0,1.0,High overstock,MARKDOWN / CLEAR,0.0,108049.67
SKU00611,112.39638380034607,255.0,204.0,65.0,Snacks & Confectionery,114.26,64.38,0.0,1.0,High overstock,MARKDOWN / CLEAR,0.0,9180.82
SKU00612,87.7911705141738,29.0,34.0,8.0,Frozen Foods,842.03,636.69,0.06293801473734129,0.0,Healthy,HEALTHY,798.07,0.0
SKU00613,61.519055586840025,261.0,183.0,65.0,Stationery & Office,37.48,23.11,0.0,1.0,High overstock,MARKDOWN / CLEAR,0.0,4610.0
SKU00614,62.00667451866399,257.0,166.0,50.0,Stationery & Office,255.31,152.15,0.0,1.0,High overstock,MARKDOWN / CLEAR,0.0,29668.23
SKU00615,62.783389598895795,166.0,197.0,74.0,Personal Care,620.84,477.19,0.0,1.0,High overstock,MARKDOWN / CLEAR,0.0,49253.93
SKU00616,63.13689836729807,78.0,53.0,17.0,Apparel & Footwear,2580.43,1762.9,0.0,0.23174026201866163,Healthy,HEALTHY,0.0,26202.16
SKU00617,70.00563544119848,107.0,66.0,20.0,Health & Wellness,1071.33,754.16,0.0,0.5210060346468903,High overstock,MARKDOWN / CLEAR,0.0,27899.67
SKU00618,104.3900797856244,186.0,94.0,20.0,Home Care,132.27,73.01,0.0,0.7743605506360715,High overstock,MARKDOWN / CLEAR,0.0,5958.34
SKU00619,103.36116778713313,411.0,177.0,52.0,Beverages,263.71,162.23,0.0,1.0,High overstock,MARKDOWN / CLEAR,0.0,49908.25
SKU00620,67.62829354017835,366.0,214.0,77.0,Personal Care,273.51,168.15,0.0,1.0,High overstock,MARKDOWN / CLEAR,0.0,50171.2
SKU00621,70.2436386803119,257.0,310.0,111.0,Health & Wellness,1030.92,763.11,0.0,1.0,High overstock,MARKDOWN / CLEAR,0.0,142515.65
SKU00622,65.45077915750569,179.0,140.0,63.0,Stationery & Office,82.36,53.24,0.0,1.0,High overstock,MARKDOWN / CLEAR,0.0,6045.36
SKU00623,141.9768766883272,27.0,30.0,6.0,Grocery,297.85,206.81,0.36461945822177433,0.0,Healthy,HEALTHY,4317.1,0.0
SKU00624,70.73242403390537,204.0,161.0,59.0,Electronics & Accessories,2367.38,1853.6,0.0,1.0,High overstock,MARKDOWN / CLEAR,0.0,247024.78
SKU00625,127.30745616422338,197.0,217.0,72.0,Home & Kitchen,362.43,288.56,0.0,0.5431683077449193,High overstock,MARKDOWN / CLEAR,0.0,20110.48
SKU00626,69.76646590887572,54.0,26.0,6.0,Stationery & Office,261.08,151.9,0.0,0.0,Healthy,HEALTHY,0.0,0.0
SKU00627,61.24632258147738,0.0,0.0,0.0,Home Care,218.84,150.77,1.0,0.0,High stockout,REORDER NOW,3350.79,0.0
SKU00628,588.6653587228386,42.0,594.0,193.0,Beverages,135.8,98.43,0.876892896176959,0.0,High stockout,REORDER NOW,40490.99,0.0
SKU00629,61.6376093323208,284.0,293.0,106.0,Dairy & Bakery,227.4,169.53,0.0,1.0,High overstock,MARKDOWN / CLEAR,0.0,37697.1
SKU00630,90.77919530735149,87.0,45.0,11.0,Home & Kitchen,1408.73,1098.85,0.0,0.0,Healthy,HEALTHY,0.0,0.0
SKU00631,61.19949940298205,4440.0,1043.0,395.0,Home & Kitchen,1304.33,954.88,0.0,1.0,High overstock,MARKDOWN / CLEAR,0.0,4181229.02
SKU00632,72.25418336832759,282.0,186.0,67.0,Health & Wellness,1003.77,725.21,0.0,1.0,High overstock,MARKDOWN / CLEAR,0.0,152109.76
SKU00633,106.87906904306857,705.0,392.0,102.0,Beverages,189.01,106.51,0.0,1.0,High overstock,MARKDOWN / CLEAR,0.0,63705.86
SKU00634,65.80749270495586,208.0,85.0,26.0,Beverages,64.42,44.21,0.0,1.0,High overstock,MARKDOWN / CLEAR,0.0,6286.33
SKU00635,158.75854619437425,386.0,255.0,87.0,Home Care,153.34,107.29,0.0,1.0,High overstock,MARKDOWN / CLEAR,0.0,24380.74
SKU00636,131.81340910841647,0.0,0.0,0.0,Health & Wellness,1096.28,793.84,1.0,0.0,High stockout,REORDER NOW,36126.1,0.0
SKU00637,87.59623726857967,132.0,88.0,39.0,Grocery,228.39,158.92,0.0,0.5011924219401128,High overstock,MARKDOWN / CLEAR,0.0,7056.65
SKU00638,61.09249303187504,5795.0,1223.0,400.0,Electronics & Accessories,995.83,649.64,0.0,1.0,High overstock,MARKDOWN / CLEAR,0.0,3724975.67
SKU00639,126.9843599555805,83.0,71.0,30.0,Frozen Foods,853.59,573.5,0.0,0.0,Healthy,HEALTHY,0.0,0.0
SKU00640,93.56272170206758,0.0,0.0,0.0,Grocery,180.34,142.8,1.0,0.0,High stockout,REORDER NOW,4218.28,0.0
SKU00641,114.38824263700624,267.0,108.0,31.0,Beverages,164.18,103.81,0.0,1.0,High overstock,MARKDOWN / CLEAR,0.0,15842.63
SKU00642,95.03259630637635,64.0,40.0,12.0,Home Care,417.52,311.52,0.0,0.0,Healthy,HEALTHY,0.0,0.0
SKU00643,186.67495680111853,268.0,277.0,89.0,Electronics & Accessories,490.78,344.46,0.0,0.4333292229557438,Healthy,HEALTHY,0.0,28013.22
SKU00644,135.52579048702628,162.0,91.0,44.0,Apparel & Footwear,942.82,623.16,0.0,0.19391361455247896,Healthy,HEALTHY,0.0,16497.67
SKU00645,69.28874095448708,7819.0,1712.0,622.0,Home Care,292.66,191.28,0.0,1.0,High overstock,MARKDOWN / CLEAR,0.0,1482364.77
SKU00646,104.45597308199096,307.0,159.0,58.0,Dairy & Bakery,232.5,159.1,0.0,1.0,High overstock,MARKDOWN / CLEAR,0.0,32224.75
SKU00647,61.829480837706456,107.0,66.0,17.0,Stationery & Office,232.47,174.34,0.0,0.7189382843855194,High overstock,MARKDOWN / CLEAR,0.0,7875.03
SKU00648,85.58298475922012,211.0,113.0,46.0,Home Care,216.47,125.67,0.0,1.0,High overstock,MARKDOWN / CLEAR,0.0,15761.16
SKU00649,63.29345423183601,8430.0,1842.0,669.0,Dairy & Bakery,330.24,256.82,0.0,1.0,High overstock,MARKDOWN / CLEAR,0.0,2148737.58
SKU00650,60.902982101762724,298.0,250.0,81.0,Home Care,282.54,210.08,0.0,1.0,High overstock,MARKDOWN / CLEAR,0.0,49809.34
SKU00651,68.0731797054911,69.0,41.0,16.0,Grocery,353.71,225.4,0.0,0.013417947435757338,Healthy,HEALTHY,0.0,208.91
SKU00652,61.16553408007028,180.0,83.0,29.0,Dairy & Bakery,107.32,59.3,0.0,1.0,High overstock,MARKDOWN / CLEAR,0.0,7046.88
SKU00653,97.48137768694892,40.0,25.0,6.0,Frozen Foods,820.27,472.73,0.0,0.0,Healthy,HEALTHY,0.0,0.0
SKU00654,61.93630404973047,7221.0,1576.0,531.0,Stationery & Office,72.62,42.56,0.0,1.0,High overstock,MARKDOWN / CLEAR,0.0,304689.75
SKU00655,62.639374012139946,22.0,54.0,21.0,Electronics & Accessories,1171.75,674.8,0.4158233823189671,0.0,Healthy,HEALTHY,17177.67,0.0
SKU00656,72.11300238991231,0.0,0.0,0.0,Apparel & Footwear,1870.7,1076.95,1.0,0.0,High stockout,REORDER NOW,33725.45,0.0
SKU00657,71.62312168199429,0.0,29.0,14.0,Frozen Foods,520.54,411.25,1.0,0.0,High stockout,REORDER NOW,16608.23,0.0
SKU00658,61.5664283376108,0.0,0.0,0.0,Beverages,151.65,108.37,1.0,0.0,High stockout,REORDER NOW,2334.14,0.0
SKU00659,87.88678076750438,0.0,0.0,0.0,Personal Care,286.94,216.69,1.0,0.0,High stockout,REORDER NOW,6304.56,0.0
SKU00660,89.1582414073153,3.0,34.0,11.0,Stationery & Office,304.22,210.13,0.9125098143802828,0.0,High stockout,REORDER NOW,9214.69,0.0
SKU00661,81.68899142134147,0.0,0.0,0.0,Grocery,91.97,64.83,1.0,0.0,High stockout,REORDER NOW,1878.23,0.0
SKU00662,60.902982101762724,66.0,123.0,37.0,Home & Kitchen,366.53,282.32,0.0,0.08233881026697962,Healthy,HEALTHY,0.0,1438.99
SKU00663,62.98449514099496,0.0,0.0,0.0,Electronics & Accessories,1094.0,673.35,1.0,0.0,High stockout,REORDER NOW,17226.26,0.0
SKU00664,69.83334655073577,9.0,49.0,19.0,Dairy & Bakery,186.94,135.28,0.7597330579023684,0.0,High stockout,REORDER NOW,5133.06,0.0
SKU00665,63.44647895950873,49.0,39.0,18.0,Apparel & Footwear,1191.57,923.26,0.0,0.0,Healthy,HEALTHY,0.0,0.0
SKU00666,63.35204998166503,17.0,65.0,32.0,Home & Kitchen,1825.63,1431.43,0.651910486701408,0.0,High stockout,REORDER NOW,56298.8,0.0
SKU00667,62.803768594219456,322.0,216.0,69.0,Grocery,573.95,379.39,0.0,1.0,High overstock,MARKDOWN / CLEAR,0.0,98336.46
SKU00668,154.08703699821564,144.0,104.0,33.0,Beverages,219.45,167.7,0.0,0.0,Healthy,HEALTHY,0.0,0.0
SKU00669,144.91538484646335,347.0,258.0,75.0,Health & Wellness,631.77,427.05,0.0,1.0,High overstock,MARKDOWN / CLEAR,0.0,86300.23
SKU00670,82.37047678830135,145.0,153.0,57.0,Stationery & Office,108.81,66.86,0.0,0.7512194439133507,High overstock,MARKDOWN / CLEAR,0.0,4187.41
SKU00671,127.8994242414612,566.0,309.0,123.0,Grocery,315.04,193.04,0.0,1.0,High overstock,MARKDOWN / CLEAR,0.0,84570.94
SKU00672,254.72315527359078,129.0,77.0,35.0,Health & Wellness,756.53,501.54,0.0,0.0,Healthy,HEALTHY,0.0,0.0
SKU00673,70.98999633168299,179.0,191.0,67.0,Beverages,139.56,85.76,0.0,1.0,High overstock,MARKDOWN / CLEAR,0.0,9262.94
SKU00674,61.72623512840571,333.0,160.0,60.0,Health & Wellness,736.02,410.33,0.0,1.0,High overstock,MARKDOWN / CLEAR,0.0,111311.76
SKU00675,74.85024646417443,0.0,0.0,0.0,Health & Wellness,942.87,543.46,1.0,0.0,High stockout,REORDER NOW,17643.51,0.0
SKU00676,93.96181565188256,69.0,25.0,6.0,Beverages,85.72,65.34,0.0,0.0,Healthy,HEALTHY,0.0,0.0
SKU00677,82.44903386687817,394.0,380.0,120.0,Electronics & Accessories,3238.81,2495.92,0.0,1.0,High overstock,MARKDOWN / CLEAR,0.0,777606.29
SKU00678,222.13088593447503,526.0,194.0,74.0,Home & Kitchen,627.15,481.81,0.0,1.0,High overstock,MARKDOWN / CLEAR,0.0,146407.18
SKU00679,62.02388796434795,4734.0,1050.0,346.0,Home & Kitchen,443.04,305.0,0.0,1.0,High overstock,MARKDOWN / CLEAR,0.0,1424952.71
SKU00680,207.58710924198726,264.0,270.0,87.0,Grocery,154.23,120.89,0.0,0.2704524309436912,Healthy,HEALTHY,0.0,6819.75
SKU00681,61.92417277202395,139.0,134.0,38.0,Snacks & Confectionery,80.86,54.56,0.0,1.0,High overstock,MARKDOWN / CLEAR,0.0,4205.26
SKU00682,65.9955214291652,8021.0,1791.0,643.0,Snacks & Confectionery,138.95,92.49,0.0,1.0,High overstock,MARKDOWN / CLEAR,0.0,735758.36
SKU00683,61.66251045035478,78.0,45.0,19.0,Home Care,247.21,165.28,0.0,0.2607219122283461,Healthy,HEALTHY,0.0,2700.26
SKU00684,62.66518789726401,392.0,237.0,85.0,Beverages,116.87,71.7,0.0,1.0,High overstock,MARKDOWN / CLEAR,0.0,23613.31
SKU00685,387.97786011595673,244.0,204.0,73.0,Home & Kitchen,2583.23,1816.98,0.0,0.0,Healthy,HEALTHY,0.0,0.0
SKU00686,311.12593331860455,683.0,287.0,106.0,Apparel & Footwear,1242.49,822.82,0.0,1.0,High overstock,MARKDOWN / CLEAR,0.0,305985.42
SKU00687,275.07228061833956,60.0,149.0,58.0,Apparel & Footwear,1165.09,924.69,0.5303991057593123,0.0,High stockout,REORDER NOW,77790.81,0.0
SKU00688,63.45843146265401,46.0,25.0,10.0,Snacks & Confectionery,220.16,130.55,0.0,0.0,Healthy,HEALTHY,0.0,0.0
SKU00689,68.73020086281669,0.0,0.0,0.0,Grocery,140.28,79.84,1.0,0.0,High stockout,REORDER NOW,2410.37,0.0
SKU00690,199.81758044227882,115.0,94.0,44.0,Home & Kitchen,492.94,314.39,0.0,0.0,Healthy,HEALTHY,0.0,0.0
SKU00691,60.902982101762724,6181.0,1445.0,460.0,Dairy & Bakery,368.73,222.67,0.0,1.0,High overstock,MARKDOWN / CLEAR,0.0,1362762.0
SKU00692,612.430826828265,0.0,533.0,168.0,Health & Wellness,235.52,187.94,1.0,0.0,High stockout,REORDER NOW,75627.29,0.0
SKU00693,123.50244446274766,188.0,122.0,43.0,Home & Kitchen,1047.53,722.42,0.0,0.5180424835477879,High overstock,MARKDOWN / CLEAR,0.0,46594.32
SKU00694,219.31254865762935,0.0,28.0,10.0,Grocery,179.71,115.0,1.0,0.0,High stockout,REORDER NOW,11650.26,0.0
SKU00695,64.43365655119024,0.0,0.0,0.0,Grocery,264.5,187.98,1.0,0.0,High stockout,REORDER NOW,4260.68,0.0
SKU00696,103.0953116669488,32.0,24.0,6.0,Grocery,246.47,163.48,0.02361115456830787,0.0,Healthy,HEALTHY,0.0,0.0
SKU00697,72.87660390710631,260.0,160.0,71.0,Beverages,178.49,107.49,0.0,1.0,High overstock,MARKDOWN / CLEAR,0.0,20113.89
SKU00698,86.67943501121786,182.0,186.0,46.0,Grocery,231.37,150.07,0.0,1.0,High overstock,MARKDOWN / CLEAR,0.0,14304.76
SKU00699,66.21411249955516,4318.0,983.0,344.0,Apparel & Footwear,562.89,349.89,0.0,1.0,High overstock,MARKDOWN / CLEAR,0.0,1487657.36
SKU00700,61.53202565318308,18.0,68.0,23.0,Health & Wellness,811.54,575.7,0.5429500782367095,0.0,High stockout,REORDER NOW,16541.63,0.0
SKU00701,68.38409326426788,179.0,63.0,17.0,Stationery & Office,39.24,29.59,0.0,1.0,High overstock,MARKDOWN / CLEAR,0.0,3273.12
SKU00702,145.7058398729941,324.0,174.0,52.0,Apparel & Footwear,1621.05,997.99,0.0,1.0,High overstock,MARKDOWN / CLEAR,0.0,177935.79
SKU00703,65.21372751756084,259.0,94.0,45.0,Stationery & Office,154.86,109.23,0.0,1.0,High overstock,MARKDOWN / CLEAR,0.0,21167.27
SKU00704,61.7308049092772,226.0,256.0,83.0,Snacks & Confectionery,141.05,102.56,0.0,1.0,High overstock,MARKDOWN / CLEAR,0.0,16847.45
SKU00705,61.72693306213392,86.0,68.0,15.0,Dairy & Bakery,86.46,55.55,0.0,0.38696403208208013,Healthy,HEALTHY,0.0,1348.37
SKU00706,61.2104798405157,364.0,228.0,82.0,Home & Kitchen,997.3,670.07,0.0,1.0,High overstock,MARKDOWN / CLEAR,0.0,202890.17
SKU00707,92.7733152763176,63.0,63.0,20.0,Snacks & Confectionery,56.56,36.18,0.0,0.0,Healthy,HEALTHY,0.0,0.0
SKU00708,68.71814531759817,144.0,85.0,34.0,Grocery,110.74,71.23,0.0,1.0,High overstock,MARKDOWN / CLEAR,0.0,5362.33
SKU00709,93.76281594241738,0.0,0.0,0.0,Electronics & Accessories,2238.13,1480.64,1.0,0.0,High stockout,REORDER NOW,52463.34,0.0
SKU00710,149.03702383883217,412.0,243.0,100.0,Apparel & Footwear,1549.12,966.43,0.0,1.0,High overstock,MARKDOWN / CLEAR,0.0,254135.31
SKU00711,127.83752385386245,213.0,143.0,48.0,Stationery & Office,107.95,72.55,0.0,0.6610067750350082,High overstock,MARKDOWN / CLEAR,0.0,6178.54
SKU00712,62.83083666751271,477.0,289.0,90.0,Stationery & Office,248.58,183.47,0.0,1.0,High overstock,MARKDOWN / CLEAR,0.0,75987.62
SKU00713,64.02822204913753,389.0,271.0,82.0,Beverages,158.65,102.9,0.0,1.0,High overstock,MARKDOWN / CLEAR,0.0,33439.6
SKU00714,147.19002180523873,42.0,72.0,25.0,Apparel & Footwear,1659.76,1305.17,0.3311836242832149,0.0,Healthy,HEALTHY,32859.11,0.0
SKU00715,101.79414646016438,337.0,175.0,62.0,Home & Kitchen,1566.97,947.23,0.0,1.0,High overstock,MARKDOWN / CLEAR,0.0,222794.04
SKU00716,82.068415102986,51.0,40.0,20.0,Electronics & Accessories,1636.45,1083.95,0.0,0.0,Healthy,HEALTHY,0.0,0.0
SKU00717,72.77287045245785,490.0,354.0,145.0,Apparel & Footwear,2112.64,1479.74,0.0,1.0,High overstock,MARKDOWN / CLEAR,0.0,617387.67
SKU00718,159.48531818471287,0.0,0.0,0.0,Home & Kitchen,1014.08,695.47,1.0,0.0,High stockout,REORDER NOW,40432.72,0.0
SKU00719,70.98229892139773,371.0,250.0,112.0,Home Care,238.41,187.57,0.0,1.0,High overstock,MARKDOWN / CLEAR,0.0,56274.32
SKU00720,63.71363922132992,95.0,41.0,9.0,Grocery,334.44,211.06,0.0,0.4834585282967358,Healthy,HEALTHY,0.0,6603.3
SKU00721,66.82795264951967,4570.0,1116.0,406.0,Home Care,182.86,117.84,0.0,1.0,High overstock,MARKDOWN / CLEAR,0.0,530653.79
SKU00722,77.81382143379355,108.0,66.0,16.0,Snacks & Confectionery,70.93,49.57,0.0,0.38300615319819165,Healthy,HEALTHY,0.0,1496.33
SKU00723,87.00281335292526,124.0,92.0,25.0,Beverages,220.06,153.84,0.0,0.42040913508869016,Healthy,HEALTHY,0.0,5691.65
SKU00724,107.53116998066943,78.0,36.0,8.0,Beverages,69.99,52.27,0.0,0.0,Healthy,HEALTHY,0.0,0.0
SKU00725,64.06716029265884,0.0,0.0,0.0,Electronics & Accessories,1737.91,1301.05,1.0,0.0,High stockout,REORDER NOW,27835.74,0.0
SKU00726,99.44937101889118,136.0,166.0,74.0,Frozen Foods,974.67,538.72,0.0,0.36387115827967564,Healthy,HEALTHY,0.0,19690.55
SKU00727,99.50406401230096,209.0,110.0,45.0,Frozen Foods,584.82,433.38,0.0,1.0,High overstock,MARKDOWN / CLEAR,0.0,47453.35
SKU00728,438.1980179524775,108.0,524.0,173.0,Electronics & Accessories,3555.73,2593.79,0.61911412895971,0.0,High stockout,REORDER NOW,620650.91,0.0
SKU00729,200.3521432603231,366.0,254.0,85.0,Frozen Foods,242.64,168.98,0.0,0.8226773952215397,High overstock,MARKDOWN / CLEAR,0.0,27991.17
SKU00730,93.22706065912061,0.0,0.0,0.0,Health & Wellness,1174.55,739.08,1.0,0.0,High stockout,REORDER NOW,27374.96,0.0
SKU00731,207.84045124611066,0.0,0.0,0.0,Beverages,83.14,64.58,1.0,0.0,High stockout,REORDER NOW,4319.96,0.0
SKU00732,70.65950654871988,6454.0,1393.0,478.0,Home & Kitchen,819.74,602.14,0.0,1.0,High overstock,MARKDOWN / CLEAR,0.0,3843664.64
SKU00733,73.99829980906587,272.0,148.0,42.0,Home Care,434.34,266.82,0.0,1.0,High overstock,MARKDOWN / CLEAR,0.0,52830.81
SKU00734,61.47052642041356,7013.0,1480.0,497.0,Beverages,55.41,34.7,0.0,1.0,High overstock,MARKDOWN / CLEAR,0.0,241218.07
SKU00735,64.20763972334503,160.0,127.0,51.0,Apparel & Footwear,2570.53,1870.35,0.0,1.0,High overstock,MARKDOWN / CLEAR,0.0,179165.24
SKU00736,80.75579907371743,106.0,146.0,59.0,Electronics & Accessories,1866.25,1454.58,0.0,0.3087756613267326,Healthy,HEALTHY,0.0,36719.71
SKU00737,226.68620282640336,4.0,27.0,6.0,Grocery,436.92,293.89,0.937177594143544,0.0,High stockout,REORDER NOW,25634.77,0.0
SKU00738,115.62423449050743,60.0,78.0,30.0,Snacks & Confectionery,109.27,84.12,0.0,0.0,Healthy,HEALTHY,0.0,0.0
SKU00739,99.8050682891133,144.0,94.0,46.0,Grocery,332.0,214.32,0.0,0.4384197388184266,Healthy,HEALTHY,0.0,9471.86
SKU00740,65.26095041200989,362.0,165.0,54.0,Dairy & Bakery,152.31,98.82,0.0,1.0,High overstock,MARKDOWN / CLEAR,0.0,29323.75
SKU00741,62.26967909848757,23.0,20.0,9.0,Beverages,114.04,82.28,0.10041763295842243,0.0,Healthy,HEALTHY,178.75,0.0
SKU00742,87.42005522117613,551.0,377.0,111.0,Electronics & Accessories,2557.02,1438.67,0.0,1.0,High overstock,MARKDOWN / CLEAR,0.0,666938.56
SKU00743,199.35901020942455,105.0,68.0,16.0,Frozen Foods,759.3,443.99,0.0,0.0,Healthy,HEALTHY,0.0,0.0
SKU00744,92.4169637335237,60.0,52.0,15.0,Stationery & Office,185.96,136.14,0.0,0.0,Healthy,HEALTHY,0.0,0.0
SKU00745,85.40165069079839,99.0,37.0,13.0,Electronics & Accessories,3612.82,2205.7,0.0,0.1573852953095236,Healthy,HEALTHY,0.0,29993.88
SKU00746,84.79594274500114,37.0,20.0,7.0,Health & Wellness,1030.75,612.03,0.0,0.0,Healthy,HEALTHY,0.0,0.0
SKU00747,91.89404886128645,74.0,61.0,13.0,Frozen Foods,807.23,461.95,0.0,0.0,Healthy,HEALTHY,0.0,0.0
SKU00748,72.44833552135165,54.0,22.0,7.0,Grocery,438.67,265.93,0.0,0.0,Healthy,HEALTHY,0.0,0.0
SKU00749,64.14969101968487,8253.0,1803.0,615.0,Grocery,148.59,91.03,0.0,1.0,High overstock,MARKDOWN / CLEAR,0.0,745431.04
SKU00750,69.62816691163229,0.0,0.0,0.0,Health & Wellness,1027.66,652.86,1.0,0.0,High stockout,REORDER NOW,17888.52,0.0
SKU00751,89.68182031401415,484.0,219.0,61.0,Grocery,91.09,71.47,0.0,1.0,High overstock,MARKDOWN / CLEAR,0.0,28181.92
SKU00752,68.57613539006059,103.0,146.0,47.0,Grocery,417.09,296.62,0.0,0.49476540220221965,Healthy,HEALTHY,0.0,10210.81
SKU00753,93.34462350218492,0.0,0.0,0.0,Snacks & Confectionery,180.02,130.21,1.0,0.0,High stockout,REORDER NOW,4200.97,0.0
SKU00754,138.21702806412466,432.0,200.0,53.0,Home & Kitchen,2674.24,1559.58,0.0,1.0,High overstock,MARKDOWN / CLEAR,0.0,458178.05
SKU00755,96.93962859829365,138.0,66.0,29.0,Home Care,120.36,72.0,0.0,0.41924164905830286,Healthy,HEALTHY,0.0,2956.35
SKU00756,116.93242476223422,241.0,119.0,50.0,Electronics & Accessories,2637.39,2043.1,0.0,1.0,High overstock,MARKDOWN / CLEAR,0.0,253482.46
SKU00757,71.60507403696363,0.0,0.0,0.0,Personal Care,196.4,139.16,1.0,0.0,High stockout,REORDER NOW,3515.81,0.0
SKU00758,66.18335271612509,6798.0,1514.0,502.0,Snacks & Confectionery,109.39,82.31,0.0,1.0,High overstock,MARKDOWN / CLEAR,0.0,554095.83
SKU00759,77.04136768927955,234.0,125.0,50.0,Personal Care,481.66,307.96,0.0,1.0,High overstock,MARKDOWN / CLEAR,0.0,48336.98
SKU00760,68.43762742532562,203.0,118.0,49.0,Beverages,54.33,37.72,0.0,1.0,High overstock,MARKDOWN / CLEAR,0.0,5075.69
SKU00761,61.2390208967272,300.0,164.0,57.0,Apparel & Footwear,530.05,358.08,0.0,1.0,High overstock,MARKDOWN / CLEAR,0.0,85495.53
SKU00762,185.87279698497375,290.0,117.0,26.0,Snacks & Confectionery,169.42,101.88,0.0,0.5572089929354406,High overstock,MARKDOWN / CLEAR,0.0,10608.48
SKU00763,65.4335866181069,202.0,125.0,51.0,Personal Care,371.03,280.57,0.0,1.0,High overstock,MARKDOWN / CLEAR,0.0,38316.44
SKU00764,67.04858458431785,112.0,65.0,30.0,Stationery & Office,31.66,20.05,0.0,0.6605782572888582,High overstock,MARKDOWN / CLEAR,0.0,901.28
SKU00765,62.50019926778173,507.0,248.0,87.0,Health & Wellness,877.06,584.76,0.0,1.0,High overstock,MARKDOWN / CLEAR,0.0,259925.7
SKU00766,92.50127130967562,61.0,66.0,23.0,Home Care,295.07,172.1,0.0,0.0,Healthy,HEALTHY,0.0,0.0
SKU00767,67.79999532634449,557.0,231.0,79.0,Frozen Foods,296.5,210.39,0.0,1.0,High overstock,MARKDOWN / CLEAR,0.0,102922.79
SKU00768,97.47086075137051,267.0,161.0,59.0,Apparel & Footwear,831.66,621.9,0.0,1.0,High overstock,MARKDOWN / CLEAR,0.0,105430.17
SKU00769,89.10925148204456,89.0,130.0,43.0,Dairy & Bakery,241.93,157.88,0.0,0.0,Healthy,HEALTHY,0.0,0.0
SKU00770,131.68912743803455,53.0,40.0,19.0,Health & Wellness,994.68,790.31,0.0,0.0,Healthy,HEALTHY,0.0,0.0
SKU00771,61.50037159208175,0.0,0.0,0.0,Home & Kitchen,512.74,315.03,1.0,0.0,High stockout,REORDER NOW,7883.43,0.0
SKU00772,108.93290622635053,378.0,327.0,112.0,Frozen Foods,289.73,222.59,0.0,1.0,High overstock,MARKDOWN / CLEAR,0.0,59891.64
SKU00773,61.512944998889424,208.0,201.0,71.0,Home Care,139.16,101.63,0.0,1.0,High overstock,MARKDOWN / CLEAR,0.0,14887.48
SKU00774,764.1289298113101,0.0,966.0,347.0,Beverages,94.61,73.97,1.0,0.0,High stockout,REORDER NOW,50903.23,0.0
SKU00775,63.56061670042425,4793.0,1230.0,412.0,Snacks & Confectionery,52.62,38.68,0.0,1.0,High overstock,MARKDOWN / CLEAR,0.0,182934.72
SKU00776,76.82159121335205,284.0,150.0,63.0,Stationery & Office,94.31,63.54,0.0,1.0,High overstock,MARKDOWN / CLEAR,0.0,13164.12
SKU00777,71.09794255582145,92.0,93.0,31.0,Frozen Foods,392.29,256.31,0.0,0.28991198227321463,Healthy,HEALTHY,0.0,5357.41
SKU00778,93.28291342985592,635.0,283.0,85.0,Dairy & Bakery,296.04,224.21,0.0,1.0,High overstock,MARKDOWN / CLEAR,0.0,121458.39
SKU00779,100.93599087506797,50.0,49.0,21.0,Home Care,664.45,505.04,0.0,0.0,Healthy,HEALTHY,0.0,0.0
SKU00780,62.77852201898084,137.0,107.0,31.0,Frozen Foods,575.16,401.02,0.0,1.0,High overstock,MARKDOWN / CLEAR,0.0,29764.3
SKU00781,102.54793831213776,97.0,40.0,16.0,Frozen Foods,459.08,333.08,0.0,0.0,Healthy,HEALTHY,0.0,0.0
SKU00782,197.56686585186995,249.0,146.0,49.0,Electronics & Accessories,1731.92,1152.96,0.0,0.25902173520983585,Healthy,HEALTHY,0.0,59300.35
SKU00783,70.17755147890742,442.0,241.0,79.0,Dairy & Bakery,196.79,118.98,0.0,1.0,High overstock,MARKDOWN / CLEAR,0.0,44239.43
SKU00784,105.21428999237625,335.0,251.0,84.0,Health & Wellness,397.04,223.33,0.0,1.0,High overstock,MARKDOWN / CLEAR,0.0,51318.04
SKU00785,62.049767135206785,321.0,245.0,93.0,Home Care,269.35,192.16,0.0,1.0,High overstock,MARKDOWN / CLEAR,0.0,49759.88
SKU00786,65.9197557271803,115.0,126.0,42.0,Stationery & Office,392.95,281.86,0.0,0.733419357848689,High overstock,MARKDOWN / CLEAR,0.0,13833.76
SKU00787,95.870766644373,468.0,374.0,113.0,Beverages,134.46,96.32,0.0,1.0,High overstock,MARKDOWN / CLEAR,0.0,35843.49
SKU00788,63.72837155331923,4093.0,1043.0,359.0,Beverages,88.38,61.04,0.0,1.0,High overstock,MARKDOWN / CLEAR,0.0,245946.74
SKU00789,85.72170220522501,117.0,75.0,34.0,Home Care,361.91,230.03,0.0,0.36067439867307466,Healthy,HEALTHY,0.0,7194.95
SKU00790,157.52456947502276,0.0,0.0,0.0,Frozen Foods,433.16,264.45,1.0,0.0,High stockout,REORDER NOW,17058.34,0.0
SKU00791,104.33781759486514,277.0,165.0,47.0,Electronics & Accessories,565.04,320.05,0.0,1.0,High overstock,MARKDOWN / CLEAR,0.0,55260.53
SKU00792,68.78450948326052,109.0,262.0,76.0,Personal Care,665.85,390.86,0.0,0.5762810516907928,High overstock,MARKDOWN / CLEAR,0.0,15718.63
SKU00793,181.01936247718396,95.0,97.0,34.0,Home & Kitchen,1050.17,742.55,0.0,0.0,Healthy,HEALTHY,0.0,0.0
SKU00794,89.3427272782965,95.0,136.0,53.0,Home Care,120.35,89.3,0.0,0.06262012330308056,Healthy,HEALTHY,0.0,505.19
SKU00795,71.48293876408582,113.0,102.0,37.0,Beverages,51.36,39.9,0.0,0.572783912239569,High overstock,MARKDOWN / CLEAR,0.0,1656.53
SKU00796,106.03569367866108,12.0,180.0,53.0,Beverages,103.4,59.04,0.8509481994008523,0.0,High stockout,REORDER NOW,6980.42,0.0
SKU00797,70.10567684076554,85.0,44.0,16.0,Stationery & Office,118.14,89.02,0.0,0.2094674268074108,Healthy,HEALTHY,0.0,1325.89
SKU00798,70.12790786269123,198.0,112.0,36.0,Beverages,138.98,97.2,0.0,1.0,High overstock,MARKDOWN / CLEAR,0.0,12429.17
SKU00799,69.30789275713519,408.0,172.0,59.0,Stationery & Office,164.49,102.86,0.0,1.0,High overstock,MARKDOWN / CLEAR,0.0,34837.87
SKU00800,63.560269608871096,311.0,254.0,106.0,Dairy & Bakery,207.83,152.02,0.0,1.0,High overstock,MARKDOWN / CLEAR,0.0,37615.79
SKU00801,78.00211591665081,189.0,117.0,47.0,Beverages,83.92,66.91,0.0,1.0,High overstock,MARKDOWN / CLEAR,0.0,7426.87
SKU00802,143.08006485989307,39.0,33.0,7.0,Dairy & Bakery,196.6,126.78,0.10897908265662226,0.0,Healthy,HEALTHY,741.19,0.0
SKU00803,69.69639847489573,195.0,108.0,50.0,Health & Wellness,1383.89,978.22,0.0,1.0,High overstock,MARKDOWN / CLEAR,0.0,122574.49
SKU00804,94.6260432528791,269.0,356.0,124.0,Home Care,120.97,74.42,0.0,1.0,High overstock,MARKDOWN / CLEAR,0.0,12976.91
SKU00805,157.81958803084703,185.0,124.0,32.0,Apparel & Footwear,959.48,576.89,0.0,0.17114017424521843,Healthy,HEALTHY,0.0,15680.11
SKU00806,63.33879477383987,462.0,216.0,57.0,Health & Wellness,186.07,109.28,0.0,1.0,High overstock,MARKDOWN / CLEAR,0.0,43565.7
SKU00807,66.34675848686915,44.0,58.0,18.0,Personal Care,426.13,237.8,0.0,0.0,Healthy,HEALTHY,0.0,0.0
SKU00808,68.03236071380923,28.0,47.0,18.0,Health & Wellness,1221.51,892.87,0.22239697075754516,0.0,Healthy,HEALTHY,8560.45,0.0
SKU00809,64.34658889263511,118.0,181.0,68.0,Stationery & Office,54.18,31.78,0.0,0.821059094538474,High overstock,MARKDOWN / CLEAR,0.0,1705.11
SKU00810,68.23250337437209,284.0,179.0,70.0,Personal Care,218.62,157.2,0.0,1.0,High overstock,MARKDOWN / CLEAR,0.0,33918.65
SKU00811,80.1787079382736,519.0,229.0,74.0,Beverages,112.67,86.46,0.0,1.0,High overstock,MARKDOWN / CLEAR,0.0,37940.49
SKU00812,162.24894463818472,0.0,0.0,0.0,Personal Care,799.7,609.09,1.0,0.0,High stockout,REORDER NOW,32437.62,0.0
SKU00813,112.41015987617874,254.0,132.0,31.0,Home & Kitchen,1860.66,1162.43,0.0,1.0,High overstock,MARKDOWN / CLEAR,0.0,164588.28
SKU00814,66.51040180568158,0.0,0.0,0.0,Snacks & Confectionery,76.67,44.55,1.0,0.0,High stockout,REORDER NOW,1274.84,0.0
SKU00815,61.67793805800251,102.0,38.0,14.0,Stationery & Office,43.87,28.99,0.0,0.6433214491625942,High overstock,MARKDOWN / CLEAR,0.0,1168.94
SKU00816,71.92939453510171,2.0,99.0,49.0,Health & Wellness,169.52,100.92,0.9705805986378301,0.0,High stockout,REORDER NOW,11015.81,0.0
SKU00817,71.58394483086671,0.0,0.0,0.0,Health & Wellness,1401.77,901.87,1.0,0.0,High stockout,REORDER NOW,25086.06,0.0
SKU00818,65.81170735355687,324.0,206.0,58.0,Dairy & Bakery,363.79,251.82,0.0,1.0,High overstock,MARKDOWN / CLEAR,0.0,65016.98
SKU00819,159.91515396020296,765.0,376.0,136.0,Stationery & Office,187.97,133.66,0.0,1.0,High overstock,MARKDOWN / CLEAR,0.0,80875.64
SKU00820,67.35575767862072,269.0,94.0,38.0,Grocery,487.11,294.5,0.0,1.0,High overstock,MARKDOWN / CLEAR,0.0,59384.23
SKU00821,62.88199303520867,6067.0,1402.0,510.0,Dairy & Bakery,206.41,125.25,0.0,1.0,High overstock,MARKDOWN / CLEAR,0.0,752015.78
SKU00822,61.067346405317174,314.0,129.0,45.0,Home Care,344.04,263.7,0.0,1.0,High overstock,MARKDOWN / CLEAR,0.0,66698.34
SKU00823,430.48696217744606,160.0,762.0,265.0,Home Care,183.03,143.9,0.5717593955670719,0.0,High stockout,REORDER NOW,38916.16,0.0
SKU00824,83.01920212101095,165.0,209.0,76.0,Home Care,391.75,278.38,0.0,0.9757388288562175,High overstock,MARKDOWN / CLEAR,0.0,22821.81
SKU00825,68.66064275161442,33.0,69.0,18.0,Beverages,79.31,54.66,0.08751960803432235,0.0,Healthy,HEALTHY,171.72,0.0
SKU00826,61.6142106333688,0.0,0.0,0.0,Snacks & Confectionery,186.38,133.17,1.0,0.0,High stockout,REORDER NOW,2870.91,0.0
SKU00827,64.74387329219981,337.0,192.0,65.0,Beverages,194.95,113.49,0.0,1.0,High overstock,MARKDOWN / CLEAR,0.0,30898.35
SKU00828,63.67921895500535,285.0,151.0,54.0,Frozen Foods,552.83,428.03,0.0,1.0,High overstock,MARKDOWN / CLEAR,0.0,94731.93
SKU00829,86.19144483223559,145.0,166.0,51.0,Personal Care,648.89,390.73,0.0,0.6744762090009807,High overstock,MARKDOWN / CLEAR,0.0,22978.27
SKU00830,345.65574496388496,0.0,1090.0,379.0,Frozen Foods,290.01,208.06,1.0,0.0,High stockout,REORDER NOW,134974.7,0.0
SKU00831,114.7355514254386,27.0,66.0,28.0,Health & Wellness,950.49,575.51,0.5319316883211218,0.0,High stockout,REORDER NOW,28214.24,0.0
SKU00832,441.86781842555746,0.0,897.0,340.0,Electronics & Accessories,946.53,687.6,1.0,0.0,High stockout,REORDER NOW,426380.49,0.0
SKU00833,142.1428131705396,125.0,68.0,23.0,Frozen Foods,325.22,240.13,0.0,0.0,Healthy,HEALTHY,0.0,0.0
SKU00834,73.21018070135473,496.0,233.0,76.0,Health & Wellness,754.91,555.06,0.0,1.0,High overstock,MARKDOWN / CLEAR,0.0,234673.72
SKU00835,90.02784401971947,333.0,316.0,107.0,Health & Wellness,837.84,550.61,0.0,1.0,High overstock,MARKDOWN / CLEAR,0.0,133782.9
SKU00836,269.69598997543534,0.0,0.0,0.0,Health & Wellness,765.01,536.85,1.0,0.0,High stockout,REORDER NOW,51580.03,0.0
SKU00837,61.79750435333381,7894.0,1728.0,609.0,Health & Wellness,141.0,98.63,0.0,1.0,High overstock,MARKDOWN / CLEAR,0.0,772490.13
SKU00838,71.71164946602647,23.0,49.0,12.0,Dairy & Bakery,300.1,219.1,0.25633519238408575,0.0,Healthy,HEALTHY,2079.07,0.0
SKU00839,69.90036531868864,9.0,41.0,11.0,Snacks & Confectionery,83.64,56.44,0.6946574346679012,0.0,High stockout,REORDER NOW,1628.9,0.0
SKU00840,67.93517105929656,765.0,472.0,172.0,Apparel & Footwear,2808.27,1900.7,0.0,1.0,High overstock,MARKDOWN / CLEAR,0.0,1324911.12
SKU00841,66.11261111710064,136.0,105.0,45.0,Personal Care,604.4,435.83,0.0,1.0,High overstock,MARKDOWN / CLEAR,0.0,30459.02
SKU00842,64.41300396999728,190.0,140.0,59.0,Frozen Foods,219.97,130.34,0.0,1.0,High overstock,MARKDOWN / CLEAR,0.0,16369.01
SKU00843,65.11446154818378,93.0,101.0,47.0,Snacks & Confectionery,121.04,86.32,0.0,0.4217766854456407,Healthy,HEALTHY,0.0,2407.08
SKU00844,112.63681847693837,252.0,155.0,57.0,Home Care,246.71,144.83,0.0,1.0,High overstock,MARKDOWN / CLEAR,0.0,20183.97
SKU00845,1312.0430350823171,292.0,808.0,279.0,Frozen Foods,670.83,490.52,0.5197453403778002,0.0,High stockout,REORDER NOW,211318.67,0.0
SKU00846,104.0625259664803,209.0,149.0,55.0,Health & Wellness,685.87,443.91,0.0,0.9988097379935403,High overstock,MARKDOWN / CLEAR,0.0,46582.79
SKU00847,175.69422436264358,0.0,0.0,0.0,Frozen Foods,398.86,303.09,1.0,0.0,High stockout,REORDER NOW,17519.35,0.0
SKU00848,61.23171070887162,261.0,211.0,71.0,Personal Care,704.92,403.29,0.0,1.0,High overstock,MARKDOWN / CLEAR,0.0,80564.55
SKU00849,74.53619751976466,60.0,146.0,43.0,Stationery & Office,106.11,70.58,0.04205459180777038,0.0,Healthy,HEALTHY,173.39,0.0
SKU00850,80.91611592410841,241.0,131.0,45.0,Frozen Foods,840.4,497.35,0.0,1.0,High overstock,MARKDOWN / CLEAR,0.0,79617.72
SKU00851,87.72244067430084,246.0,223.0,63.0,Apparel & Footwear,2160.89,1657.87,0.0,1.0,High overstock,MARKDOWN / CLEAR,0.0,262403.62
SKU00852,65.25801280294682,235.0,147.0,52.0,Electronics & Accessories,872.61,507.26,0.0,1.0,High overstock,MARKDOWN / CLEAR,0.0,86103.32
SKU00853,66.13569592383848,306.0,220.0,99.0,Frozen Foods,798.7,536.17,0.0,1.0,High overstock,MARKDOWN / CLEAR,0.0,128608.04
SKU00854,166.3033866802083,382.0,181.0,62.0,Home & Kitchen,1449.64,835.45,0.0,1.0,High overstock,MARKDOWN / CLEAR,0.0,180203.74
SKU00855,63.06743176565799,4990.0,1263.0,441.0,Beverages,141.42,105.98,0.0,1.0,High overstock,MARKDOWN / CLEAR,0.0,522156.31
SKU00856,72.45381795032304,214.0,135.0,58.0,Stationery & Office,127.62,79.19,0.0,1.0,High overstock,MARKDOWN / CLEAR,0.0,11209.04
SKU00857,80.8461636105939,76.0,134.0,52.0,Home & Kitchen,449.3,313.84,0.0,0.0,Healthy,HEALTHY,0.0,0.0
SKU00858,62.447155145610374,5244.0,1165.0,369.0,Frozen Foods,702.78,416.42,0.0,1.0,High overstock,MARKDOWN / CLEAR,0.0,2157702.24
SKU00859,63.348098678992514,110.0,52.0,13.0,Electronics & Accessories,2293.14,1462.8,0.0,0.7249926925383696,High overstock,MARKDOWN / CLEAR,0.0,68242.4
SKU00860,62.41090040442874,3586.0,874.0,283.0,Frozen Foods,680.17,393.43,0.0,1.0,High overstock,MARKDOWN / CLEAR,0.0,1386285.66
SKU00861,243.82423626609852,24.0,125.0,53.0,Dairy & Bakery,194.86,134.01,0.7912245757649774,0.0,High stockout,REORDER NOW,17528.84,0.0
SKU00862,159.67115913469877,0.0,0.0,0.0,Apparel & Footwear,1745.5,961.53,1.0,0.0,High stockout,REORDER NOW,69676.5,0.0
SKU00863,74.97883859724188,78.0,148.0,68.0,Snacks & Confectionery,183.57,146.54,0.11105751774958483,0.03976319536513417,Healthy,HEALTHY,1605.27,442.72
SKU00864,137.6775424059392,339.0,183.0,72.0,Dairy & Bakery,223.39,146.11,0.0,1.0,High overstock,MARKDOWN / CLEAR,0.0,29415.22
SKU00865,88.54107094105149,221.0,97.0,27.0,Frozen Foods,357.37,252.79,0.0,1.0,High overstock,MARKDOWN / CLEAR,0.0,33484.29
SKU00866,82.04259969777996,487.0,223.0,61.0,Home & Kitchen,1323.47,822.8,0.0,1.0,High overstock,MARKDOWN / CLEAR,0.0,333198.95
SKU00867,61.345862086982194,49.0,81.0,30.0,Personal Care,192.87,118.29,0.0,0.0,Healthy,HEALTHY,0.0,0.0
SKU00868,74.30608937961618,287.0,97.0,39.0,Home Care,139.73,106.41,0.0,1.0,High overstock,MARKDOWN / CLEAR,0.0,22632.76
SKU00869,69.78869474095583,367.0,168.0,61.0,Grocery,202.64,149.86,0.0,1.0,High overstock,MARKDOWN / CLEAR,0.0,44540.09
SKU00870,71.13203195209789,519.0,348.0,142.0,Beverages,272.85,193.95,0.0,1.0,High overstock,MARKDOWN / CLEAR,0.0,86863.99
SKU00871,72.49860504633318,0.0,0.0,0.0,Grocery,407.35,300.66,1.0,0.0,High stockout,REORDER NOW,7383.08,0.0
SKU00872,111.3672926778467,223.0,223.0,86.0,Grocery,215.12,127.74,0.0,0.9934626407899722,High overstock,MARKDOWN / CLEAR,0.0,14259.96
SKU00873,65.99099733299406,428.0,197.0,62.0,Home & Kitchen,1732.6,1357.53,0.0,1.0,High overstock,MARKDOWN / CLEAR,0.0,491438.08
SKU00874,67.79235820529637,4280.0,974.0,383.0,Home & Kitchen,872.01,578.74,0.0,1.0,High overstock,MARKDOWN / CLEAR,0.0,2437773.05
SKU00875,159.02851409394862,297.0,154.0,34.0,Apparel & Footwear,1556.21,1193.89,0.0,0.8621681372674115,High overstock,MARKDOWN / CLEAR,0.0,164722.78
SKU00876,70.83216667242499,105.0,41.0,18.0,Grocery,92.51,67.9,0.0,0.47566201759429033,Healthy,HEALTHY,0.0,2320.0
SKU00877,92.43921204050743,14.0,43.0,15.0,Grocery,157.68,98.0,0.6420334820818472,0.0,High stockout,REORDER NOW,3801.63,0.0
SKU00878,69.61079839988838,122.0,289.0,117.0,Dairy & Bakery,92.39,63.96,0.09898399101028599,0.7419431983110736,High overstock,MARKDOWN / CLEAR,1145.89,3350.81
SKU00879,63.83866528124267,105.0,100.0,32.0,Frozen Foods,655.37,518.83,0.0,0.6348269900408482,High overstock,MARKDOWN / CLEAR,0.0,21355.74
SKU00880,64.22149756264389,138.0,161.0,50.0,Personal Care,550.09,307.65,0.0,1.0,High overstock,MARKDOWN / CLEAR,0.0,22697.96
SKU00881,92.27798953128593,286.0,173.0,54.0,Home Care,398.92,261.94,0.0,1.0,High overstock,MARKDOWN / CLEAR,0.0,50743.54
SKU00882,124.95612649075088,214.0,122.0,31.0,Snacks & Confectionery,72.68,51.25,0.0,0.7069435682891354,High overstock,MARKDOWN / CLEAR,0.0,4563.5
SKU00883,94.0317923103727,230.0,154.0,42.0,Electronics & Accessories,3121.32,1981.96,0.0,1.0,High overstock,MARKDOWN / CLEAR,0.0,269483.55
SKU00884,73.0170584765002,124.0,191.0,67.0,Dairy & Bakery,202.79,127.65,0.0,0.6887998871190817,High overstock,MARKDOWN / CLEAR,0.0,6507.97
SKU00885,115.26585955054885,138.0,47.0,16.0,Grocery,188.68,139.09,0.0,0.195535822272634,Healthy,HEALTHY,0.0,3162.09
SKU00886,301.44843559648467,3.0,31.0,11.0,Electronics & Accessories,1510.84,1177.07,0.9656601696341355,0.0,High stockout,REORDER NOW,125946.81,0.0
SKU00887,115.13644487883072,184.0,113.0,48.0,Home & Kitchen,470.11,321.75,0.0,0.5929538758743397,High overstock,MARKDOWN / CLEAR,0.0,22156.85
SKU00888,162.15941104702512,294.0,207.0,66.0,Grocery,244.92,192.76,0.0,0.8080477130122536,High overstock,MARKDOWN / CLEAR,0.0,25413.59
SKU00889,66.51332398580408,275.0,100.0,33.0,Home Care,437.44,251.67,0.0,1.0,High overstock,MARKDOWN / CLEAR,0.0,52469.84
SKU00890,67.59769862946442,7173.0,1576.0,543.0,Apparel & Footwear,539.8,327.59,0.0,1.0,High overstock,MARKDOWN / CLEAR,0.0,2327658.74
SKU00891,199.45668173117892,113.0,89.0,21.0,Electronics & Accessories,900.14,514.82,0.0,0.0,Healthy,HEALTHY,0.0,0.0
SKU00892,64.96079771582963,141.0,183.0,64.0,Home & Kitchen,1679.83,1106.81,0.0,1.0,High overstock,MARKDOWN / CLEAR,0.0,84160.95
SKU00893,814.5287777594789,107.0,693.0,268.0,Personal Care,690.66,488.07,0.7736083126397921,0.0,High stockout,REORDER NOW,251836.87,0.0
SKU00894,64.78242757884895,5444.0,1275.0,465.0,Personal Care,353.19,211.96,0.0,1.0,High overstock,MARKDOWN / CLEAR,0.0,1140178.96
SKU00895,60.99606388486317,355.0,238.0,77.0,Electronics & Accessories,2043.22,1352.89,0.0,1.0,High overstock,MARKDOWN / CLEAR,0.0,397754.99
SKU00896,314.07893469476744,115.0,64.0,28.0,Beverages,194.43,140.2,0.0,0.0,Healthy,HEALTHY,0.0,0.0
SKU00897,72.24604956190164,180.0,144.0,61.0,Snacks & Confectionery,88.62,62.91,0.0,1.0,High overstock,MARKDOWN / CLEAR,0.0,6778.8
SKU00898,75.56647518573978,284.0,136.0,44.0,Health & Wellness,964.85,682.46,0.0,1.0,High overstock,MARKDOWN / CLEAR,0.0,142247.54
SKU00899,65.14289149152667,289.0,103.0,23.0,Electronics & Accessories,2040.92,1431.72,0.0,1.0,High overstock,MARKDOWN / CLEAR,0.0,320500.7
SKU00900,75.72236903974562,524.0,251.0,83.0,Beverages,85.01,67.72,0.0,1.0,High overstock,MARKDOWN / CLEAR,0.0,30357.36
SKU00901,194.6585342610446,153.0,86.0,34.0,Frozen Foods,653.7,476.21,0.0,0.0,Healthy,HEALTHY,0.0,0.0
SKU00902,128.7091225428583,364.0,198.0,72.0,Personal Care,535.55,416.08,0.0,1.0,High overstock,MARKDOWN / CLEAR,0.0,97899.83
SKU00903,209.33083888881782,0.0,0.0,0.0,Frozen Foods,413.75,326.01,1.0,0.0,High stockout,REORDER NOW,21652.66,0.0
SKU00904,75.38107325763904,207.0,83.0,41.0,Stationery & Office,161.57,123.59,0.0,1.0,High overstock,MARKDOWN / CLEAR,0.0,16266.78
SKU00905,95.45356292226387,144.0,119.0,27.0,Grocery,247.57,142.05,0.0,0.5033140882194452,High overstock,MARKDOWN / CLEAR,0.0,6896.02
SKU00906,61.089145667963614,5967.0,1330.0,476.0,Stationery & Office,101.64,69.35,0.0,1.0,High overstock,MARKDOWN / CLEAR,0.0,409574.92
SKU00907,84.34026291091413,0.0,0.0,0.0,Home Care,365.98,236.2,1.0,0.0,High stockout,REORDER NOW,7716.71,0.0
SKU00908,218.59280669811278,124.0,110.0,40.0,Apparel & Footwear,2108.67,1210.94,0.0,0.0,Healthy,HEALTHY,0.0,0.0
SKU00909,88.93825066383127,269.0,175.0,63.0,Home Care,403.57,278.89,0.0,1.0,High overstock,MARKDOWN / CLEAR,0.0,50217.42
SKU00910,278.4070541849239,0.0,0.0,0.0,Dairy & Bakery,313.65,189.2,1.0,0.0,High stockout,REORDER NOW,21830.59,0.0
SKU00911,69.98245204777253,242.0,132.0,51.0,Apparel & Footwear,1548.8,1077.09,0.0,1.0,High overstock,MARKDOWN / CLEAR,0.0,185278.38
SKU00912,141.6784497516448,164.0,146.0,50.0,Electronics & Accessories,1248.26,941.62,0.0,0.1564465431689896,Healthy,HEALTHY,0.0,21018.42
SKU00913,97.60079629283501,117.0,83.0,39.0,Beverages,77.47,50.24,0.0,0.19674489899200398,Healthy,HEALTHY,0.0,974.62
SKU00914,64.77846973646268,177.0,111.0,38.0,Electronics & Accessories,3426.97,2698.59,0.0,1.0,High overstock,MARKDOWN / CLEAR,0.0,302839.9
SKU00915,85.40728201120191,171.0,171.0,47.0,Apparel & Footwear,771.32,572.02,0.0,0.9905729702006107,High overstock,MARKDOWN / CLEAR,0.0,48960.75
SKU00916,62.79969476861243,510.0,292.0,113.0,Personal Care,268.02,201.3,0.0,1.0,High overstock,MARKDOWN / CLEAR,0.0,90021.42
SKU00917,243.09720619022602,172.0,97.0,35.0,Stationery & Office,182.25,105.35,0.0,0.0,Healthy,HEALTHY,0.0,0.0
SKU00918,119.98084564406969,150.0,88.0,19.0,Health & Wellness,1559.59,1225.01,0.0,0.2481314640852141,Healthy,HEALTHY,0.0,36773.76
SKU00919,136.6892901264652,693.0,273.0,100.0,Personal Care,576.32,321.95,0.0,1.0,High overstock,MARKDOWN / CLEAR,0.0,179104.23
SKU00920,812.7153965051725,0.0,671.0,257.0,Grocery,114.73,87.31,1.0,0.0,High stockout,REORDER NOW,52796.32,0.0
SKU00921,259.35507165813954,86.0,81.0,26.0,Electronics & Accessories,3363.82,1875.04,0.06357628752128341,0.0,Healthy,HEALTHY,16276.74,0.0
SKU00922,85.06240291262611,7.0,93.0,26.0,Snacks & Confectionery,60.32,35.63,0.8549691727774056,0.0,High stockout,REORDER NOW,2428.82,0.0
SKU00923,61.7088918527748,107.0,142.0,58.0,Apparel & Footwear,1212.74,762.61,0.0,0.7222437968375791,High overstock,MARKDOWN / CLEAR,0.0,34539.45
SKU00924,93.39349857025334,23.0,90.0,23.0,Frozen Foods,401.13,294.61,0.5142388693671358,0.0,High stockout,REORDER NOW,9365.73,0.0
SKU00925,105.33295390976873,229.0,142.0,65.0,Home Care,196.68,152.4,0.0,1.0,High overstock,MARKDOWN / CLEAR,0.0,18846.86
SKU00926,140.22659082476977,275.0,262.0,101.0,Beverages,285.44,204.55,0.0,0.9543061854580454,High overstock,MARKDOWN / CLEAR,0.0,27567.9
SKU00927,67.0949325271328,457.0,241.0,83.0,Electronics & Accessories,1598.84,1170.26,0.0,1.0,High overstock,MARKDOWN / CLEAR,0.0,456290.3
SKU00928,68.62669584384882,229.0,152.0,58.0,Beverages,125.37,78.04,0.0,1.0,High overstock,MARKDOWN / CLEAR,0.0,12515.53
SKU00929,652.9089234473073,171.0,1163.0,422.0,Home Care,158.05,125.47,0.7083042359724423,0.0,High stockout,REORDER NOW,65468.61,0.0
SKU00930,74.96115102756539,183.0,185.0,68.0,Home & Kitchen,553.98,361.16,0.0,1.0,High overstock,MARKDOWN / CLEAR,0.0,39019.31
SKU00931,92.04369171166981,417.0,176.0,43.0,Stationery & Office,373.2,290.43,0.0,1.0,High overstock,MARKDOWN / CLEAR,0.0,94377.06
SKU00932,64.85035051840194,306.0,124.0,49.0,Stationery & Office,197.19,146.87,0.0,1.0,High overstock,MARKDOWN / CLEAR,0.0,35417.65
SKU00933,71.45884787092461,115.0,66.0,27.0,Stationery & Office,108.95,69.93,0.0,0.6009087007102004,High overstock,MARKDOWN / CLEAR,0.0,3044.83
SKU00934,106.11186460956806,192.0,110.0,37.0,Frozen Foods,1037.02,659.32,0.0,0.8018545443448452,High overstock,MARKDOWN / CLEAR,0.0,56627.77
SKU00935,64.51011189356657,6846.0,1609.0,586.0,Snacks & Confectionery,108.32,77.98,0.0,1.0,High overstock,MARKDOWN / CLEAR,0.0,528820.58
SKU00936,64.05382749854354,0.0,0.0,0.0,Home & Kitchen,1788.45,1404.14,1.0,0.0,High stockout,REORDER NOW,28639.27,0.0
SKU00937,123.77231389824723,265.0,213.0,75.0,Apparel & Footwear,767.81,551.35,0.0,1.0,High overstock,MARKDOWN / CLEAR,0.0,77865.88
SKU00938,97.35030719579831,80.0,64.0,27.0,Stationery & Office,47.74,36.49,0.0,0.0,Healthy,HEALTHY,0.0,0.0
SKU00939,70.57144324623133,370.0,194.0,78.0,Health & Wellness,747.3,591.54,0.0,1.0,High overstock,MARKDOWN / CLEAR,0.0,177123.97
SKU00940,164.6364207247189,640.0,328.0,117.0,Beverages,148.78,94.1,0.0,1.0,High overstock,MARKDOWN / CLEAR,0.0,44731.71
SKU00941,69.2920269348178,0.0,0.0,0.0,Frozen Foods,681.89,466.84,1.0,0.0,High stockout,REORDER NOW,11812.39,0.0
SKU00942,1518.0716277628878,111.0,1076.0,373.0,Home Care,172.9,121.42,0.852690959328811,0.0,High stockout,REORDER NOW,110918.45,0.0
SKU00943,62.54737391299578,0.0,0.0,0.0,Home & Kitchen,2090.49,1263.27,1.0,0.0,High stockout,REORDER NOW,32688.66,0.0
SKU00944,61.16042818841761,122.0,183.0,82.0,Personal Care,717.92,538.0,0.0,0.9787508481628938,High overstock,MARKDOWN / CLEAR,0.0,32731.69
SKU00945,391.06333179525495,430.0,230.0,87.0,Dairy & Bakery,131.35,80.84,0.0,0.09931219026899135,Healthy,HEALTHY,0.0,3147.64
SKU00946,70.36541572135599,144.0,99.0,39.0,Grocery,415.87,302.22,0.0,1.0,High overstock,MARKDOWN / CLEAR,0.0,22253.84
SKU00947,81.4696455850378,0.0,0.0,0.0,Home & Kitchen,634.05,431.76,1.0,0.0,High stockout,REORDER NOW,12913.96,0.0
SKU00948,64.6032082298745,100.0,49.0,23.0,Apparel & Footwear,2060.9,1564.57,0.0,0.5395588527636436,High overstock,MARKDOWN / CLEAR,0.0,55380.76
SKU00949,94.79217731791493,230.0,209.0,80.0,Grocery,210.68,142.82,0.0,1.0,High overstock,MARKDOWN / CLEAR,0.0,19310.38
SKU00950,64.44154839383488,221.0,92.0,35.0,Home Care,227.07,158.19,0.0,1.0,High overstock,MARKDOWN / CLEAR,0.0,24765.98
SKU00951,71.6510299533939,191.0,154.0,45.0,Home Care,511.08,304.23,0.0,1.0,High overstock,MARKDOWN / CLEAR,0.0,36309.54
SKU00952,283.4699214124229,0.0,0.0,0.0,Home Care,288.12,216.68,1.0,0.0,High stockout,REORDER NOW,20418.34,0.0
SKU00953,8395.523718932232,226.0,581.0,178.0,Stationery & Office,273.99,178.24,0.9007849808784849,0.0,High stockout,REORDER NOW,561920.87,0.0
SKU00954,60.83488176436813,6394.0,1537.0,504.0,Beverages,209.16,145.35,0.0,1.0,High overstock,MARKDOWN / CLEAR,0.0,920525.55
SKU00955,63.848666348360645,246.0,159.0,71.0,Dairy & Bakery,364.87,277.85,0.0,1.0,High overstock,MARKDOWN / CLEAR,0.0,50610.75
SKU00956,64.63916433763168,13.0,119.0,47.0,Snacks & Confectionery,78.37,52.5,0.797380886373253,0.0,High stockout,REORDER NOW,3931.02,0.0
SKU00957,67.69137797285111,211.0,87.0,31.0,Snacks & Confectionery,159.22,98.5,0.0,1.0,High overstock,MARKDOWN / CLEAR,0.0,14115.9
SKU00958,64.14485292613004,3732.0,809.0,279.0,Home & Kitchen,313.45,193.2,0.0,1.0,High overstock,MARKDOWN / CLEAR,0.0,708629.61
SKU00959,100.88782935557276,51.0,42.0,13.0,Stationery & Office,33.01,22.83,0.0,0.0,Healthy,HEALTHY,0.0,0.0
SKU00960,90.37276865240581,347.0,164.0,55.0,Grocery,173.87,108.29,0.0,1.0,High overstock,MARKDOWN / CLEAR,0.0,27790.16
SKU00961,61.16026300756559,321.0,143.0,41.0,Health & Wellness,605.41,384.22,0.0,1.0,High overstock,MARKDOWN / CLEAR,0.0,99835.62
SKU00962,74.8231595366921,141.0,81.0,30.0,Snacks & Confectionery,121.58,74.01,0.0,0.872778724438195,High overstock,MARKDOWN / CLEAR,0.0,4897.75
SKU00963,62.79561992415171,195.0,79.0,23.0,Snacks & Confectionery,108.45,71.75,0.0,1.0,High overstock,MARKDOWN / CLEAR,0.0,9485.66
SKU00964,92.30194379239092,86.0,108.0,31.0,Dairy & Bakery,229.0,152.63,0.0,0.0,Healthy,HEALTHY,0.0,0.0
SKU00965,70.29662691541999,3914.0,863.0,323.0,Snacks & Confectionery,92.42,62.98,0.0,1.0,High overstock,MARKDOWN / CLEAR,0.0,242076.44
SKU00966,104.57674445330773,162.0,91.0,31.0,Home Care,361.28,252.25,0.0,0.543900608453486,High overstock,MARKDOWN / CLEAR,0.0,14485.02
SKU00967,69.78178199170792,119.0,51.0,11.0,Stationery & Office,64.98,45.29,0.0,0.6953514961527529,High overstock,MARKDOWN / CLEAR,0.0,2229.09
SKU00968,62.502852476145605,176.0,203.0,68.0,Health & Wellness,178.22,114.38,0.0,1.0,High overstock,MARKDOWN / CLEAR,0.0,12981.8
SKU00969,61.86199614328251,0.0,0.0,0.0,Electronics & Accessories,1961.81,1520.74,1.0,0.0,High stockout,REORDER NOW,30340.37,0.0
SKU00970,202.72915980547654,267.0,169.0,64.0,Home Care,354.04,240.01,0.0,0.3154719739476183,Healthy,HEALTHY,0.0,15425.64
SKU00971,63.4884396618091,193.0,212.0,83.0,Grocery,168.09,127.42,0.0,1.0,High overstock,MARKDOWN / CLEAR,0.0,16502.36
SKU00972,71.65304030054511,315.0,121.0,49.0,Beverages,232.47,160.25,0.0,1.0,High overstock,MARKDOWN / CLEAR,0.0,38996.35
SKU00973,64.79998213717606,466.0,274.0,82.0,Dairy & Bakery,150.35,96.62,0.0,1.0,High overstock,MARKDOWN / CLEAR,0.0,38763.95
SKU00974,553.2995858031111,0.0,689.0,240.0,Snacks & Confectionery,47.34,34.78,1.0,0.0,High stockout,REORDER NOW,17909.9,0.0
SKU00975,81.77898463644297,413.0,196.0,58.0,Home & Kitchen,2037.35,1210.67,0.0,1.0,High overstock,MARKDOWN / CLEAR,0.0,400999.35
SKU00976,463.1796981212525,234.0,879.0,312.0,Home & Kitchen,268.42,212.7,0.45428458544299377,0.0,Healthy,HEALTHY,52018.43,0.0
SKU00977,68.30988594803107,208.0,110.0,35.0,Home & Kitchen,921.45,638.63,0.0,1.0,High overstock,MARKDOWN / CLEAR,0.0,89210.3
SKU00978,64.08779371645518,7182.0,1604.0,588.0,Health & Wellness,524.42,302.09,0.0,1.0,High overstock,MARKDOWN / CLEAR,0.0,2150250.1
SKU00979,64.09804678690183,26.0,59.0,15.0,Frozen Foods,393.05,257.58,0.18812189093710574,0.0,Healthy,HEALTHY,1974.88,0.0
SKU00980,318.9549268196744,62.0,151.0,62.0,Health & Wellness,726.14,528.73,0.5656399684973272,0.0,High stockout,REORDER NOW,57901.48,0.0
SKU00981,88.39197477254845,237.0,171.0,41.0,Personal Care,330.37,187.33,0.0,1.0,High overstock,MARKDOWN / CLEAR,0.0,27838.74
SKU00982,382.3915773520546,161.0,135.0,37.0,Electronics & Accessories,1475.54,907.97,0.0,0.0,Healthy,HEALTHY,0.0,0.0
SKU00983,69.6184785175426,253.0,101.0,45.0,Apparel & Footwear,1292.33,1009.43,0.0,1.0,High overstock,MARKDOWN / CLEAR,0.0,185110.81
SKU00984,65.95202460656641,150.0,181.0,50.0,Apparel & Footwear,1782.02,1138.8,0.0,1.0,High overstock,MARKDOWN / CLEAR,0.0,95713.83
SKU00985,63.915209046944796,0.0,0.0,0.0,Health & Wellness,1003.36,591.77,1.0,0.0,High stockout,REORDER NOW,16032.49,0.0
SKU00986,64.71941598029994,5203.0,1131.0,374.0,Grocery,101.6,58.38,0.0,1.0,High overstock,MARKDOWN / CLEAR,0.0,299972.82
SKU00987,60.99606388486317,8554.0,1998.0,713.0,Electronics & Accessories,1614.69,1137.98,0.0,1.0,High overstock,MARKDOWN / CLEAR,0.0,9664868.62
SKU00988,126.13370065685339,61.0,30.0,13.0,Personal Care,227.17,156.64,0.0,0.0,Healthy,HEALTHY,0.0,0.0
SKU00989,75.44925323093003,246.0,116.0,33.0,Electronics & Accessories,1774.79,1263.54,0.0,1.0,High overstock,MARKDOWN / CLEAR,0.0,215497.69
SKU00990,100.61882714370725,490.0,333.0,142.0,Frozen Foods,485.43,383.25,0.0,1.0,High overstock,MARKDOWN / CLEAR,0.0,149230.33
SKU00991,61.44245641484608,6857.0,1587.0,582.0,Home & Kitchen,226.46,127.96,0.0,1.0,High overstock,MARKDOWN / CLEAR,0.0,869559.54
SKU00992,68.98046701931676,179.0,124.0,46.0,Personal Care,188.51,113.0,0.0,1.0,High overstock,MARKDOWN / CLEAR,0.0,12432.21
SKU00993,118.9124781003491,64.0,29.0,6.0,Stationery & Office,230.79,140.43,0.0,0.0,Healthy,HEALTHY,0.0,0.0
SKU00994,8395.523718932232,0.0,604.0,177.0,Home & Kitchen,602.13,395.46,1.0,0.0,High stockout,REORDER NOW,1370376.18,0.0
SKU00995,79.32731771585154,0.0,0.0,0.0,Dairy & Bakery,237.56,137.85,1.0,0.0,High stockout,REORDER NOW,4711.25,0.0
SKU00996,475.51667080479984,158.0,1260.0,455.0,Home Care,117.61,76.74,0.7251596354903536,0.0,High stockout,REORDER NOW,48911.55,0.0
SKU00997,110.36728109490814,339.0,213.0,72.0,Frozen Foods,284.15,214.26,0.0,1.0,High overstock,MARKDOWN / CLEAR,0.0,48986.85
SKU00998,82.58424610380237,109.0,94.0,43.0,Apparel & Footwear,2284.54,1349.97,0.0,0.31603747270020466,Healthy,HEALTHY,0.0,35660.48
SKU00999,73.2409380849524,0.0,0.0,0.0,Electronics & Accessories,845.52,658.78,1.0,0.0,High stockout,REORDER NOW,15481.67,0.0
SKU01000,77.08528603219126,0.0,0.0,0.0,Home & Kitchen,415.22,322.96,1.0,0.0,High stockout,REORDER NOW,8001.84,0.0
SKU01001,74.55980667220322,281.0,150.0,54.0,Personal Care,496.66,336.86,0.0,1.0,High overstock,MARKDOWN / CLEAR,0.0,69541.44
SKU01002,68.64347454866446,144.0,98.0,22.0,Frozen Foods,252.83,193.42,0.0,1.0,High overstock,MARKDOWN / CLEAR,0.0,14575.46
SKU01003,121.66172312471409,180.0,156.0,53.0,Home Care,324.39,236.12,0.0,0.4756029459652342,Healthy,HEALTHY,0.0,13774.83
SKU01004,72.40934431283571,248.0,172.0,71.0,Home & Kitchen,2343.18,1497.72,0.0,1.0,High overstock,MARKDOWN / CLEAR,0.0,262985.64
SKU01005,62.771331153790804,222.0,199.0,67.0,Dairy & Bakery,211.75,146.2,0.0,1.0,High overstock,MARKDOWN / CLEAR,0.0,23279.23
SKU01006,85.38676970864435,337.0,131.0,38.0,Health & Wellness,416.38,241.15,0.0,1.0,High overstock,MARKDOWN / CLEAR,0.0,60676.53
SKU01007,106.25920030316601,305.0,294.0,114.0,Beverages,107.05,72.15,0.0,1.0,High overstock,MARKDOWN / CLEAR,0.0,14339.15
SKU01008,67.69047884919055,118.0,72.0,16.0,Home & Kitchen,830.92,629.42,0.0,0.7324089450775796,High overstock,MARKDOWN / CLEAR,0.0,31665.82
SKU01009,621.9148858565532,0.0,941.0,308.0,Personal Care,223.42,155.57,1.0,0.0,High stockout,REORDER NOW,103550.42,0.0
SKU01010,108.08742175508193,67.0,201.0,49.0,Personal Care,439.53,283.72,0.13011703472577973,0.0,Healthy,HEALTHY,3965.38,0.0
SKU01011,86.79446323340488,24.0,75.0,29.0,Frozen Foods,546.32,391.1,0.5357709365185146,0.0,High stockout,REORDER NOW,14585.99,0.0
SKU01012,67.3541126850679,404.0,252.0,94.0,Home Care,100.05,79.46,0.0,1.0,High overstock,MARKDOWN / CLEAR,0.0,26749.88
SKU01013,83.31757534004238,0.0,0.0,0.0,Home & Kitchen,964.27,546.62,1.0,0.0,High stockout,REORDER NOW,20085.16,0.0
SKU01014,242.14028241614434,0.0,0.0,0.0,Frozen Foods,274.5,173.65,1.0,0.0,High stockout,REORDER NOW,16616.88,0.0
SKU01015,77.37102493205728,291.0,234.0,88.0,Frozen Foods,427.87,252.01,0.0,1.0,High overstock,MARKDOWN / CLEAR,0.0,53836.64
SKU01016,74.4590138431186,0.0,0.0,0.0,Beverages,98.16,77.47,1.0,0.0,High stockout,REORDER NOW,1827.22,0.0
SKU01017,62.25856147944506,70.0,83.0,28.0,Grocery,410.69,281.93,0.0,0.12237771994025509,Healthy,HEALTHY,0.0,2182.54
SKU01018,287.7108405548179,221.0,113.0,51.0,Personal Care,242.43,141.2,0.0,0.0,Healthy,HEALTHY,0.0,0.0
SKU01019,84.75265890228559,125.0,84.0,18.0,Stationery & Office,287.61,202.2,0.0,0.46934219431698215,Healthy,HEALTHY,0.0,8138.01
SKU01020,61.328139855883485,76.0,229.0,75.0,Stationery & Office,152.7,103.09,0.16787138236894783,0.23539704823601534,Healthy,HEALTHY,2188.5,1512.52
SKU01021,355.0364723755426,0.0,1245.0,393.0,Health & Wellness,1243.47,702.35,1.0,0.0,High stockout,REORDER NOW,599053.01,0.0
SKU01022,61.13432244459707,228.0,210.0,73.0,Health & Wellness,859.9,658.79,0.0,1.0,High overstock,MARKDOWN / CLEAR,0.0,109929.44
SKU01023,62.95876910629576,5138.0,1367.0,461.0,Personal Care,526.16,382.68,0.0,1.0,High overstock,MARKDOWN / CLEAR,0.0,1942116.78
SKU01024,75.18211973922259,64.0,27.0,10.0,Snacks & Confectionery,156.04,86.03,0.0,0.0,Healthy,HEALTHY,0.0,0.0
SKU01025,61.63329794175147,472.0,293.0,86.0,Grocery,119.84,94.66,0.0,1.0,High overstock,MARKDOWN / CLEAR,0.0,38845.31
SKU01026,61.10290507511816,0.0,0.0,0.0,Personal Care,397.94,234.71,1.0,0.0,High stockout,REORDER NOW,6078.82,0.0
SKU01027,362.3699417010665,124.0,58.0,26.0,Dairy & Bakery,82.61,45.44,0.0,0.0,Healthy,HEALTHY,0.0,0.0
SKU01028,69.29451402833111,123.0,172.0,53.0,Snacks & Confectionery,120.24,78.98,0.0,0.7640067893495036,High overstock,MARKDOWN / CLEAR,0.0,4241.66
SKU01029,63.28468342708084,297.0,200.0,71.0,Dairy & Bakery,90.75,53.11,0.0,1.0,High overstock,MARKDOWN / CLEAR,0.0,12412.62
SKU01030,779.7225830138905,0.0,735.0,288.0,Grocery,224.5,155.47,1.0,0.0,High stockout,REORDER NOW,108417.93,0.0
SKU01031,64.3438242463224,5133.0,1371.0,501.0,Health & Wellness,668.1,419.47,0.0,1.0,High overstock,MARKDOWN / CLEAR,0.0,2126149.21
SKU01032,64.88189561469487,4726.0,1183.0,408.0,Stationery & Office,242.61,144.67,0.0,1.0,High overstock,MARKDOWN / CLEAR,0.0,674323.96
SKU01033,64.66678594099196,253.0,188.0,61.0,Electronics & Accessories,1645.61,1310.46,0.0,1.0,High overstock,MARKDOWN / CLEAR,0.0,246803.14
SKU01034,64.92032806204469,5335.0,1058.0,412.0,Home Care,313.23,198.33,0.0,1.0,High overstock,MARKDOWN / CLEAR,0.0,1045214.9
SKU01035,132.958984577003,0.0,0.0,0.0,Home Care,360.87,235.89,1.0,0.0,High stockout,REORDER NOW,11995.23,0.0
SKU01036,71.34253997896798,118.0,100.0,38.0,Dairy & Bakery,132.2,82.43,0.0,0.6449519195012597,High overstock,MARKDOWN / CLEAR,0.0,3845.97
SKU01037,825.7876914953586,0.0,919.0,319.0,Beverages,178.07,135.2,1.0,0.0,High stockout,REORDER NOW,93566.33,0.0
SKU01038,61.14593911362675,6977.0,1491.0,515.0,Health & Wellness,1338.59,802.08,0.0,1.0,High overstock,MARKDOWN / CLEAR,0.0,5547068.23
SKU01039,66.38529803249395,40.0,49.0,23.0,Frozen Foods,418.6,243.59,0.014689125563674077,0.0,Healthy,HEALTHY,0.0,0.0
SKU01040,72.87299254872663,0.0,0.0,0.0,Grocery,381.35,293.78,1.0,0.0,High stockout,REORDER NOW,6947.53,0.0
SKU01041,213.87513023306957,44.0,134.0,51.0,Personal Care,395.7,235.77,0.582814943600096,0.0,High stockout,REORDER NOW,23927.5,0.0
SKU01042,61.43894387008263,5508.0,1335.0,497.0,Dairy & Bakery,77.89,59.55,0.0,1.0,High overstock,MARKDOWN / CLEAR,0.0,324342.71
SKU01043,66.21114312374951,150.0,123.0,48.0,Snacks & Confectionery,89.02,61.83,0.0,1.0,High overstock,MARKDOWN / CLEAR,0.0,5180.67
SKU01044,70.19356281358984,284.0,198.0,66.0,Electronics & Accessories,2603.87,1968.12,0.0,1.0,High overstock,MARKDOWN / CLEAR,0.0,420796.73
SKU01045,6332.734626760068,0.0,989.0,325.0,Frozen Foods,451.29,256.12,1.0,0.0,High stockout,REORDER NOW,861144.2,0.0
SKU01046,69.34403231119828,6747.0,1568.0,508.0,Health & Wellness,708.58,560.42,0.0,1.0,High overstock,MARKDOWN / CLEAR,0.0,3742291.96
SKU01047,76.63815530794723,159.0,141.0,37.0,Electronics & Accessories,778.4,486.45,0.0,1.0,High overstock,MARKDOWN / CLEAR,0.0,40064.92
SKU01048,770.1450641248937,70.0,639.0,235.0,Stationery & Office,96.18,54.31,0.8366532647323255,0.0,High stockout,REORDER NOW,34387.84,0.0
SKU01049,61.13825897426232,122.0,53.0,18.0,Apparel & Footwear,884.98,655.97,0.0,0.9794568118000638,High overstock,MARKDOWN / CLEAR,0.0,39923.48
SKU01050,73.18865918082888,64.0,57.0,19.0,Health & Wellness,1245.06,740.33,0.0,0.0,Healthy,HEALTHY,0.0,0.0
SKU01051,76.80750032205795,0.0,0.0,0.0,Home & Kitchen,1119.25,713.83,1.0,0.0,High stockout,REORDER NOW,21491.7,0.0
SKU01052,69.11946188748729,81.0,137.0,48.0,Home Care,205.27,143.41,0.0,0.16943281925888215,Healthy,HEALTHY,0.0,1703.79
SKU01053,61.790194165478226,303.0,219.0,65.0,Stationery & Office,52.87,29.99,0.0,1.0,High overstock,MARKDOWN / CLEAR,0.0,7233.88
SKU01054,92.44945786006252,271.0,119.0,46.0,Apparel & Footwear,583.57,350.42,0.0,1.0,High overstock,MARKDOWN / CLEAR,0.0,62567.68
SKU01055,65.39010144377141,21.0,52.0,16.0,Health & Wellness,916.38,616.05,0.3702681151688836,0.0,Healthy,HEALTHY,10398.65,0.0
SKU01056,75.16354621166566,279.0,141.0,49.0,Home & Kitchen,2441.35,1600.25,0.0,1.0,High overstock,MARKDOWN / CLEAR,0.0,326189.29
SKU01057,87.23103197349981,85.0,51.0,15.0,Frozen Foods,251.59,173.44,0.0,0.0,Healthy,HEALTHY,0.0,0.0
SKU01058,63.16066279017312,91.0,48.0,20.0,Electronics & Accessories,642.99,470.77,0.0,0.43390039939068037,Healthy,HEALTHY,0.0,13105.92
SKU01059,116.54967832416375,162.0,99.0,37.0,Dairy & Bakery,176.99,112.96,0.0,0.3866477758492801,Healthy,HEALTHY,0.0,5134.07
SKU01060,94.65252764954815,0.0,0.0,0.0,Stationery & Office,173.38,112.89,1.0,0.0,High stockout,REORDER NOW,4102.71,0.0
SKU01061,61.40611710416034,278.0,126.0,46.0,Health & Wellness,797.99,493.23,0.0,1.0,High overstock,MARKDOWN / CLEAR,0.0,106830.6
SKU01062,67.2507033766292,0.0,0.0,0.0,Apparel & Footwear,585.23,371.58,1.0,0.0,High stockout,REORDER NOW,9839.28,0.0
SKU01063,67.44754499512415,7366.0,1696.0,567.0,Home Care,103.23,58.09,0.0,1.0,High overstock,MARKDOWN / CLEAR,0.0,423972.91
SKU01064,72.62008128177554,371.0,166.0,67.0,Home & Kitchen,211.61,147.08,0.0,1.0,High overstock,MARKDOWN / CLEAR,0.0,43885.72
SKU01065,62.483484747709454,81.0,61.0,14.0,Grocery,104.37,61.91,0.0,0.29167452489221835,Healthy,HEALTHY,0.0,1146.36
SKU01066,91.17862926775878,311.0,244.0,87.0,Beverages,50.68,36.95,0.0,1.0,High overstock,MARKDOWN / CLEAR,0.0,8122.4
SKU01067,155.08347693966837,499.0,286.0,100.0,Frozen Foods,429.35,240.67,0.0,1.0,High overstock,MARKDOWN / CLEAR,0.0,82770.39
SKU01068,61.32479249197206,5475.0,1199.0,427.0,Electronics & Accessories,2201.06,1243.53,0.0,1.0,High overstock,MARKDOWN / CLEAR,0.0,6732067.53
SKU01069,71.24137674209808,30.0,30.0,9.0,Apparel & Footwear,1801.49,1119.04,0.0,0.0,Healthy,HEALTHY,0.0,0.0
SKU01070,64.33923689998734,7217.0,1643.0,561.0,Home Care,202.07,133.29,0.0,1.0,High overstock,MARKDOWN / CLEAR,0.0,953378.15
SKU01071,123.14115049244363,405.0,217.0,61.0,Health & Wellness,673.91,487.51,0.0,1.0,High overstock,MARKDOWN / CLEAR,0.0,137409.01
SKU01072,83.059084317096,241.0,214.0,89.0,Frozen Foods,827.35,598.21,0.0,1.0,High overstock,MARKDOWN / CLEAR,0.0,94481.84
SKU01073,62.81265676420697,269.0,120.0,33.0,Stationery & Office,332.78,264.01,0.0,1.0,High overstock,MARKDOWN / CLEAR,0.0,54435.52
SKU01074,66.56380824604905,106.0,49.0,24.0,Health & Wellness,287.03,183.1,0.0,0.5836881131734766,High overstock,MARKDOWN / CLEAR,0.0,7220.77
SKU01075,61.16377555232904,6602.0,1413.0,499.0,Home Care,382.05,215.8,0.0,1.0,High overstock,MARKDOWN / CLEAR,0.0,1411512.46
SKU01076,71.8050795901258,370.0,220.0,75.0,Stationery & Office,172.63,132.12,0.0,1.0,High overstock,MARKDOWN / CLEAR,0.0,39397.51
SKU01077,94.68211904495165,11.0,65.0,24.0,Beverages,126.83,92.92,0.7739905430665643,0.0,High stockout,REORDER NOW,4650.92,0.0
SKU01078,100.6121295328017,229.0,194.0,75.0,Stationery & Office,243.34,137.98,0.0,1.0,High overstock,MARKDOWN / CLEAR,0.0,17714.96
SKU01079,256.74952256131775,0.0,0.0,0.0,Beverages,125.88,71.86,1.0,0.0,High stockout,REORDER NOW,8079.91,0.0
SKU01080,78.6302972112208,0.0,0.0,0.0,Dairy & Bakery,167.2,111.88,1.0,0.0,High stockout,REORDER NOW,3286.75,0.0
SKU01081,83.4786545232412,696.0,376.0,113.0,Apparel & Footwear,2680.16,1703.0,0.0,1.0,High overstock,MARKDOWN / CLEAR,0.0,1043123.85
SKU01082,75.23397720917194,363.0,223.0,87.0,Electronics & Accessories,513.43,358.94,0.0,1.0,High overstock,MARKDOWN / CLEAR,0.0,103290.74
SKU01083,123.78595230709296,13.0,34.0,9.0,Stationery & Office,421.04,254.64,0.6825124544106089,0.0,High stockout,REORDER NOW,11345.55,0.0
SKU01084,160.47094389716682,0.0,0.0,0.0,Electronics & Accessories,2259.43,1784.58,1.0,0.0,High stockout,REORDER NOW,90643.22,0.0
SKU01085,230.64871636140833,360.0,213.0,78.0,Health & Wellness,263.64,178.76,0.0,0.5583941308648712,High overstock,MARKDOWN / CLEAR,0.0,23122.84
SKU01086,78.69457144966634,421.0,337.0,110.0,Personal Care,123.82,91.34,0.0,1.0,High overstock,MARKDOWN / CLEAR,0.0,31266.18
SKU01087,107.31660472507784,62.0,140.0,53.0,Grocery,231.99,134.89,0.2329500051168759,0.0,Healthy,HEALTHY,4136.18,0.0
SKU01088,292.95102442447177,185.0,126.0,37.0,Beverages,183.33,129.11,0.0,0.0,Healthy,HEALTHY,0.0,0.0
SKU01089,138.02628498684152,0.0,0.0,0.0,Dairy & Bakery,134.77,103.27,1.0,0.0,High stockout,REORDER NOW,4650.45,0.0
SKU01090,62.58822932270434,16.0,21.0,7.0,Grocery,261.96,145.58,0.32338304186187083,0.0,Healthy,HEALTHY,1741.26,0.0
SKU01091,66.22251775992842,62.0,79.0,35.0,Frozen Foods,650.81,445.8,0.0,0.0,Healthy,HEALTHY,0.0,0.0
SKU01092,170.9807137507261,459.0,286.0,87.0,Apparel & Footwear,1883.52,1152.13,0.0,1.0,High overstock,MARKDOWN / CLEAR,0.0,331835.66
SKU01093,120.74646722427514,19.0,71.0,15.0,Stationery & Office,90.9,60.87,0.5886254219533253,0.0,High stockout,REORDER NOW,2380.36,0.0
SKU01094,61.731807937598546,103.0,37.0,15.0,Home Care,210.83,158.97,0.0,0.657851151101086,High overstock,MARKDOWN / CLEAR,0.0,6560.4
SKU01095,87.58732565754342,170.0,79.0,36.0,Home & Kitchen,1277.56,923.06,0.0,0.9302987050432417,High overstock,MARKDOWN / CLEAR,0.0,76071.84
SKU01096,82.73741478392697,118.0,95.0,23.0,Stationery & Office,79.71,58.88,0.0,0.4211090742061162,Healthy,HEALTHY,0.0,2076.26
SKU01097,61.535232328154535,91.0,112.0,54.0,Home & Kitchen,1366.05,823.62,0.0,0.47117067571171195,Healthy,HEALTHY,0.0,24267.77
SKU01098,83.93244567984813,0.0,0.0,0.0,Home Care,69.89,52.99,1.0,0.0,High stockout,REORDER NOW,1466.51,0.0
SKU01099,77.84460734167081,102.0,108.0,44.0,Dairy & Bakery,192.67,135.54,0.0,0.30636708676412705,Healthy,HEALTHY,0.0,3274.02
SKU01100,75.43153268377816,304.0,183.0,78.0,Stationery & Office,170.38,96.66,0.0,1.0,High overstock,MARKDOWN / CLEAR,0.0,22093.43
SKU01101,130.69337748984546,90.0,55.0,18.0,Snacks & Confectionery,126.22,96.64,0.0,0.0,Healthy,HEALTHY,0.0,0.0
SKU01102,72.26650210029199,83.0,73.0,30.0,Personal Care,340.37,191.95,0.0,0.1464993904719963,Healthy,HEALTHY,0.0,2060.29
SKU01103,70.12470928502816,34.0,34.0,8.0,Grocery,222.82,124.15,0.0,0.0,Healthy,HEALTHY,0.0,0.0
SKU01104,63.95671203586298,7108.0,1687.0,623.0,Apparel & Footwear,1089.39,826.23,0.0,1.0,High overstock,MARKDOWN / CLEAR,0.0,5819999.89
SKU01105,64.02093955150535,0.0,0.0,0.0,Health & Wellness,718.64,397.59,1.0,0.0,High stockout,REORDER NOW,11502.0,0.0
SKU01106,84.4006802600558,71.0,87.0,27.0,Beverages,115.88,66.3,0.0,0.0,Healthy,HEALTHY,0.0,0.0
SKU01107,62.417107334889614,318.0,187.0,71.0,Snacks & Confectionery,67.08,37.18,0.0,1.0,High overstock,MARKDOWN / CLEAR,0.0,9502.57
SKU01108,87.10553269855119,253.0,133.0,43.0,Frozen Foods,482.5,371.56,0.0,1.0,High overstock,MARKDOWN / CLEAR,0.0,61639.75
SKU01109,69.80924540295389,395.0,232.0,78.0,Frozen Foods,486.1,272.79,0.0,1.0,High overstock,MARKDOWN / CLEAR,0.0,88708.79
SKU01110,139.13197090671244,79.0,97.0,36.0,Apparel & Footwear,1608.9,1034.8,0.0,0.0,Healthy,HEALTHY,0.0,0.0
SKU01111,71.52961860064465,0.0,0.0,0.0,Dairy & Bakery,301.5,182.18,1.0,0.0,High stockout,REORDER NOW,5391.55,0.0
SKU01112,62.684328401336806,4645.0,1176.0,406.0,Stationery & Office,148.59,94.42,0.0,1.0,High overstock,MARKDOWN / CLEAR,0.0,432662.25
SKU01113,62.872385551779516,153.0,95.0,35.0,Home Care,298.97,186.15,0.0,1.0,High overstock,MARKDOWN / CLEAR,0.0,16777.26
SKU01114,70.84150644008754,124.0,111.0,43.0,Apparel & Footwear,554.93,428.39,0.0,0.7399412428001375,High overstock,MARKDOWN / CLEAR,0.0,22772.57
SKU01115,267.88237784980896,3.0,25.0,11.0,Snacks & Confectionery,124.25,92.22,0.9620111761799337,0.0,High stockout,REORDER NOW,9315.1,0.0
SKU01116,91.74267708270294,71.0,49.0,15.0,Grocery,297.88,229.74,0.0,0.0,Healthy,HEALTHY,0.0,0.0
SKU01117,223.95958438764242,557.0,288.0,91.0,Grocery,157.6,115.05,0.0,1.0,High overstock,MARKDOWN / CLEAR,0.0,38316.3
SKU01118,87.76246002687171,70.0,165.0,64.0,Personal Care,510.49,322.93,0.19485271648249702,0.0,Healthy,HEALTHY,8137.52,0.0
SKU01119,60.98244057104942,126.0,174.0,61.0,Stationery & Office,181.19,108.07,0.0,1.0,High overstock,MARKDOWN / CLEAR,0.0,7026.45
SKU01120,74.82586998247456,220.0,147.0,59.0,Grocery,213.08,145.42,0.0,1.0,High overstock,MARKDOWN / CLEAR,0.0,21111.22
SKU01121,111.15329442760677,225.0,236.0,86.0,Personal Care,316.47,202.28,0.0,1.0,High overstock,MARKDOWN / CLEAR,0.0,23028.91
SKU01122,134.28971213478198,20.0,97.0,27.0,Beverages,145.52,103.44,0.6751792865947237,0.0,High stockout,REORDER NOW,5904.1,0.0
SKU01123,61.56027413512849,283.0,220.0,65.0,Stationery & Office,97.2,54.41,0.0,1.0,High overstock,MARKDOWN / CLEAR,0.0,12048.54
SKU01124,65.51258485338326,614.0,344.0,139.0,Electronics & Accessories,1664.53,1212.19,0.0,1.0,High overstock,MARKDOWN / CLEAR,0.0,664870.96
SKU01125,88.3699242700382,173.0,158.0,46.0,Apparel & Footwear,1145.77,715.98,0.0,0.9469637176176342,High overstock,MARKDOWN / CLEAR,0.0,60593.44
SKU01126,167.73497010799758,0.0,0.0,0.0,Electronics & Accessories,1716.23,1142.25,1.0,0.0,High stockout,REORDER NOW,71967.95,0.0
SKU01127,256.6965164366859,197.0,244.0,109.0,Health & Wellness,817.54,649.66,0.0,0.0,Healthy,HEALTHY,0.0,0.0
SKU01128,92.21104397470596,276.0,200.0,66.0,Apparel & Footwear,2811.97,1698.13,0.0,1.0,High overstock,MARKDOWN / CLEAR,0.0,312097.54
SKU01129,86.43844877725694,52.0,89.0,37.0,Grocery,329.67,191.02,0.12765746855571836,0.0,Healthy,HEALTHY,2178.99,0.0
SKU01130,67.48423069798875,248.0,136.0,32.0,Home & Kitchen,1764.9,1063.27,0.0,1.0,High overstock,MARKDOWN / CLEAR,0.0,191937.0
SKU01131,68.0752769191428,124.0,86.0,30.0,Electronics & Accessories,1745.98,1113.72,0.0,0.809619962093251,High overstock,MARKDOWN / CLEAR,0.0,62284.48
SKU01132,69.98756397942698,445.0,273.0,114.0,Electronics & Accessories,327.79,224.23,0.0,1.0,High overstock,MARKDOWN / CLEAR,0.0,84089.04
SKU01133,61.402180574495084,5355.0,1237.0,453.0,Personal Care,347.45,276.24,0.0,1.0,High overstock,MARKDOWN / CLEAR,0.0,1462303.46
SKU01134,95.14224840928395,57.0,59.0,20.0,Apparel & Footwear,1312.85,1007.57,0.0,0.0,Healthy,HEALTHY,0.0,0.0
SKU01135,70.66924407818314,176.0,82.0,28.0,Personal Care,184.19,134.23,0.0,1.0,High overstock,MARKDOWN / CLEAR,0.0,14138.55
SKU01136,208.8702127658363,498.0,237.0,77.0,Grocery,306.5,223.79,0.0,1.0,High overstock,MARKDOWN / CLEAR,0.0,64704.36
SKU01137,219.3933589879873,401.0,171.0,73.0,Home & Kitchen,1286.53,798.87,0.0,0.8240114032742306,High overstock,MARKDOWN / CLEAR,0.0,145080.1
SKU01138,497.45440013102836,0.0,1055.0,412.0,Snacks & Confectionery,181.15,141.66,1.0,0.0,High stockout,REORDER NOW,97162.27,0.0
SKU01139,63.24810670758538,0.0,0.0,0.0,Beverages,137.5,94.17,1.0,0.0,High stockout,REORDER NOW,2174.15,0.0
SKU01140,91.54189494395078,541.0,255.0,97.0,Health & Wellness,467.27,275.98,0.0,1.0,High overstock,MARKDOWN / CLEAR,0.0,124041.45
SKU01141,75.5864906662776,0.0,0.0,0.0,Snacks & Confectionery,110.22,86.81,1.0,0.0,High stockout,REORDER NOW,2082.79,0.0
SKU01142,104.62194025467188,272.0,150.0,67.0,Home & Kitchen,424.49,287.22,0.0,1.0,High overstock,MARKDOWN / CLEAR,0.0,48074.33
SKU01143,85.42602704306645,3.0,93.0,22.0,Home Care,410.89,241.96,0.9323661798666818,0.0,High stockout,REORDER NOW,16582.09,0.0
SKU01144,63.9498416541298,425.0,287.0,95.0,Grocery,215.74,158.31,0.0,1.0,High overstock,MARKDOWN / CLEAR,0.0,57157.85
SKU01145,68.21595342916021,449.0,156.0,50.0,Stationery & Office,34.0,20.69,0.0,1.0,High overstock,MARKDOWN / CLEAR,0.0,7878.42
SKU01146,64.50929392211833,422.0,314.0,106.0,Frozen Foods,212.51,126.85,0.0,1.0,High overstock,MARKDOWN / CLEAR,0.0,45347.7
SKU01147,66.44167759714763,108.0,198.0,63.0,Dairy & Bakery,249.35,153.82,0.0,0.6162112788933654,High overstock,MARKDOWN / CLEAR,0.0,6392.5
SKU01148,67.71770301579997,64.0,29.0,11.0,Electronics & Accessories,1716.82,1192.45,0.0,0.0,Healthy,HEALTHY,0.0,0.0
SKU01149,66.53654393110094,32.0,26.0,10.0,Frozen Foods,500.46,311.86,0.0,0.0,Healthy,HEALTHY,0.0,0.0
SKU01150,61.1349116103509,54.0,81.0,31.0,Grocery,279.57,156.62,0.0,0.0,Healthy,HEALTHY,0.0,0.0
SKU01151,132.18488775979253,256.0,136.0,48.0,Apparel & Footwear,1839.22,1189.74,0.0,0.9296483581794651,High overstock,MARKDOWN / CLEAR,0.0,147307.79
SKU01152,728.4194749191263,0.0,830.0,304.0,Personal Care,486.03,295.8,1.0,0.0,High stockout,REORDER NOW,236261.55,0.0
SKU01153,364.313368108335,0.0,1098.0,384.0,Electronics & Accessories,897.4,608.31,1.0,0.0,High stockout,REORDER NOW,426335.3,0.0
SKU01154,64.63845060977987,163.0,62.0,24.0,Home & Kitchen,1547.75,1029.08,0.0,1.0,High overstock,MARKDOWN / CLEAR,0.0,101221.9
SKU01155,142.59061610752426,382.0,257.0,75.0,Health & Wellness,996.18,567.35,0.0,1.0,High overstock,MARKDOWN / CLEAR,0.0,135828.91
SKU01156,73.50129342096362,190.0,162.0,50.0,Electronics & Accessories,2106.88,1288.0,0.0,1.0,High overstock,MARKDOWN / CLEAR,0.0,150050.33
SKU01157,78.94301543705205,454.0,199.0,59.0,Dairy & Bakery,228.88,141.99,0.0,1.0,High overstock,MARKDOWN / CLEAR,0.0,53254.34
SKU01158,61.520739345857436,320.0,187.0,49.0,Snacks & Confectionery,90.44,60.7,0.0,1.0,High overstock,MARKDOWN / CLEAR,0.0,15689.69
SKU01159,195.92400550582158,64.0,70.0,15.0,Personal Care,361.28,272.97,0.015096741442504835,0.0,Healthy,HEALTHY,0.0,0.0
SKU01160,63.67725528011425,467.0,179.0,80.0,Home & Kitchen,762.62,461.12,0.0,1.0,High overstock,MARKDOWN / CLEAR,0.0,185980.18
SKU01161,72.19917666950931,120.0,70.0,26.0,Frozen Foods,440.73,259.83,0.0,0.653024057173608,High overstock,MARKDOWN / CLEAR,0.0,12420.09
SKU01162,85.35328275415726,186.0,98.0,37.0,Personal Care,154.8,85.18,0.0,1.0,High overstock,MARKDOWN / CLEAR,0.0,8573.09
SKU01163,72.14227691338793,160.0,166.0,58.0,Apparel & Footwear,3396.91,2383.36,0.0,1.0,High overstock,MARKDOWN / CLEAR,0.0,209396.58
SKU01164,580.8721579814039,323.0,765.0,246.0,Home & Kitchen,241.81,152.68,0.1764784699459787,0.0,Healthy,HEALTHY,16495.8,0.0
SKU01165,197.10980197871382,203.0,158.0,71.0,Home & Kitchen,996.52,715.04,0.0,0.029731986819708508,Healthy,HEALTHY,0.0,4211.73
SKU01166,139.43843473898744,0.0,0.0,0.0,Dairy & Bakery,388.66,280.82,1.0,0.0,High stockout,REORDER NOW,13548.54,0.0
SKU01167,65.45626106986326,3823.0,893.0,337.0,Electronics & Accessories,1837.34,1031.07,0.0,1.0,High overstock,MARKDOWN / CLEAR,0.0,3874290.62
SKU01168,65.65483715748897,51.0,79.0,29.0,Health & Wellness,269.77,176.59,0.0,0.0,Healthy,HEALTHY,0.0,0.0
SKU01169,80.44068555344721,129.0,179.0,48.0,Home Care,146.46,116.0,0.0,0.5962537534717176,High overstock,MARKDOWN / CLEAR,0.0,5632.88
SKU01170,386.17825794290604,97.0,957.0,341.0,Personal Care,365.5,226.17,0.7788138131098485,0.0,High stockout,REORDER NOW,124469.04,0.0
SKU01171,62.586053613225246,0.0,0.0,0.0,Beverages,83.0,56.64,1.0,0.0,High stockout,REORDER NOW,1298.66,0.0
SKU01172,69.81246411636809,117.0,51.0,17.0,Dairy & Bakery,302.18,206.83,0.0,0.6663733069094633,High overstock,MARKDOWN / CLEAR,0.0,9759.8
SKU01173,65.8126402268927,0.0,0.0,0.0,Frozen Foods,346.97,213.43,1.0,0.0,High stockout,REORDER NOW,5708.75,0.0
SKU01174,62.240718652973435,9102.0,1898.0,613.0,Home & Kitchen,1964.02,1462.83,0.0,1.0,High overstock,MARKDOWN / CLEAR,0.0,13223631.07
SKU01175,62.64403476981231,260.0,148.0,53.0,Home & Kitchen,618.29,340.63,0.0,1.0,High overstock,MARKDOWN / CLEAR,0.0,67225.36
SKU01176,91.30976786036814,468.0,240.0,73.0,Snacks & Confectionery,95.51,57.95,0.0,1.0,High overstock,MARKDOWN / CLEAR,0.0,21829.2
SKU01177,62.31516524351955,49.0,79.0,22.0,Electronics & Accessories,1402.34,979.02,0.0,0.0,Healthy,HEALTHY,0.0,0.0
SKU01178,72.12951960710068,1.0,20.0,7.0,Beverages,95.91,74.74,0.9615863012228164,0.0,High stockout,REORDER NOW,2304.95,0.0
SKU01179,62.77660166829257,0.0,0.0,0.0,Electronics & Accessories,1331.57,735.54,1.0,0.0,High stockout,REORDER NOW,20897.86,0.0
SKU01180,68.77064412219733,0.0,0.0,0.0,Personal Care,450.33,315.33,1.0,0.0,High stockout,REORDER NOW,7742.37,0.0
SKU01181,66.21368255141692,184.0,70.0,23.0,Home Care,437.11,240.78,0.0,1.0,High overstock,MARKDOWN / CLEAR,0.0,28360.59
SKU01182,182.78297490946522,85.0,44.0,19.0,Electronics & Accessories,2365.65,1669.45,0.0,0.0,Healthy,HEALTHY,0.0,0.0
SKU01183,97.27589121565573,152.0,119.0,48.0,Home Care,228.38,149.11,0.0,0.5568416435345082,High overstock,MARKDOWN / CLEAR,0.0,8159.91
SKU01184,101.9782211650012,8.0,56.0,26.0,Apparel & Footwear,891.4,587.09,0.8476032427436636,0.0,High stockout,REORDER NOW,38771.05,0.0
SKU01185,71.26773367010956,101.0,94.0,38.0,Frozen Foods,446.89,353.88,0.0,0.41141827507160234,Healthy,HEALTHY,0.0,10521.65
SKU01186,69.0533168015732,245.0,176.0,59.0,Stationery & Office,109.5,78.9,0.0,1.0,High overstock,MARKDOWN / CLEAR,0.0,13882.19
SKU01187,61.259151958880466,293.0,180.0,73.0,Health & Wellness,629.38,377.06,0.0,1.0,High overstock,MARKDOWN / CLEAR,0.0,87380.2
SKU01188,98.10717959588145,208.0,122.0,35.0,Dairy & Bakery,281.05,224.65,0.0,1.0,High overstock,MARKDOWN / CLEAR,0.0,24687.42
SKU01189,841.239960412209,14.0,518.0,202.0,Apparel & Footwear,2299.8,1412.47,0.9661271192682536,0.0,High stockout,REORDER NOW,916033.32,0.0
SKU01190,212.06442071920972,58.0,45.0,13.0,Personal Care,346.48,249.98,0.13453639473097478,0.0,Healthy,HEALTHY,2777.42,0.0
SKU01191,62.775174655069414,4535.0,1003.0,337.0,Frozen Foods,672.51,484.26,0.0,1.0,High overstock,MARKDOWN / CLEAR,0.0,2165719.59
SKU01192,95.20074005599034,0.0,0.0,0.0,Beverages,149.22,113.77,1.0,0.0,High stockout,REORDER NOW,3551.46,0.0
SKU01193,140.46003001932573,115.0,41.0,16.0,Beverages,253.89,164.96,0.0,0.0,Healthy,HEALTHY,0.0,0.0
SKU01194,134.50095042603598,346.0,246.0,102.0,Frozen Foods,620.84,449.48,0.0,1.0,High overstock,MARKDOWN / CLEAR,0.0,95064.59
SKU01195,122.61398656288544,521.0,371.0,124.0,Snacks & Confectionery,191.61,135.37,0.0,1.0,High overstock,MARKDOWN / CLEAR,0.0,53929.51
SKU01196,104.08000710260876,171.0,136.0,49.0,Stationery & Office,124.22,81.87,0.0,0.6368480050828799,High overstock,MARKDOWN / CLEAR,0.0,5478.74
SKU01197,137.98197795497657,0.0,0.0,0.0,Home & Kitchen,2209.52,1721.19,1.0,0.0,High stockout,REORDER NOW,76218.48,0.0
SKU01198,64.3097161502503,0.0,0.0,0.0,Electronics & Accessories,3669.7,2249.46,1.0,0.0,High stockout,REORDER NOW,58999.34,0.0
SKU01199,93.54852241553063,179.0,223.0,96.0,Electronics & Accessories,2539.08,1538.86,0.0,0.9037843786592379,High overstock,MARKDOWN / CLEAR,0.0,131497.86
SKU01200,63.08830501713223,4575.0,1044.0,378.0,Health & Wellness,973.91,689.14,0.0,1.0,High overstock,MARKDOWN / CLEAR,0.0,3109338.83
SKU01201,96.34138787613918,156.0,132.0,48.0,Grocery,133.28,79.64,0.0,0.6128802293200573,High overstock,MARKDOWN / CLEAR,0.0,4751.21
SKU01202,65.35636746167128,100.0,78.0,36.0,Personal Care,330.45,250.32,0.0,0.5220845242672385,High overstock,MARKDOWN / CLEAR,0.0,8671.99
SKU01203,79.94005469817284,264.0,251.0,84.0,Home Care,505.24,320.79,0.0,1.0,High overstock,MARKDOWN / CLEAR,0.0,59044.59
SKU01204,66.29738331261665,42.0,26.0,10.0,Home & Kitchen,2364.73,1549.55,0.0,0.0,Healthy,HEALTHY,0.0,0.0
SKU01205,95.81685505820819,317.0,175.0,54.0,Snacks & Confectionery,71.98,51.87,0.0,1.0,High overstock,MARKDOWN / CLEAR,0.0,11472.77
SKU01206,72.85759156359016,287.0,163.0,46.0,Home Care,405.83,313.01,0.0,1.0,High overstock,MARKDOWN / CLEAR,0.0,67028.72
SKU01207,71.14061108736155,213.0,141.0,68.0,Personal Care,437.42,316.03,0.0,1.0,High overstock,MARKDOWN / CLEAR,0.0,44831.82
SKU01208,92.0204950820621,241.0,146.0,54.0,Beverages,116.35,66.73,0.0,1.0,High overstock,MARKDOWN / CLEAR,0.0,9941.4
SKU01209,147.54422890853957,59.0,33.0,12.0,Beverages,99.4,63.07,0.0,0.0,Healthy,HEALTHY,0.0,0.0
SKU01210,132.22940396149158,377.0,247.0,84.0,Personal Care,279.72,206.3,0.0,1.0,High overstock,MARKDOWN / CLEAR,0.0,50496.17
SKU01211,87.4164401801267,206.0,152.0,46.0,Grocery,261.45,203.13,0.0,1.0,High overstock,MARKDOWN / CLEAR,0.0,24087.88
SKU01212,96.83701125052869,0.0,0.0,0.0,Grocery,240.47,170.36,1.0,0.0,High stockout,REORDER NOW,5821.6,0.0
SKU01213,92.7943015588452,198.0,144.0,37.0,Personal Care,423.96,296.36,0.0,1.0,High overstock,MARKDOWN / CLEAR,0.0,31178.76
SKU01214,119.40436689025321,0.0,0.0,0.0,Snacks & Confectionery,92.73,59.79,1.0,0.0,High stockout,REORDER NOW,2768.09,0.0
SKU01215,61.54002862956646,377.0,138.0,33.0,Frozen Foods,268.96,180.07,0.0,1.0,High overstock,MARKDOWN / CLEAR,0.0,56804.88
SKU01216,64.4788154917283,250.0,215.0,75.0,Grocery,609.83,401.3,0.0,1.0,High overstock,MARKDOWN / CLEAR,0.0,74449.65
SKU01217,126.02568653028767,103.0,47.0,19.0,Dairy & Bakery,184.17,103.83,0.0,0.0,Healthy,HEALTHY,0.0,0.0
SKU01218,67.1073715872185,156.0,126.0,44.0,Home Care,375.09,208.35,0.0,1.0,High overstock,MARKDOWN / CLEAR,0.0,18520.78
SKU01219,63.507182509066546,0.0,0.0,0.0,Stationery & Office,317.89,223.91,1.0,0.0,High stockout,REORDER NOW,5047.07,0.0
SKU01220,100.2830507895521,212.0,74.0,22.0,Health & Wellness,872.06,590.79,0.0,1.0,High overstock,MARKDOWN / CLEAR,0.0,66001.26
SKU01221,133.72983323050548,4.0,77.0,27.0,Home & Kitchen,2043.23,1248.87,0.9348878408874706,0.0,High stockout,REORDER NOW,115304.49,0.0
SKU01222,61.305970641728194,328.0,213.0,87.0,Personal Care,670.78,518.64,0.0,1.0,High overstock,MARKDOWN / CLEAR,0.0,138318.19
SKU01223,104.76439832066285,61.0,25.0,12.0,Home Care,271.98,163.64,0.0,0.0,Healthy,HEALTHY,0.0,0.0
SKU01224,61.06734640531717,281.0,163.0,44.0,Home Care,282.15,204.59,0.0,1.0,High overstock,MARKDOWN / CLEAR,0.0,44996.02
SKU01225,68.18579921917035,201.0,277.0,104.0,Home & Kitchen,1771.96,1323.81,0.0,1.0,High overstock,MARKDOWN / CLEAR,0.0,175820.77
SKU01226,123.0155473562592,92.0,47.0,15.0,Stationery & Office,148.05,112.53,0.0,0.0,Healthy,HEALTHY,0.0,0.0
SKU01227,126.92040124851553,165.0,157.0,45.0,Stationery & Office,401.78,305.31,0.0,0.29768198332575485,Healthy,HEALTHY,0.0,11626.08
SKU01228,65.36618887158242,137.0,97.0,29.0,Apparel & Footwear,1373.33,1028.0,0.0,1.0,High overstock,MARKDOWN / CLEAR,0.0,73639.56
SKU01229,62.29792860093122,6258.0,1432.0,439.0,Frozen Foods,492.86,327.48,0.0,1.0,High overstock,MARKDOWN / CLEAR,0.0,2028968.51
SKU01230,76.92130168450875,402.0,206.0,77.0,Frozen Foods,687.23,485.17,0.0,1.0,High overstock,MARKDOWN / CLEAR,0.0,157718.43
SKU01231,72.50140610114981,25.0,20.0,6.0,Stationery & Office,300.33,229.58,0.00498904563230862,0.0,Healthy,HEALTHY,0.0,0.0
SKU01232,355.25840529388887,20.0,35.0,10.0,Dairy & Bakery,416.45,272.8,0.7996285139166625,0.0,High stockout,REORDER NOW,32822.34,0.0
SKU01233,67.25256187628713,0.0,0.0,0.0,Personal Care,468.0,335.89,1.0,0.0,High stockout,REORDER NOW,7868.55,0.0
SKU01234,74.40153727719267,244.0,98.0,34.0,Home & Kitchen,2427.07,1431.69,0.0,1.0,High overstock,MARKDOWN / CLEAR,0.0,242812.42
SKU01235,64.68397664191119,74.0,83.0,29.0,Personal Care,283.19,195.73,0.0,0.14183098884035147,Healthy,HEALTHY,0.0,1823.43
SKU01236,68.77762137629212,232.0,95.0,23.0,Snacks & Confectionery,109.0,63.79,0.0,1.0,High overstock,MARKDOWN / CLEAR,0.0,10411.96
SKU01237,90.9307608840293,228.0,195.0,84.0,Frozen Foods,974.68,696.97,0.0,1.0,High overstock,MARKDOWN / CLEAR,0.0,95533.15
SKU01238,108.07677917649184,337.0,152.0,51.0,Dairy & Bakery,176.71,113.84,0.0,1.0,High overstock,MARKDOWN / CLEAR,0.0,26060.62
SKU01239,90.86190089651734,0.0,0.0,0.0,Home & Kitchen,2148.74,1304.2,1.0,0.0,High stockout,REORDER NOW,48809.65,0.0
SKU01240,61.25685733542948,0.0,0.0,0.0,Home & Kitchen,1130.44,723.69,1.0,0.0,High stockout,REORDER NOW,17311.8,0.0
SKU01241,83.72220226653731,207.0,95.0,38.0,Dairy & Bakery,192.42,139.57,0.0,1.0,High overstock,MARKDOWN / CLEAR,0.0,17205.88
SKU01242,142.97282550948592,349.0,202.0,64.0,Frozen Foods,414.93,322.4,0.0,1.0,High overstock,MARKDOWN / CLEAR,0.0,66423.16
SKU01243,120.66731402564493,202.0,85.0,39.0,Stationery & Office,208.57,115.3,0.0,0.6684842730826772,High overstock,MARKDOWN / CLEAR,0.0,9377.66
SKU01244,135.43967650312817,0.0,0.0,0.0,Electronics & Accessories,2224.69,1316.93,1.0,0.0,High stockout,REORDER NOW,75327.82,0.0
SKU01245,126.50934000018135,0.0,0.0,0.0,Snacks & Confectionery,38.18,27.74,1.0,0.0,High stockout,REORDER NOW,1207.53,0.0
SKU01246,105.82185908044542,174.0,289.0,107.0,Health & Wellness,526.86,364.68,0.0,0.6382414751667164,High overstock,MARKDOWN / CLEAR,0.0,24863.2
SKU01247,61.39772141428793,463.0,228.0,83.0,Health & Wellness,828.82,521.99,0.0,1.0,High overstock,MARKDOWN / CLEAR,0.0,209632.37
SKU01248,311.69608820690524,82.0,88.0,42.0,Health & Wellness,381.79,272.19,0.3218882517410496,0.0,Healthy,HEALTHY,14479.01,0.0
SKU01249,130.55878429641095,44.0,113.0,37.0,Grocery,112.21,86.04,0.37712076289452123,0.0,Healthy,HEALTHY,2877.03,0.0
SKU01250,68.12451618134921,22.0,26.0,7.0,Dairy & Bakery,56.55,34.75,0.1210943797160412,0.0,Healthy,HEALTHY,114.86,0.0
SKU01251,74.5058693408424,231.0,222.0,99.0,Home & Kitchen,2613.85,1754.99,0.0,1.0,High overstock,MARKDOWN / CLEAR,0.0,274645.63
SKU01252,96.78509814752677,0.0,0.0,0.0,Snacks & Confectionery,95.29,52.9,1.0,0.0,High stockout,REORDER NOW,2305.66,0.0
SKU01253,71.23893599415828,177.0,171.0,67.0,Dairy & Bakery,228.57,179.77,0.0,1.0,High overstock,MARKDOWN / CLEAR,0.0,19012.67
SKU01254,93.1436641049271,180.0,118.0,33.0,Dairy & Bakery,116.86,87.69,0.0,0.9225935353256257,High overstock,MARKDOWN / CLEAR,0.0,7616.43
SKU01255,285.2923141316891,170.0,150.0,38.0,Snacks & Confectionery,182.77,123.6,0.0,0.0,Healthy,HEALTHY,0.0,0.0
SKU01256,61.36063914043997,336.0,205.0,75.0,Beverages,156.9,125.21,0.0,1.0,High overstock,MARKDOWN / CLEAR,0.0,34387.59
SKU01257,86.51392883879134,480.0,290.0,108.0,Personal Care,362.06,219.07,0.0,1.0,High overstock,MARKDOWN / CLEAR,0.0,86200.99
SKU01258,67.277116006227,145.0,231.0,88.0,Home & Kitchen,2146.77,1580.01,0.0,1.0,High overstock,MARKDOWN / CLEAR,0.0,122802.93
SKU01259,66.5095982803895,145.0,94.0,30.0,Grocery,371.59,275.86,0.0,1.0,High overstock,MARKDOWN / CLEAR,0.0,21652.36
SKU01260,64.38418083828606,0.0,0.0,0.0,Dairy & Bakery,356.47,270.1,1.0,0.0,High stockout,REORDER NOW,5737.76,0.0
SKU01261,103.89242418170949,106.0,56.0,18.0,Grocery,327.98,236.56,0.0,0.0200927362937048,Healthy,HEALTHY,0.0,498.57
SKU01262,113.15158778918834,370.0,208.0,77.0,Frozen Foods,592.69,354.22,0.0,1.0,High overstock,MARKDOWN / CLEAR,0.0,90980.84
SKU01263,98.17813276228817,273.0,94.0,41.0,Dairy & Bakery,185.0,105.97,0.0,1.0,High overstock,MARKDOWN / CLEAR,0.0,18525.87
SKU01264,73.66787682355748,5425.0,1155.0,420.0,Apparel & Footwear,1108.95,659.92,0.0,1.0,High overstock,MARKDOWN / CLEAR,0.0,3531451.09
SKU01265,90.55012846189074,99.0,86.0,21.0,Health & Wellness,1099.45,840.62,0.0,0.092297757306006,Healthy,HEALTHY,0.0,7103.13
SKU01266,65.47987519204932,301.0,277.0,85.0,Apparel & Footwear,875.0,569.19,0.0,1.0,High overstock,MARKDOWN / CLEAR,0.0,134055.7
SKU01267,78.57966514743809,326.0,153.0,65.0,Health & Wellness,974.77,669.22,0.0,1.0,High overstock,MARKDOWN / CLEAR,0.0,165578.64
SKU01268,67.60291929756602,513.0,294.0,99.0,Home Care,336.73,187.34,0.0,1.0,High overstock,MARKDOWN / CLEAR,0.0,83440.69
SKU01269,72.65763425078902,78.0,69.0,19.0,Home & Kitchen,2876.02,1935.15,0.0,0.07252969503502289,Healthy,HEALTHY,0.0,10338.28
SKU01270,109.75562149636465,445.0,215.0,96.0,Home Care,282.8,184.48,0.0,1.0,High overstock,MARKDOWN / CLEAR,0.0,61845.88
SKU01271,109.08824247311057,171.0,174.0,49.0,Stationery & Office,230.92,157.87,0.0,0.5623830132633064,High overstock,MARKDOWN / CLEAR,0.0,9774.01
SKU01272,142.02361677883528,107.0,134.0,33.0,Stationery & Office,386.08,248.57,0.0,0.0,Healthy,HEALTHY,0.0,0.0
SKU01273,82.84875146523763,186.0,91.0,39.0,Health & Wellness,672.35,382.47,0.0,1.0,High overstock,MARKDOWN / CLEAR,0.0,39452.26
SKU01274,772.2927498652816,0.0,1060.0,410.0,Electronics & Accessories,558.36,313.23,1.0,0.0,High stockout,REORDER NOW,336731.94,0.0
SKU01275,73.34239800446879,254.0,155.0,58.0,Dairy & Bakery,96.57,76.04,0.0,1.0,High overstock,MARKDOWN / CLEAR,0.0,13737.2
SKU01276,104.43109667001549,114.0,177.0,55.0,Apparel & Footwear,1990.24,1395.07,0.0,0.090759781812133,Healthy,HEALTHY,0.0,13349.29
SKU01277,96.00632462200561,221.0,115.0,48.0,Electronics & Accessories,1564.08,1111.82,0.0,1.0,High overstock,MARKDOWN / CLEAR,0.0,138970.47
SKU01278,263.32754446803267,367.0,209.0,81.0,Home & Kitchen,1156.55,900.78,0.0,0.3922120781646549,Healthy,HEALTHY,0.0,93386.07
SKU01279,61.93574717738051,0.0,0.0,0.0,Dairy & Bakery,159.69,109.82,1.0,0.0,High stockout,REORDER NOW,2472.63,0.0
SKU01280,300.49694928231236,364.0,245.0,69.0,Apparel & Footwear,593.19,417.54,0.0,0.21062584835054288,Healthy,HEALTHY,0.0,26515.06
SKU01281,200.31157688152297,133.0,116.0,37.0,Home Care,181.51,123.56,0.0,0.0,Healthy,HEALTHY,0.0,0.0
SKU01282,83.2710579047249,446.0,214.0,51.0,Snacks & Confectionery,39.37,23.39,0.0,1.0,High overstock,MARKDOWN / CLEAR,0.0,8484.23
SKU01283,63.58229366372439,142.0,84.0,39.0,Snacks & Confectionery,70.13,44.03,0.0,1.0,High overstock,MARKDOWN / CLEAR,0.0,3452.73
SKU01284,81.18205209307587,81.0,64.0,28.0,Frozen Foods,265.24,204.52,0.0,0.0,Healthy,HEALTHY,0.0,0.0
SKU01285,64.22395547391474,0.0,0.0,0.0,Dairy & Bakery,370.92,245.17,1.0,0.0,High stockout,REORDER NOW,5955.49,0.0
SKU01286,68.372192590912,96.0,76.0,17.0,Beverages,85.48,51.38,0.0,0.39825478159540467,Healthy,HEALTHY,0.0,1419.52
SKU01287,61.163775552329035,5631.0,1374.0,508.0,Home Care,399.07,302.1,0.0,1.0,High overstock,MARKDOWN / CLEAR,0.0,1682647.52
SKU01288,96.17212470764994,140.0,97.0,42.0,Health & Wellness,393.1,224.78,0.0,0.451033415438941,Healthy,HEALTHY,0.0,9851.63
SKU01289,100.00388706890094,58.0,22.0,10.0,Dairy & Bakery,257.68,182.92,0.0,0.0,Healthy,HEALTHY,0.0,0.0
SKU01290,70.78631530425638,365.0,196.0,86.0,Stationery & Office,86.62,62.8,0.0,1.0,High overstock,MARKDOWN / CLEAR,0.0,18476.62
SKU01291,74.38754335019313,0.0,0.0,0.0,Apparel & Footwear,629.45,394.0,1.0,0.0,High stockout,REORDER NOW,11705.81,0.0
SKU01292,90.63347944893536,150.0,70.0,19.0,Frozen Foods,601.93,356.17,0.0,0.6478693257975416,High overstock,MARKDOWN / CLEAR,0.0,21144.57
SKU01293,335.82772363009815,90.0,79.0,36.0,Stationery & Office,228.78,151.47,0.25593350191062725,0.0,Healthy,HEALTHY,6853.55,0.0
SKU01294,88.11323034137354,44.0,106.0,29.0,Home Care,441.87,326.44,0.1543065296170617,0.0,Healthy,HEALTHY,3105.6,0.0
SKU01295,142.4760833360987,31.0,100.0,44.0,Beverages,148.61,114.68,0.615475359545465,0.0,High stockout,REORDER NOW,7225.27,0.0
SKU01296,66.59588142516648,156.0,112.0,37.0,Grocery,84.47,63.68,0.0,1.0,High overstock,MARKDOWN / CLEAR,0.0,5693.25
SKU01297,246.4842654180937,81.0,43.0,13.0,Stationery & Office,280.29,161.83,0.0,0.0,Healthy,HEALTHY,0.0,0.0
SKU01298,62.13065421389307,127.0,74.0,22.0,Stationery & Office,187.71,113.69,0.0,1.0,High overstock,MARKDOWN / CLEAR,0.0,7375.0
SKU01299,64.75722101009559,286.0,122.0,47.0,Electronics & Accessories,2565.74,1806.91,0.0,1.0,High overstock,MARKDOWN / CLEAR,0.0,399765.79
SKU01300,94.54579112999801,0.0,0.0,0.0,Beverages,134.05,97.52,1.0,0.0,High stockout,REORDER NOW,3168.47,0.0
SKU01301,117.96066941665077,168.0,236.0,96.0,Dairy & Bakery,478.27,264.09,0.0,0.4206376008871491,Healthy,HEALTHY,0.0,13214.89
SKU01302,80.19999596626569,368.0,262.0,92.0,Grocery,251.67,147.39,0.0,1.0,High overstock,MARKDOWN / CLEAR,0.0,42418.84
SKU01303,63.22814157786712,7270.0,1639.0,556.0,Grocery,413.39,237.08,0.0,1.0,High overstock,MARKDOWN / CLEAR,0.0,1708581.47
SKU01304,116.54146668649001,0.0,0.0,0.0,Snacks & Confectionery,76.18,48.4,1.0,0.0,High stockout,REORDER NOW,2219.53,0.0
SKU01305,102.3363381753949,253.0,241.0,107.0,Frozen Foods,741.4,533.96,0.0,1.0,High overstock,MARKDOWN / CLEAR,0.0,80448.37
SKU01306,62.492901058180905,39.0,55.0,13.0,Grocery,271.58,213.41,0.0,0.0,Healthy,HEALTHY,0.0,0.0
SKU01307,61.68110694553601,0.0,0.0,0.0,Stationery & Office,141.42,80.95,1.0,0.0,High stockout,REORDER NOW,2180.74,0.0
SKU01308,65.33610713621387,8.0,70.0,27.0,Home Care,105.47,71.35,0.8195516947069305,0.0,High stockout,REORDER NOW,3726.68,0.0
SKU01309,63.43903562358606,354.0,161.0,62.0,Dairy & Bakery,474.17,304.95,0.0,1.0,High overstock,MARKDOWN / CLEAR,0.0,88606.57
SKU01310,73.40386920702072,8360.0,1901.0,603.0,Frozen Foods,735.63,477.85,0.0,1.0,High overstock,MARKDOWN / CLEAR,0.0,3959749.96
SKU01311,61.26020469934091,83.0,87.0,32.0,Apparel & Footwear,889.85,504.56,0.0,0.34917641863919585,Healthy,HEALTHY,0.0,10969.03
SKU01312,63.790619411621655,404.0,160.0,63.0,Dairy & Bakery,152.76,95.03,0.0,1.0,High overstock,MARKDOWN / CLEAR,0.0,32330.1
SKU01313,79.20455206382371,287.0,210.0,81.0,Grocery,438.16,268.64,0.0,1.0,High overstock,MARKDOWN / CLEAR,0.0,55822.17
SKU01314,63.42380584715885,210.0,138.0,56.0,Grocery,325.53,237.5,0.0,1.0,High overstock,MARKDOWN / CLEAR,0.0,34811.85
SKU01315,256.5544241962338,209.0,119.0,43.0,Home & Kitchen,1695.35,1204.49,0.0,0.0,Healthy,HEALTHY,0.0,0.0
SKU01316,68.9610047510583,331.0,177.0,64.0,Beverages,190.6,135.15,0.0,1.0,High overstock,MARKDOWN / CLEAR,0.0,35414.57
SKU01317,694.4707992978703,142.0,1156.0,404.0,Health & Wellness,644.83,438.36,0.7545875280982972,0.0,High stockout,REORDER NOW,280899.36,0.0
SKU01318,60.902982101762724,6932.0,1639.0,597.0,Personal Care,348.04,221.19,0.0,1.0,High overstock,MARKDOWN / CLEAR,0.0,1519817.95
SKU01319,85.80111517185273,203.0,173.0,37.0,Apparel & Footwear,2048.66,1251.62,0.0,1.0,High overstock,MARKDOWN / CLEAR,0.0,146688.47
SKU01320,63.38110840774264,642.0,355.0,126.0,Grocery,228.08,126.09,0.0,1.0,High overstock,MARKDOWN / CLEAR,0.0,72958.06
SKU01321,85.37832978435715,561.0,347.0,112.0,Home & Kitchen,1107.76,650.24,0.0,1.0,High overstock,MARKDOWN / CLEAR,0.0,309268.23
SKU01322,108.63870836280742,0.0,0.0,0.0,Electronics & Accessories,905.89,548.04,1.0,0.0,High stockout,REORDER NOW,24603.68,0.0
SKU01323,61.20490703132287,476.0,202.0,71.0,Home Care,300.51,238.57,0.0,1.0,High overstock,MARKDOWN / CLEAR,0.0,98957.67
SKU01324,65.26066836643132,80.0,74.0,29.0,Snacks & Confectionery,63.63,50.43,0.0,0.22244465679183906,Healthy,HEALTHY,0.0,743.3
SKU01325,78.81521904304421,46.0,103.0,41.0,Stationery & Office,267.7,198.61,0.25450302167991246,0.0,Healthy,HEALTHY,3936.21,0.0
SKU01326,117.85149098483448,233.0,194.0,90.0,Dairy & Bakery,248.26,174.42,0.0,0.9688436220784015,High overstock,MARKDOWN / CLEAR,0.0,20084.2
SKU01327,84.18451250835764,69.0,30.0,12.0,Home Care,416.18,298.49,0.0,0.0,Healthy,HEALTHY,0.0,0.0
SKU01328,66.73121106139091,118.0,77.0,19.0,Personal Care,433.14,303.26,0.0,0.7569448137010213,High overstock,MARKDOWN / CLEAR,0.0,15547.77
SKU01329,63.3357668943904,158.0,96.0,34.0,Snacks & Confectionery,61.78,43.97,0.0,1.0,High overstock,MARKDOWN / CLEAR,0.0,4162.39
SKU01330,112.62592402594976,59.0,31.0,7.0,Personal Care,183.49,110.98,0.0,0.0,Healthy,HEALTHY,0.0,0.0
SKU01331,241.04462632102883,633.0,258.0,91.0,Beverages,87.75,69.69,0.0,1.0,High overstock,MARKDOWN / CLEAR,0.0,27315.37
SKU01332,83.89983862639184,158.0,99.0,38.0,Grocery,66.62,49.24,0.0,0.8727950791484013,High overstock,MARKDOWN / CLEAR,0.0,3648.69
SKU01333,61.30676907378645,245.0,181.0,53.0,Dairy & Bakery,87.58,53.3,0.0,1.0,High overstock,MARKDOWN / CLEAR,0.0,9790.85
SKU01334,71.10430815370196,7.0,92.0,21.0,Beverages,115.01,78.02,0.8240148219434088,0.0,High stockout,REORDER NOW,3654.57,0.0
SKU01335,68.06585414146056,132.0,52.0,18.0,Personal Care,236.44,176.69,0.0,0.9256983302861879,High overstock,MARKDOWN / CLEAR,0.0,11296.52
SKU01336,91.57915556347804,293.0,164.0,65.0,Home & Kitchen,804.43,625.68,0.0,1.0,High overstock,MARKDOWN / CLEAR,0.0,126024.99
SKU01337,61.68585520278542,7190.0,1673.0,597.0,Beverages,226.99,146.63,0.0,1.0,High overstock,MARKDOWN / CLEAR,0.0,1045224.7
SKU01338,128.54911696863599,144.0,127.0,33.0,Grocery,354.64,237.94,0.0,0.11926660245090434,Healthy,HEALTHY,0.0,3676.38
SKU01339,61.59933205416702,5535.0,1172.0,378.0,Beverages,241.91,151.79,0.0,1.0,High overstock,MARKDOWN / CLEAR,0.0,830807.49
SKU01340,68.64373656071515,0.0,0.0,0.0,Frozen Foods,704.19,453.6,1.0,0.0,High stockout,REORDER NOW,12084.56,0.0
SKU01341,184.3996935361509,390.0,190.0,79.0,Dairy & Bakery,51.95,31.53,0.0,1.0,High overstock,MARKDOWN / CLEAR,0.0,6482.58
SKU01342,93.50608170159342,399.0,244.0,62.0,Home Care,357.71,199.42,0.0,1.0,High overstock,MARKDOWN / CLEAR,0.0,60921.6
SKU01343,343.9743066319072,85.0,128.0,55.0,Grocery,332.15,217.25,0.40138137230854143,0.0,Healthy,HEALTHY,18598.27,0.0
SKU01344,74.02940327817976,0.0,0.0,0.0,Dairy & Bakery,219.4,146.48,1.0,0.0,High stockout,REORDER NOW,4060.51,0.0
SKU01345,67.0324765851318,0.0,0.0,0.0,Personal Care,344.03,256.29,1.0,0.0,High stockout,REORDER NOW,5765.3,0.0
SKU01346,79.55852837310456,111.0,142.0,45.0,Home Care,308.88,210.24,0.0,0.3902935202747888,Healthy,HEALTHY,0.0,6610.25
SKU01347,61.35024039272275,155.0,154.0,50.0,Frozen Foods,496.45,313.56,0.0,1.0,High overstock,MARKDOWN / CLEAR,0.0,29364.82
SKU01348,61.62254941318359,44.0,58.0,17.0,Apparel & Footwear,1179.87,785.57,0.0,0.0,Healthy,HEALTHY,0.0,0.0
SKU01349,69.7700721560004,64.0,65.0,30.0,Home Care,342.9,256.84,0.0,0.0,Healthy,HEALTHY,0.0,0.0
SKU01350,80.85086606558971,55.0,23.0,6.0,Home & Kitchen,1403.21,940.48,0.0,0.0,Healthy,HEALTHY,0.0,0.0
SKU01351,130.9489347758395,537.0,263.0,86.0,Frozen Foods,488.78,336.67,0.0,1.0,High overstock,MARKDOWN / CLEAR,0.0,136705.21
SKU01352,95.22816532582414,149.0,108.0,32.0,Dairy & Bakery,149.83,88.89,0.0,0.5587951769848973,High overstock,MARKDOWN / CLEAR,0.0,4779.78
SKU01353,106.29749523326423,0.0,0.0,0.0,Snacks & Confectionery,79.89,44.09,1.0,0.0,High stockout,REORDER NOW,2123.03,0.0
SKU01354,107.15419074410593,22.0,96.0,20.0,Dairy & Bakery,99.58,77.91,0.5396386568484719,0.0,High stockout,REORDER NOW,2468.44,0.0
SKU01355,80.97169357187741,363.0,201.0,74.0,Health & Wellness,1326.65,818.53,0.0,1.0,High overstock,MARKDOWN / CLEAR,0.0,230848.63
SKU01356,61.16042818841761,5109.0,1216.0,428.0,Snacks & Confectionery,188.2,119.86,0.0,1.0,High overstock,MARKDOWN / CLEAR,0.0,605034.05
SKU01357,236.61810410560136,295.0,172.0,56.0,Home & Kitchen,1062.03,614.61,0.0,0.2456963290492915,Healthy,HEALTHY,0.0,35882.1
SKU01358,86.83263642380592,174.0,111.0,49.0,Home Care,180.03,122.11,0.0,0.9924256759821964,High overstock,MARKDOWN / CLEAR,0.0,10644.01
SKU01359,250.0273275745301,172.0,167.0,54.0,Home & Kitchen,303.38,222.76,0.0,0.0,Healthy,HEALTHY,0.0,0.0
SKU01360,73.33067123399407,610.0,278.0,85.0,Electronics & Accessories,1309.57,944.88,0.0,1.0,High overstock,MARKDOWN / CLEAR,0.0,507088.12
SKU01361,73.96255953124134,329.0,224.0,55.0,Personal Care,728.62,556.59,0.0,1.0,High overstock,MARKDOWN / CLEAR,0.0,141951.29
SKU01362,68.22346898322698,339.0,158.0,42.0,Snacks & Confectionery,56.5,35.12,0.0,1.0,High overstock,MARKDOWN / CLEAR,0.0,9509.67
SKU01363,573.263969706455,262.0,807.0,262.0,Electronics & Accessories,3184.6,2002.05,0.3551816692341472,0.0,Healthy,HEALTHY,456404.11,0.0
SKU01364,66.23978805294772,0.0,0.0,0.0,Dairy & Bakery,127.95,101.26,1.0,0.0,High stockout,REORDER NOW,2118.85,0.0
SKU01365,180.1193104308081,144.0,162.0,79.0,Snacks & Confectionery,57.76,38.36,0.0,0.0,Healthy,HEALTHY,0.0,0.0
SKU01366,85.19664525320952,216.0,173.0,56.0,Stationery & Office,221.2,167.81,0.0,1.0,High overstock,MARKDOWN / CLEAR,0.0,21950.11
SKU01367,72.78215006115518,77.0,80.0,31.0,Home Care,673.36,473.29,0.0,0.0571662649482132,Healthy,HEALTHY,0.0,1996.27
SKU01368,69.14951345255943,0.0,0.0,0.0,Grocery,532.15,316.74,1.0,0.0,High stockout,REORDER NOW,9199.48,0.0
SKU01369,64.7633658060707,141.0,74.0,36.0,Home Care,137.32,108.39,0.0,1.0,High overstock,MARKDOWN / CLEAR,0.0,8263.29
SKU01370,392.21068527027955,0.0,1083.0,366.0,Home Care,195.01,123.07,1.0,0.0,High stockout,REORDER NOW,90494.91,0.0
SKU01371,5717.892292974073,5.0,767.0,250.0,Home & Kitchen,1277.61,907.68,0.9970246473569794,0.0,High stockout,REORDER NOW,2139323.54,0.0
SKU01372,61.82910019919064,31.0,83.0,40.0,Electronics & Accessories,1572.73,965.07,0.45091221684616,0.0,Healthy,HEALTHY,38464.69,0.0
SKU01373,65.78562401099046,28.0,36.0,17.0,Snacks & Confectionery,74.0,51.35,0.18714306514976975,0.0,Healthy,HEALTHY,403.03,0.0
SKU01374,131.74700056121202,99.0,127.0,44.0,Beverages,77.09,52.83,0.0,0.0,Healthy,HEALTHY,0.0,0.0
SKU01375,68.31247487085969,185.0,131.0,59.0,Health & Wellness,383.13,235.72,0.0,1.0,High overstock,MARKDOWN / CLEAR,0.0,27505.58
SKU01376,81.06091104084288,154.0,83.0,23.0,Grocery,448.86,357.83,0.0,0.8888408382750503,High overstock,MARKDOWN / CLEAR,0.0,26099.79
SKU01377,288.37223918380346,43.0,41.0,12.0,Dairy & Bakery,131.24,76.8,0.49467089204322934,0.0,Healthy,HEALTHY,5393.05,0.0
SKU01378,63.04175592491484,50.0,99.0,23.0,Beverages,153.18,101.21,0.0,0.0,Healthy,HEALTHY,0.0,0.0
SKU01379,198.54379075639875,264.0,99.0,41.0,Grocery,193.26,107.81,0.0,0.3280292962035065,Healthy,HEALTHY,0.0,7056.83
SKU01380,68.9721130964618,0.0,0.0,0.0,Stationery & Office,261.81,188.68,1.0,0.0,High stockout,REORDER NOW,4514.4,0.0
SKU01381,62.421058760169494,0.0,0.0,0.0,Beverages,294.56,196.04,1.0,0.0,High stockout,REORDER NOW,4596.69,0.0
SKU01382,62.3408711560798,259.0,159.0,59.0,Grocery,356.73,246.15,0.0,1.0,High overstock,MARKDOWN / CLEAR,0.0,48407.64
SKU01383,71.74648665953924,292.0,203.0,66.0,Stationery & Office,201.63,146.11,0.0,1.0,High overstock,MARKDOWN / CLEAR,0.0,32181.24
SKU01384,70.31731379023275,131.0,84.0,30.0,Snacks & Confectionery,223.56,165.66,0.0,0.8508829481190869,High overstock,MARKDOWN / CLEAR,0.0,10052.69
SKU01385,64.43909402060123,67.0,50.0,13.0,Apparel & Footwear,988.91,782.68,0.0,0.039134190619945865,Healthy,HEALTHY,0.0,2004.37
SKU01386,72.17676714187073,352.0,236.0,85.0,Grocery,276.58,211.86,0.0,1.0,High overstock,MARKDOWN / CLEAR,0.0,59283.35
SKU01387,61.50073108151907,203.0,150.0,56.0,Beverages,236.41,149.16,0.0,1.0,High overstock,MARKDOWN / CLEAR,0.0,21106.03
SKU01388,84.57424792531266,10.0,27.0,13.0,Beverages,163.36,119.55,0.7154528614568717,0.0,High stockout,REORDER NOW,3944.09,0.0
SKU01389,71.56645054529115,474.0,326.0,99.0,Electronics & Accessories,3609.79,2053.94,0.0,1.0,High overstock,MARKDOWN / CLEAR,0.0,826574.36
SKU01390,65.61302908598046,307.0,152.0,59.0,Health & Wellness,692.78,404.62,0.0,1.0,High overstock,MARKDOWN / CLEAR,0.0,97670.0
SKU01391,61.13448762544909,14.0,66.0,22.0,Home Care,346.5,230.39,0.6343083725400243,0.0,High stockout,REORDER NOW,8067.77,0.0
SKU01392,62.61035303082224,82.0,37.0,16.0,Snacks & Confectionery,130.77,86.95,0.0,0.3048190435255493,Healthy,HEALTHY,0.0,1685.93
SKU01393,75.56402806962085,257.0,149.0,50.0,Beverages,126.23,85.39,0.0,1.0,High overstock,MARKDOWN / CLEAR,0.0,15492.82
SKU01394,72.4122925063406,94.0,84.0,29.0,Frozen Foods,559.28,374.05,0.0,0.2940612090515341,Healthy,HEALTHY,0.0,8074.88
SKU01395,204.6891974583316,267.0,218.0,76.0,Snacks & Confectionery,122.37,86.92,0.0,0.30293667976555405,Healthy,HEALTHY,0.0,5416.05
SKU01396,64.46526612793102,5114.0,1208.0,402.0,Health & Wellness,131.89,104.01,0.0,1.0,High overstock,MARKDOWN / CLEAR,0.0,525202.11
SKU01397,73.33071781338474,54.0,33.0,12.0,Electronics & Accessories,4181.58,2480.4,0.0,0.0,Healthy,HEALTHY,0.0,0.0
SKU01398,126.97337068615687,175.0,320.0,103.0,Home & Kitchen,648.34,414.53,0.0,0.37528611660643135,Healthy,HEALTHY,0.0,19908.48
SKU01399,92.4781927518738,224.0,134.0,36.0,Home Care,278.2,158.18,0.0,1.0,High overstock,MARKDOWN / CLEAR,0.0,20804.12
SKU01400,79.59989375193445,0.0,0.0,0.0,Grocery,181.09,108.65,1.0,0.0,High stockout,REORDER NOW,3603.69,0.0
SKU01401,63.72887731086393,874.0,367.0,129.0,Dairy & Bakery,200.09,159.44,0.0,1.0,High overstock,MARKDOWN / CLEAR,0.0,129189.63
SKU01402,79.55962449553114,584.0,268.0,88.0,Home & Kitchen,1239.24,693.84,0.0,1.0,High overstock,MARKDOWN / CLEAR,0.0,350000.91
SKU01403,86.3310778606163,202.0,181.0,63.0,Frozen Foods,734.76,443.37,0.0,1.0,High overstock,MARKDOWN / CLEAR,0.0,51284.13
SKU01404,67.80750732112708,47.0,47.0,17.0,Health & Wellness,1213.28,796.67,0.0,0.0,Healthy,HEALTHY,0.0,0.0
SKU01405,61.48302999949886,550.0,308.0,116.0,Home Care,579.34,361.03,0.0,1.0,High overstock,MARKDOWN / CLEAR,0.0,176369.28
SKU01406,65.8066592788168,122.0,138.0,42.0,Beverages,135.53,93.02,0.0,0.841133823002,High overstock,MARKDOWN / CLEAR,0.0,5227.1
SKU01407,61.292581186082494,6285.0,1460.0,544.0,Home & Kitchen,1357.33,1082.62,0.0,1.0,High overstock,MARKDOWN / CLEAR,0.0,6737910.13
SKU01408,73.8565339285578,0.0,0.0,0.0,Apparel & Footwear,2419.63,1756.61,1.0,0.0,High stockout,REORDER NOW,44676.37,0.0
SKU01409,75.26618705961538,0.0,0.0,0.0,Stationery & Office,197.5,128.66,1.0,0.0,High stockout,REORDER NOW,3716.27,0.0
SKU01410,141.6130496820562,0.0,0.0,0.0,Home & Kitchen,1331.17,959.42,1.0,0.0,High stockout,REORDER NOW,47127.76,0.0
SKU01411,99.71345150072491,116.0,69.0,20.0,Dairy & Bakery,218.18,167.58,0.0,0.16171175008492145,Healthy,HEALTHY,0.0,2729.3
SKU01412,74.2149813034174,158.0,93.0,21.0,Dairy & Bakery,193.3,117.38,0.0,1.0,High overstock,MARKDOWN / CLEAR,0.0,9834.69
SKU01413,62.7077335418538,0.0,0.0,0.0,Snacks & Confectionery,182.61,133.17,1.0,0.0,High stockout,REORDER NOW,2862.76,0.0
SKU01414,707.8488637573424,27.0,1100.0,370.0,Stationery & Office,193.44,136.08,0.950726529650013,0.0,High stockout,REORDER NOW,100581.49,0.0
SKU01415,66.27046259713977,361.0,250.0,79.0,Frozen Foods,621.27,455.67,0.0,1.0,High overstock,MARKDOWN / CLEAR,0.0,134299.41
SKU01416,95.30106557306739,213.0,175.0,56.0,Home Care,183.25,104.64,0.0,1.0,High overstock,MARKDOWN / CLEAR,0.0,12316.02
SKU01417,83.61508507779612,101.0,34.0,8.0,Stationery & Office,186.97,137.09,0.0,0.20545881276630493,Healthy,HEALTHY,0.0,2383.3
SKU01418,109.70072496358578,95.0,96.0,29.0,Health & Wellness,1090.09,814.3,0.0,0.0,Healthy,HEALTHY,0.0,0.0
SKU01419,112.55073019975488,94.0,58.0,14.0,Home & Kitchen,699.31,504.77,0.0,0.0,Healthy,HEALTHY,0.0,0.0
SKU01420,6332.734626760068,0.0,1027.0,377.0,Stationery & Office,213.65,128.04,1.0,0.0,High stockout,REORDER NOW,418793.24,0.0
SKU01421,62.090728454116544,23.0,27.0,9.0,Grocery,248.59,146.75,0.09884079197898665,0.0,Healthy,HEALTHY,378.52,0.0
SKU01422,80.76455984242169,167.0,217.0,76.0,Personal Care,309.79,227.57,0.0,1.0,High overstock,MARKDOWN / CLEAR,0.0,19624.6
SKU01423,61.71286797224486,5987.0,1438.0,524.0,Electronics & Accessories,2866.27,2040.58,0.0,1.0,High overstock,MARKDOWN / CLEAR,0.0,12091022.42
SKU01424,62.9363280067887,6.0,50.0,12.0,Apparel & Footwear,592.37,471.47,0.791188735396328,0.0,High stockout,REORDER NOW,12874.62,0.0
SKU01425,66.82631177812031,347.0,263.0,102.0,Beverages,43.38,28.79,0.0,1.0,High overstock,MARKDOWN / CLEAR,0.0,8066.2
SKU01426,70.1256014785198,0.0,0.0,0.0,Dairy & Bakery,276.15,167.71,1.0,0.0,High stockout,REORDER NOW,4841.3,0.0
SKU01427,90.03884767542277,22.0,75.0,36.0,Frozen Foods,956.01,709.77,0.630312443286601,0.0,High stockout,REORDER NOW,34903.65,0.0
SKU01428,71.94233167073983,7389.0,1566.0,567.0,Apparel & Footwear,2772.39,2043.62,0.0,1.0,High overstock,MARKDOWN / CLEAR,0.0,14953285.39
SKU01429,71.48688272153736,339.0,187.0,52.0,Beverages,73.13,49.78,0.0,1.0,High overstock,MARKDOWN / CLEAR,0.0,13316.8
SKU01430,62.19247603590227,238.0,112.0,39.0,Health & Wellness,641.12,472.19,0.0,1.0,High overstock,MARKDOWN / CLEAR,0.0,83014.55
SKU01431,85.92997532877659,171.0,81.0,32.0,Dairy & Bakery,305.88,191.99,0.0,0.9786040355985528,High overstock,MARKDOWN / CLEAR,0.0,16332.59
SKU01432,191.5186525506959,0.0,0.0,0.0,Snacks & Confectionery,78.81,47.6,1.0,0.0,High stockout,REORDER NOW,3773.4,0.0
SKU01433,68.76364576562314,8401.0,1892.0,627.0,Frozen Foods,794.12,461.8,0.0,1.0,High overstock,MARKDOWN / CLEAR,0.0,3847826.75
SKU01434,68.68726255726823,397.0,247.0,72.0,Personal Care,730.42,454.77,0.0,1.0,High overstock,MARKDOWN / CLEAR,0.0,149306.78
SKU01435,320.14054557019136,0.0,0.0,0.0,Health & Wellness,1037.9,740.69,1.0,0.0,High stockout,REORDER NOW,83068.47,0.0
SKU01436,81.81558805122746,77.0,56.0,17.0,Dairy & Bakery,168.64,103.65,0.0,0.0,Healthy,HEALTHY,0.0,0.0
SKU01437,61.14593911362675,370.0,212.0,85.0,Apparel & Footwear,1550.38,1195.13,0.0,1.0,High overstock,MARKDOWN / CLEAR,0.0,369120.75
SKU01438,416.3006175651978,42.0,664.0,205.0,Grocery,298.01,182.51,0.8645489669030428,0.0,High stockout,REORDER NOW,79591.07,0.0
SKU01439,333.06005932045076,156.0,71.0,24.0,Home & Kitchen,987.75,712.28,0.0,0.0,Healthy,HEALTHY,0.0,0.0
SKU01440,87.78915264792731,81.0,76.0,26.0,Grocery,183.65,125.23,0.0,0.0,Healthy,HEALTHY,0.0,0.0
SKU01441,64.3174233583002,82.0,79.0,29.0,Electronics & Accessories,773.63,466.41,0.0,0.27071760845037657,Healthy,HEALTHY,0.0,8247.33
SKU01442,65.27968517478047,94.0,90.0,25.0,Personal Care,370.49,255.29,0.0,0.4333200248233475,Healthy,HEALTHY,0.0,7332.01
SKU01443,157.9872767154466,155.0,79.0,29.0,Personal Care,174.67,137.76,0.0,0.0,Healthy,HEALTHY,0.0,0.0
SKU01444,67.03855225684532,415.0,204.0,75.0,Grocery,346.92,272.69,0.0,1.0,High overstock,MARKDOWN / CLEAR,0.0,94885.61
SKU01445,65.72120633165738,325.0,161.0,58.0,Electronics & Accessories,3469.54,2161.17,0.0,1.0,High overstock,MARKDOWN / CLEAR,0.0,560345.55
SKU01446,268.2600821087547,143.0,212.0,61.0,Beverages,192.93,131.99,0.0,0.0,Healthy,HEALTHY,0.0,0.0
SKU01447,60.99941124877459,0.0,0.0,0.0,Health & Wellness,1121.92,659.37,1.0,0.0,High stockout,REORDER NOW,17109.11,0.0
SKU01448,69.68422063106675,0.0,0.0,0.0,Electronics & Accessories,668.35,445.96,1.0,0.0,High stockout,REORDER NOW,11643.36,0.0
SKU01449,148.6787048394348,0.0,0.0,0.0,Home & Kitchen,2232.35,1407.21,1.0,0.0,High stockout,REORDER NOW,82975.73,0.0
SKU01450,108.36342682929083,91.0,123.0,50.0,Electronics & Accessories,2031.9,1589.7,0.0,0.0,Healthy,HEALTHY,0.0,0.0
SKU01451,71.374180519817,271.0,161.0,51.0,Dairy & Bakery,119.56,84.67,0.0,1.0,High overstock,MARKDOWN / CLEAR,0.0,16902.32
SKU01452,68.1115100195838,115.0,72.0,27.0,Electronics & Accessories,1517.49,904.78,0.0,0.6784469036652451,High overstock,MARKDOWN / CLEAR,0.0,42423.77
SKU01453,118.67742234238398,355.0,151.0,65.0,Apparel & Footwear,1258.86,1004.68,0.0,1.0,High overstock,MARKDOWN / CLEAR,0.0,237428.57
SKU01454,68.70876930009678,136.0,104.0,35.0,Dairy & Bakery,115.42,83.51,0.0,0.9653194479766809,High overstock,MARKDOWN / CLEAR,0.0,5619.49
SKU01455,61.6413802673864,423.0,382.0,110.0,Beverages,98.09,57.25,0.0,1.0,High overstock,MARKDOWN / CLEAR,0.0,20687.78
SKU01456,147.3337306752921,404.0,302.0,94.0,Home & Kitchen,1082.17,811.51,0.0,1.0,High overstock,MARKDOWN / CLEAR,0.0,208287.24
SKU01457,67.38375546323194,67.0,127.0,56.0,Beverages,108.29,74.65,0.09270569202523571,0.0,Healthy,HEALTHY,633.06,0.0
SKU01458,82.86270006182161,212.0,85.0,39.0,Health & Wellness,551.81,358.71,0.0,1.0,High overstock,MARKDOWN / CLEAR,0.0,46322.84
SKU01459,68.77404463487431,337.0,187.0,60.0,Snacks & Confectionery,93.99,56.31,0.0,1.0,High overstock,MARKDOWN / CLEAR,0.0,15103.8
SKU01460,92.1221440293803,571.0,220.0,62.0,Beverages,86.67,53.69,0.0,1.0,High overstock,MARKDOWN / CLEAR,0.0,25710.95
SKU01461,83.96909655969483,123.0,139.0,55.0,Apparel & Footwear,717.03,424.35,0.0,0.4593541066178584,Healthy,HEALTHY,0.0,16562.76
SKU01462,236.0200703438285,168.0,85.0,35.0,Beverages,64.6,48.5,0.0,0.0,Healthy,HEALTHY,0.0,0.0
SKU01463,100.71966123232325,151.0,54.0,27.0,Electronics & Accessories,1637.46,1012.35,0.0,0.4943030497598558,Healthy,HEALTHY,0.0,50901.3
SKU01464,64.97598851737506,52.0,55.0,19.0,Electronics & Accessories,2371.71,1583.09,0.0,0.0,Healthy,HEALTHY,0.0,0.0
SKU01465,67.5422573163264,233.0,128.0,49.0,Grocery,260.03,205.94,0.0,1.0,High overstock,MARKDOWN / CLEAR,0.0,34074.37
SKU01466,292.9332157731333,0.0,966.0,341.0,Snacks & Confectionery,34.29,27.39,1.0,0.0,High stockout,REORDER NOW,14204.06,0.0
SKU01467,62.489074798474554,205.0,117.0,49.0,Apparel & Footwear,1516.97,1134.42,0.0,1.0,High overstock,MARKDOWN / CLEAR,0.0,161667.24
SKU01468,125.02468390308542,490.0,334.0,125.0,Frozen Foods,645.85,484.21,0.0,1.0,High overstock,MARKDOWN / CLEAR,0.0,176724.7
SKU01469,362.89403529904973,380.0,190.0,80.0,Beverages,69.23,54.43,0.0,0.04700809313044252,Healthy,HEALTHY,0.0,931.08
SKU01470,127.9979367715315,274.0,134.0,47.0,Stationery & Office,138.68,103.9,0.0,1.0,High overstock,MARKDOWN / CLEAR,0.0,15169.61
SKU01471,62.764727219869584,373.0,155.0,46.0,Dairy & Bakery,98.1,65.01,0.0,1.0,High overstock,MARKDOWN / CLEAR,0.0,20168.4
SKU01472,61.16042818841761,611.0,277.0,104.0,Grocery,452.74,255.83,0.0,1.0,High overstock,MARKDOWN / CLEAR,0.0,140665.46
SKU01473,63.97700506457393,176.0,125.0,38.0,Stationery & Office,67.8,40.82,0.0,1.0,High overstock,MARKDOWN / CLEAR,0.0,4572.78
SKU01474,65.12519428440132,0.0,0.0,0.0,Grocery,242.2,160.13,1.0,0.0,High stockout,REORDER NOW,3943.33,0.0
SKU01475,83.06430068515483,0.0,0.0,0.0,Frozen Foods,789.28,486.47,1.0,0.0,High stockout,REORDER NOW,16390.25,0.0
SKU01476,61.74636363103368,121.0,43.0,21.0,Stationery & Office,259.28,163.94,0.0,0.9443357820286513,High overstock,MARKDOWN / CLEAR,0.0,9714.04
SKU01477,61.57505118858627,68.0,40.0,11.0,Frozen Foods,296.17,167.26,0.0,0.10267588582629306,Healthy,HEALTHY,0.0,1074.64
SKU01478,104.6710044500652,0.0,0.0,0.0,Health & Wellness,842.96,579.98,1.0,0.0,High stockout,REORDER NOW,22058.37,0.0
SKU01479,86.9380680707947,330.0,239.0,80.0,Personal Care,425.66,271.53,0.0,1.0,High overstock,MARKDOWN / CLEAR,0.0,65998.61
SKU01480,83.56725746720942,48.0,60.0,29.0,Beverages,136.33,83.8,0.05682277990640339,0.0,Healthy,HEALTHY,257.91,0.0
SKU01481,92.01938760964629,273.0,239.0,86.0,Frozen Foods,746.72,524.64,0.0,1.0,High overstock,MARKDOWN / CLEAR,0.0,94949.67
SKU01482,89.05992782732517,0.0,0.0,0.0,Home & Kitchen,1578.89,977.64,1.0,0.0,High stockout,REORDER NOW,35153.96,0.0
SKU01483,165.7347018745438,297.0,150.0,47.0,Beverages,152.56,102.07,0.0,0.7872704161142422,High overstock,MARKDOWN / CLEAR,0.0,13398.25
SKU01484,62.03048911418291,6.0,100.0,41.0,Home & Kitchen,575.12,351.74,0.8956660045699992,0.0,High stockout,REORDER NOW,29047.94,0.0
SKU01485,418.81776278614495,208.0,716.0,243.0,Personal Care,476.18,342.91,0.40350630584307867,0.0,Healthy,HEALTHY,66524.46,0.0
SKU01486,159.22613100895114,164.0,136.0,49.0,Frozen Foods,571.01,435.99,0.0,0.029794571965181895,Healthy,HEALTHY,0.0,2081.36
SKU01487,124.79090913426975,76.0,47.0,20.0,Beverages,63.13,36.01,0.0,0.0,Healthy,HEALTHY,0.0,0.0
SKU01488,71.43825728242689,127.0,49.0,16.0,Health & Wellness,612.26,462.23,0.0,0.7670220792439201,High overstock,MARKDOWN / CLEAR,0.0,25682.3
SKU01489,207.82453647469194,56.0,74.0,16.0,Snacks & Confectionery,110.32,84.17,0.18788950808024685,0.0,Healthy,HEALTHY,1319.0,0.0
SKU01490,273.36952481016283,211.0,74.0,30.0,Dairy & Bakery,82.43,65.22,0.0,0.0,Healthy,HEALTHY,0.0,0.0
SKU01491,129.4617229207573,137.0,81.0,18.0,Electronics & Accessories,848.79,642.5,0.0,0.05778152327346978,Healthy,HEALTHY,0.0,4843.34
SKU01492,63.90446305988027,504.0,281.0,81.0,Grocery,117.46,80.82,0.0,1.0,High overstock,MARKDOWN / CLEAR,0.0,35568.52
SKU01493,90.98033313840446,185.0,208.0,64.0,Home Care,197.84,112.29,0.0,1.0,High overstock,MARKDOWN / CLEAR,0.0,10557.47
SKU01494,80.76898173387386,623.0,394.0,146.0,Health & Wellness,1136.73,646.36,0.0,1.0,High overstock,MARKDOWN / CLEAR,0.0,350476.44
SKU01495,63.38110840774264,6202.0,1397.0,473.0,Beverages,97.4,58.36,0.0,1.0,High overstock,MARKDOWN / CLEAR,0.0,358249.8
SKU01496,91.86360047114371,281.0,98.0,38.0,Dairy & Bakery,101.65,67.27,0.0,1.0,High overstock,MARKDOWN / CLEAR,0.0,12723.21
SKU01497,66.75455125822221,0.0,0.0,0.0,Personal Care,442.63,349.17,1.0,0.0,High stockout,REORDER NOW,7386.89,0.0
SKU01498,64.40631831627489,196.0,124.0,35.0,Health & Wellness,385.28,228.79,0.0,1.0,High overstock,MARKDOWN / CLEAR,0.0,30107.32
SKU01499,64.40979671388708,0.0,43.0,9.0,Stationery & Office,317.24,217.21,1.0,0.0,High stockout,REORDER NOW,7963.5,0.0
SKU01500,70.13383092471652,102.0,48.0,21.0,Home & Kitchen,1061.91,849.02,0.0,0.4479748758225687,Healthy,HEALTHY,0.0,27055.01
SKU01501,212.73782300849524,164.0,83.0,33.0,Snacks & Confectionery,99.7,55.18,0.0,0.0,Healthy,HEALTHY,0.0,0.0
SKU01502,61.36264578522403,352.0,148.0,46.0,Grocery,293.53,164.89,0.0,1.0,High overstock,MARKDOWN / CLEAR,0.0,47923.19
SKU01503,83.3377720402544,61.0,96.0,45.0,Grocery,335.94,207.44,0.08729694970578394,0.0,Healthy,HEALTHY,1624.08,0.0
SKU01504,111.34603189337327,22.0,51.0,20.0,Health & Wellness,1287.11,780.36,0.5495173403469311,0.0,High stockout,REORDER NOW,33254.43,0.0
SKU01505,67.29189369128753,237.0,80.0,39.0,Beverages,96.81,65.31,0.0,1.0,High overstock,MARKDOWN / CLEAR,0.0,11083.64
SKU01506,62.8761789715197,254.0,248.0,92.0,Snacks & Confectionery,160.9,105.41,0.0,1.0,High overstock,MARKDOWN / CLEAR,0.0,20146.36
SKU01507,791.1071141662654,108.0,1196.0,411.0,Home & Kitchen,220.84,153.68,0.8228860071413198,0.0,High stockout,REORDER NOW,110591.54,0.0
SKU01508,114.30048129599547,167.0,95.0,26.0,Home & Kitchen,2295.38,1346.86,0.0,0.45706243470672187,Healthy,HEALTHY,0.0,70978.87
SKU01509,67.12509747609388,168.0,86.0,25.0,Home & Kitchen,1268.69,915.31,0.0,1.0,High overstock,MARKDOWN / CLEAR,0.0,92331.81
SKU01510,69.8893697735495,67.0,38.0,15.0,Dairy & Bakery,89.78,54.2,0.0,0.0,Healthy,HEALTHY,0.0,0.0
SKU01511,68.68745327659303,0.0,0.0,0.0,Health & Wellness,499.25,331.0,1.0,0.0,High stockout,REORDER NOW,8573.05,0.0
SKU01512,62.506462253156215,395.0,234.0,97.0,Health & Wellness,375.88,209.87,0.0,1.0,High overstock,MARKDOWN / CLEAR,0.0,69780.42
SKU01513,67.51222178094483,96.0,223.0,96.0,Snacks & Confectionery,58.86,44.11,0.1569929814426252,0.4158057858660544,Healthy,HEALTHY,993.44,1256.6
SKU01514,243.32721930049206,509.0,257.0,91.0,Frozen Foods,870.11,614.97,0.0,1.0,High overstock,MARKDOWN / CLEAR,0.0,163380.79
SKU01515,67.1365765562094,237.0,183.0,64.0,Frozen Foods,478.96,288.43,0.0,1.0,High overstock,MARKDOWN / CLEAR,0.0,48993.71
SKU01516,91.0968442250565,386.0,247.0,65.0,Personal Care,309.06,216.48,0.0,1.0,High overstock,MARKDOWN / CLEAR,0.0,63840.64
SKU01517,80.78522675248169,110.0,140.0,47.0,Apparel & Footwear,796.86,525.33,0.0,0.3572133306658811,Healthy,HEALTHY,0.0,15347.4
SKU01518,90.43070306385464,575.0,357.0,103.0,Electronics & Accessories,2930.01,2216.75,0.0,1.0,High overstock,MARKDOWN / CLEAR,0.0,1074168.99
SKU01519,179.6544750951646,536.0,347.0,110.0,Frozen Foods,441.41,351.33,0.0,1.0,High overstock,MARKDOWN / CLEAR,0.0,125194.87
SKU01520,103.60748253506215,277.0,231.0,69.0,Electronics & Accessories,1113.71,647.21,0.0,1.0,High overstock,MARKDOWN / CLEAR,0.0,112221.37
SKU01521,75.47839534001808,210.0,196.0,61.0,Apparel & Footwear,2407.72,1619.26,0.0,1.0,High overstock,MARKDOWN / CLEAR,0.0,217825.45
SKU01522,105.87327393551722,0.0,0.0,0.0,Frozen Foods,856.11,526.08,1.0,0.0,High stockout,REORDER NOW,22659.79,0.0
SKU01523,94.00438042061526,254.0,111.0,36.0,Dairy & Bakery,291.48,214.94,0.0,1.0,High overstock,MARKDOWN / CLEAR,0.0,34389.46
SKU01524,72.31135887679633,188.0,127.0,47.0,Apparel & Footwear,1864.17,1041.35,0.0,1.0,High overstock,MARKDOWN / CLEAR,0.0,120472.37
SKU01525,103.4139190650057,40.0,27.0,12.0,Electronics & Accessories,1885.36,1293.63,0.0,0.0,Healthy,HEALTHY,0.0,0.0
SKU01526,115.06521880534785,299.0,138.0,38.0,Stationery & Office,199.18,152.23,0.0,1.0,High overstock,MARKDOWN / CLEAR,0.0,28000.39
SKU01527,80.52541033814376,0.0,0.0,0.0,Beverages,82.54,53.43,1.0,0.0,High stockout,REORDER NOW,1661.64,0.0
SKU01528,73.24066159734167,105.0,70.0,31.0,Home Care,157.61,119.7,0.0,0.4277890002504441,Healthy,HEALTHY,0.0,3801.59
SKU01529,76.48814295967172,349.0,224.0,82.0,Stationery & Office,112.23,65.85,0.0,1.0,High overstock,MARKDOWN / CLEAR,0.0,17944.91
SKU01530,61.7209720965111,91.0,53.0,12.0,Frozen Foods,295.91,230.69,0.0,0.46681400056166494,Healthy,HEALTHY,0.0,6754.38
SKU01531,73.47387753017378,92.0,92.0,43.0,Stationery & Office,230.82,172.62,0.0,0.24876000933777337,Healthy,HEALTHY,0.0,3197.98
SKU01532,61.67061457462102,28.0,24.0,7.0,Grocery,196.08,127.02,0.0,0.0,Healthy,HEALTHY,0.0,0.0
SKU01533,82.95718963336695,185.0,244.0,87.0,Grocery,276.23,160.95,0.0,1.0,High overstock,MARKDOWN / CLEAR,0.0,16423.79
SKU01534,181.23603523391657,495.0,172.0,45.0,Apparel & Footwear,2964.57,2016.22,0.0,1.0,High overstock,MARKDOWN / CLEAR,0.0,632617.18
SKU01535,245.16146975708764,154.0,81.0,35.0,Personal Care,296.6,212.84,0.0,0.0,Healthy,HEALTHY,0.0,0.0
SKU01536,65.4260980479451,257.0,145.0,51.0,Frozen Foods,440.4,256.41,0.0,1.0,High overstock,MARKDOWN / CLEAR,0.0,49121.46
SKU01537,74.68986611718144,13.0,61.0,29.0,Home Care,499.72,391.43,0.732908543022461,0.0,High stockout,REORDER NOW,17326.52,0.0
SKU01538,61.77324528638436,6749.0,1632.0,574.0,Personal Care,384.58,284.85,0.0,1.0,High overstock,MARKDOWN / CLEAR,0.0,1904856.54
SKU01539,63.867391663386556,130.0,122.0,47.0,Stationery & Office,347.54,273.83,0.0,1.0,High overstock,MARKDOWN / CLEAR,0.0,18109.09
SKU01540,69.46644759587093,201.0,108.0,27.0,Beverages,115.29,72.03,0.0,1.0,High overstock,MARKDOWN / CLEAR,0.0,9474.36
SKU01541,72.50005672426788,0.0,0.0,0.0,Apparel & Footwear,932.0,613.59,1.0,0.0,High stockout,REORDER NOW,16892.51,0.0
SKU01542,62.57804441180623,7538.0,1526.0,514.0,Home & Kitchen,2612.73,1593.84,0.0,1.0,High overstock,MARKDOWN / CLEAR,0.0,11914626.53
SKU01543,86.07703025856487,360.0,248.0,83.0,Health & Wellness,1328.2,821.42,0.0,1.0,High overstock,MARKDOWN / CLEAR,0.0,225005.81
SKU01544,155.55738362435508,64.0,42.0,15.0,Personal Care,131.34,77.01,0.0,0.0,Healthy,HEALTHY,0.0,0.0
SKU01545,252.1601659690572,409.0,201.0,72.0,Beverages,186.61,108.48,0.0,0.6195280897789929,High overstock,MARKDOWN / CLEAR,0.0,17013.99
SKU01546,96.49091980050314,35.0,126.0,40.0,Electronics & Accessories,562.85,403.96,0.46255324328687186,0.0,Healthy,HEALTHY,16391.73,0.0
SKU01547,433.90047446177624,225.0,984.0,314.0,Home Care,165.64,97.6,0.46868188918480114,0.0,Healthy,HEALTHY,32709.78,0.0
SKU01548,86.89156846939245,106.0,131.0,41.0,Beverages,146.21,85.29,0.0,0.21740915384007406,Healthy,HEALTHY,0.0,1629.76
SKU01549,281.13465161451455,317.0,231.0,74.0,Personal Care,235.17,160.77,0.0,0.12712138753693003,Healthy,HEALTHY,0.0,5766.07
SKU01550,69.86922559450586,394.0,191.0,51.0,Stationery & Office,34.48,25.03,0.0,1.0,High overstock,MARKDOWN / CLEAR,0.0,8112.99
SKU01551,161.7971941571265,275.0,141.0,49.0,Dairy & Bakery,179.55,133.68,0.0,0.6953609147195365,High overstock,MARKDOWN / CLEAR,0.0,15132.95
SKU01552,62.12668277712809,140.0,184.0,65.0,Snacks & Confectionery,215.66,149.9,0.0,1.0,High overstock,MARKDOWN / CLEAR,0.0,11673.21
SKU01553,66.1766744588004,82.0,85.0,22.0,Electronics & Accessories,1178.57,707.6,0.0,0.23554791404424272,Healthy,HEALTHY,0.0,11196.59
SKU01554,78.84318712777188,443.0,279.0,109.0,Snacks & Confectionery,228.02,158.09,0.0,1.0,High overstock,MARKDOWN / CLEAR,0.0,57569.55
SKU01555,250.6944877144718,11.0,41.0,19.0,Stationery & Office,110.36,77.96,0.8669466784762664,0.0,High stockout,REORDER NOW,7799.54,0.0
SKU01556,233.561019424521,0.0,0.0,0.0,Home & Kitchen,1701.38,1045.54,1.0,0.0,High stockout,REORDER NOW,99344.01,0.0
SKU01557,61.53492273791379,46.0,69.0,24.0,Stationery & Office,93.65,54.89,0.0,0.0,Healthy,HEALTHY,0.0,0.0
SKU01558,62.92130829848577,279.0,220.0,78.0,Home & Kitchen,541.45,423.1,0.0,1.0,High overstock,MARKDOWN / CLEAR,0.0,91422.89
SKU01559,62.82234762281707,0.0,0.0,0.0,Snacks & Confectionery,82.07,47.11,1.0,0.0,High stockout,REORDER NOW,1288.96,0.0
SKU01560,64.58329800206546,64.0,33.0,10.0,Snacks & Confectionery,41.4,25.64,0.0,0.0,Healthy,HEALTHY,0.0,0.0
SKU01561,88.87721000941718,189.0,165.0,68.0,Personal Care,642.41,390.5,0.0,1.0,High overstock,MARKDOWN / CLEAR,0.0,39097.95
SKU01562,65.21320819879054,81.0,95.0,23.0,Home Care,474.21,366.56,0.0,0.23842360505796825,Healthy,HEALTHY,0.0,5786.81
SKU01563,127.55789107193641,0.0,0.0,0.0,Home & Kitchen,2485.52,1678.94,1.0,0.0,High stockout,REORDER NOW,79261.92,0.0
SKU01564,70.69185482616696,30.0,119.0,27.0,Electronics & Accessories,886.79,699.81,0.3431562665222204,0.0,Healthy,HEALTHY,13011.84,0.0
SKU01565,62.114988004650435,37.0,52.0,14.0,Health & Wellness,1076.02,814.61,0.0,0.0,Healthy,HEALTHY,0.0,0.0
SKU01566,73.81869045366913,0.0,0.0,0.0,Home & Kitchen,369.71,273.11,1.0,0.0,High stockout,REORDER NOW,6822.88,0.0
SKU01567,68.64085961283114,30.0,139.0,37.0,Health & Wellness,950.45,564.75,0.4561297476334636,0.0,Healthy,HEALTHY,22963.08,0.0
SKU01568,66.58815637768681,6596.0,1507.0,466.0,Personal Care,363.73,231.36,0.0,1.0,High overstock,MARKDOWN / CLEAR,0.0,1510644.72
SKU01569,91.96547720458382,41.0,39.0,18.0,Personal Care,441.1,333.06,0.023608882435727008,0.0,Healthy,HEALTHY,0.0,0.0
SKU01570,71.40413648239746,395.0,202.0,92.0,Frozen Foods,760.34,605.14,0.0,1.0,High overstock,MARKDOWN / CLEAR,0.0,195820.8
SKU01571,65.94367312797725,160.0,83.0,34.0,Beverages,109.55,84.3,0.0,1.0,High overstock,MARKDOWN / CLEAR,0.0,7928.95
SKU01572,111.93666616844257,199.0,69.0,14.0,Electronics & Accessories,1183.62,931.63,0.0,0.7709040543281521,High overstock,MARKDOWN / CLEAR,0.0,81110.81
SKU01573,61.761793798206696,280.0,242.0,79.0,Health & Wellness,847.69,602.25,0.0,1.0,High overstock,MARKDOWN / CLEAR,0.0,131433.96
SKU01574,68.40371669154442,0.0,0.0,0.0,Electronics & Accessories,1362.67,913.95,1.0,0.0,High stockout,REORDER NOW,23302.92,0.0
SKU01575,98.35007478045954,254.0,226.0,77.0,Frozen Foods,500.0,339.34,0.0,1.0,High overstock,MARKDOWN / CLEAR,0.0,52818.25
SKU01576,176.03323621316838,25.0,97.0,47.0,Apparel & Footwear,709.54,471.58,0.7282854096849041,0.0,High stockout,REORDER NOW,46835.54,0.0
SKU01577,63.35802528015967,35.0,88.0,24.0,Stationery & Office,67.67,39.84,0.14298670200071628,0.0,Healthy,HEALTHY,327.49,0.0
SKU01578,557.3152051782639,0.0,1223.0,414.0,Frozen Foods,540.35,338.5,1.0,0.0,High stockout,REORDER NOW,298991.22,0.0
SKU01579,92.5673943549896,52.0,106.0,33.0,Home Care,384.09,219.93,0.08998393849232156,0.0,Healthy,HEALTHY,1590.84,0.0
SKU01580,62.06199333576053,5140.0,1130.0,429.0,Beverages,132.1,75.58,0.0,1.0,High overstock,MARKDOWN / CLEAR,0.0,383790.55
SKU01581,64.4826295869998,212.0,121.0,41.0,Apparel & Footwear,791.77,497.2,0.0,1.0,High overstock,MARKDOWN / CLEAR,0.0,73345.64
SKU01582,61.75622884256646,427.0,201.0,65.0,Home & Kitchen,1469.26,1052.77,0.0,1.0,High overstock,MARKDOWN / CLEAR,0.0,384517.68
SKU01583,63.41212586079073,0.0,0.0,0.0,Electronics & Accessories,1167.4,821.18,1.0,0.0,High stockout,REORDER NOW,18506.83,0.0
SKU01584,61.40338520028164,0.0,23.0,6.0,Home & Kitchen,1356.9,936.08,1.0,0.0,High stockout,REORDER NOW,28970.96,0.0
SKU01585,82.93647046093827,261.0,135.0,43.0,Home & Kitchen,1147.66,846.09,0.0,1.0,High overstock,MARKDOWN / CLEAR,0.0,150657.77
SKU01586,69.25966752510219,187.0,74.0,26.0,Apparel & Footwear,3685.13,2416.24,0.0,1.0,High overstock,MARKDOWN / CLEAR,0.0,284488.9
SKU01587,89.73107486392372,266.0,133.0,42.0,Frozen Foods,939.45,620.53,0.0,1.0,High overstock,MARKDOWN / CLEAR,0.0,109380.16
SKU01588,83.32976844623248,0.0,0.0,0.0,Beverages,206.46,140.29,1.0,0.0,High stockout,REORDER NOW,4301.07,0.0
SKU01589,108.9038218900327,462.0,257.0,90.0,Grocery,136.14,77.14,0.0,1.0,High overstock,MARKDOWN / CLEAR,0.0,27237.84
SKU01590,118.6718552738944,438.0,399.0,129.0,Snacks & Confectionery,92.68,64.45,0.0,1.0,High overstock,MARKDOWN / CLEAR,0.0,20580.7
SKU01591,61.77596389473715,75.0,79.0,26.0,Home Care,239.52,176.66,0.0,0.21065444932772254,Healthy,HEALTHY,0.0,2336.16
SKU01592,61.14577393277473,4157.0,969.0,352.0,Electronics & Accessories,1748.08,1076.66,0.0,1.0,High overstock,MARKDOWN / CLEAR,0.0,4409842.41
SKU01593,63.46153588068537,230.0,81.0,27.0,Home Care,225.82,172.46,0.0,1.0,High overstock,MARKDOWN / CLEAR,0.0,28721.22
SKU01594,72.27411885824634,0.0,0.0,0.0,Grocery,210.84,129.99,1.0,0.0,High stockout,REORDER NOW,3809.57,0.0
SKU01595,216.1812684892525,510.0,255.0,93.0,Snacks & Confectionery,170.68,115.77,0.0,1.0,High overstock,MARKDOWN / CLEAR,0.0,34015.39
SKU01596,69.92869633580253,311.0,254.0,102.0,Stationery & Office,251.23,193.1,0.0,1.0,High overstock,MARKDOWN / CLEAR,0.0,46550.87
SKU01597,65.2782970879505,49.0,34.0,10.0,Stationery & Office,327.23,240.36,0.0,0.0,Healthy,HEALTHY,0.0,0.0
SKU01598,198.68126864874674,0.0,0.0,0.0,Personal Care,333.41,231.4,1.0,0.0,High stockout,REORDER NOW,16560.58,0.0
SKU01599,71.95059357596695,426.0,218.0,64.0,Apparel & Footwear,1657.47,1169.65,0.0,1.0,High overstock,MARKDOWN / CLEAR,0.0,414113.89
SKU01600,199.73666710124922,273.0,150.0,52.0,Electronics & Accessories,419.03,241.87,0.0,0.3649723488823176,Healthy,HEALTHY,0.0,17720.2
SKU01601,379.11749634866044,127.0,81.0,39.0,Stationery & Office,137.22,99.46,0.05771932196490237,0.0,Healthy,HEALTHY,930.27,0.0
SKU01602,162.06834451012332,493.0,304.0,83.0,Home & Kitchen,614.85,432.23,0.0,1.0,High overstock,MARKDOWN / CLEAR,0.0,143038.59
SKU01603,131.8979876645214,0.0,0.0,0.0,Health & Wellness,1540.86,880.04,1.0,0.0,High stockout,REORDER NOW,50809.08,0.0
SKU01604,86.02474484861261,87.0,75.0,24.0,Personal Care,127.93,74.34,0.0,0.011206641893451467,Healthy,HEALTHY,0.0,72.5
SKU01605,63.15043067432171,7934.0,1806.0,648.0,Health & Wellness,821.82,651.5,0.0,1.0,High overstock,MARKDOWN / CLEAR,0.0,5127858.49
SKU01606,84.07614835497125,376.0,289.0,114.0,Dairy & Bakery,187.87,111.69,0.0,1.0,High overstock,MARKDOWN / CLEAR,0.0,32604.97
SKU01607,74.08635296629674,113.0,72.0,27.0,Personal Care,269.24,208.38,0.0,0.5182519259015022,High overstock,MARKDOWN / CLEAR,0.0,8108.83
SKU01608,71.04453481131905,416.0,226.0,79.0,Health & Wellness,171.7,106.28,0.0,1.0,High overstock,MARKDOWN / CLEAR,0.0,36661.87
SKU01609,70.05769963830143,512.0,269.0,94.0,Frozen Foods,600.87,389.98,0.0,1.0,High overstock,MARKDOWN / CLEAR,0.0,172348.66
SKU01610,121.11392367931808,264.0,120.0,28.0,Frozen Foods,579.62,399.28,0.0,1.0,High overstock,MARKDOWN / CLEAR,0.0,57051.55
SKU01611,72.23468190894691,376.0,158.0,41.0,Personal Care,628.95,444.33,0.0,1.0,High overstock,MARKDOWN / CLEAR,0.0,134972.04
SKU01612,67.15446732046843,52.0,36.0,13.0,Personal Care,151.28,102.03,0.0,0.0,Healthy,HEALTHY,0.0,0.0
SKU01613,73.86506976899732,83.0,161.0,58.0,Grocery,176.32,112.34,0.0,0.12201858969996697,Healthy,HEALTHY,0.0,1026.22
SKU01614,72.23554682044329,107.0,40.0,15.0,Health & Wellness,1232.96,831.84,0.0,0.4746937066612085,Healthy,HEALTHY,0.0,28918.46
SKU01615,76.20656551593015,5.0,58.0,25.0,Frozen Foods,449.46,325.94,0.8890162523061236,0.0,High stockout,REORDER NOW,17552.15,0.0
SKU01616,82.85642124804514,102.0,54.0,22.0,Stationery & Office,63.66,41.32,0.0,0.22828995641644007,Healthy,HEALTHY,0.0,791.01
SKU01617,103.88552321359921,194.0,264.0,90.0,Frozen Foods,182.51,125.26,0.0,0.8591698265439625,High overstock,MARKDOWN / CLEAR,0.0,11287.74
SKU01618,67.96018723801281,233.0,82.0,23.0,Home Care,283.48,182.79,0.0,1.0,High overstock,MARKDOWN / CLEAR,0.0,30167.63
SKU01619,69.91374711702032,315.0,239.0,73.0,Grocery,237.98,150.52,0.0,1.0,High overstock,MARKDOWN / CLEAR,0.0,36890.38
SKU01620,117.52993516492265,132.0,94.0,24.0,Snacks & Confectionery,197.37,123.3,0.0,0.12207941238594025,Healthy,HEALTHY,0.0,1784.16
SKU01621,69.70651792923026,356.0,227.0,71.0,Personal Care,876.03,530.86,0.0,1.0,High overstock,MARKDOWN / CLEAR,0.0,151981.76
SKU01622,76.91170078187488,0.0,0.0,0.0,Personal Care,565.05,418.25,1.0,0.0,High stockout,REORDER NOW,10864.74,0.0
SKU01623,62.992484730392576,335.0,122.0,44.0,Personal Care,443.72,353.19,0.0,1.0,High overstock,MARKDOWN / CLEAR,0.0,96070.33
SKU01624,72.37893315773616,335.0,187.0,62.0,Personal Care,498.35,277.7,0.0,1.0,High overstock,MARKDOWN / CLEAR,0.0,72929.87
SKU01625,77.34905732351577,209.0,81.0,32.0,Apparel & Footwear,1672.86,1002.07,0.0,1.0,High overstock,MARKDOWN / CLEAR,0.0,131923.46
SKU01626,82.56061221471137,158.0,96.0,40.0,Beverages,137.3,108.61,0.0,0.9028103766334906,High overstock,MARKDOWN / CLEAR,0.0,8193.47
SKU01627,109.86526369104747,5.0,23.0,5.0,Dairy & Bakery,112.01,71.18,0.850596043749193,0.0,High stockout,REORDER NOW,3076.5,0.0
SKU01628,190.84460960633405,179.0,142.0,48.0,Beverages,156.18,101.09,0.0,0.0,Healthy,HEALTHY,0.0,0.0
SKU01629,133.76400169385303,686.0,305.0,106.0,Dairy & Bakery,94.03,67.3,0.0,1.0,High overstock,MARKDOWN / CLEAR,0.0,37165.48
SKU01630,68.21140127867966,107.0,112.0,54.0,Electronics & Accessories,1994.81,1273.03,0.0,0.5604365466484066,High overstock,MARKDOWN / CLEAR,0.0,49379.05
SKU01631,92.00299320955249,236.0,111.0,40.0,Grocery,301.59,203.02,0.0,1.0,High overstock,MARKDOWN / CLEAR,0.0,29234.27
SKU01632,68.57581419000397,199.0,213.0,79.0,Personal Care,354.51,274.81,0.0,1.0,High overstock,MARKDOWN / CLEAR,0.0,35841.87
SKU01633,71.25461642385491,301.0,199.0,74.0,Grocery,515.21,356.11,0.0,1.0,High overstock,MARKDOWN / CLEAR,0.0,81814.63
SKU01634,120.9533305713995,313.0,129.0,34.0,Stationery & Office,174.34,124.95,0.0,1.0,High overstock,MARKDOWN / CLEAR,0.0,23996.23
SKU01635,67.51359133785644,151.0,112.0,43.0,Electronics & Accessories,1048.53,633.6,0.0,1.0,High overstock,MARKDOWN / CLEAR,0.0,52896.99
SKU01636,79.17942948043797,77.0,87.0,23.0,Snacks & Confectionery,179.26,110.31,0.0,0.0,Healthy,HEALTHY,0.0,0.0
SKU01637,91.66696951574497,329.0,235.0,95.0,Snacks & Confectionery,193.01,149.18,0.0,1.0,High overstock,MARKDOWN / CLEAR,0.0,35405.34
SKU01638,194.24125948852637,279.0,111.0,28.0,Beverages,94.61,73.74,0.0,0.43412309843480906,Healthy,HEALTHY,0.0,6250.11
SKU01639,97.44128631321098,427.0,185.0,55.0,Home Care,367.95,276.6,0.0,1.0,High overstock,MARKDOWN / CLEAR,0.0,91155.94
SKU01640,65.89321028805465,81.0,31.0,10.0,Apparel & Footwear,1332.63,773.61,0.0,0.2258344254505457,Healthy,HEALTHY,0.0,11686.76
SKU01641,61.295763369141895,41.0,22.0,8.0,Health & Wellness,759.85,573.41,0.0,0.0,Healthy,HEALTHY,0.0,0.0
SKU01642,71.18771030986674,163.0,185.0,75.0,Home & Kitchen,2898.52,1608.12,0.0,1.0,High overstock,MARKDOWN / CLEAR,0.0,147645.18
SKU01643,61.035135099427606,5104.0,1298.0,469.0,Personal Care,672.44,470.13,0.0,1.0,High overstock,MARKDOWN / CLEAR,0.0,2370849.07
SKU01644,255.03410843915879,408.0,212.0,65.0,Dairy & Bakery,68.26,49.07,0.0,0.5974434128849297,High overstock,MARKDOWN / CLEAR,0.0,7506.04
SKU01645,61.48867263641407,4937.0,1010.0,332.0,Home Care,448.03,294.18,0.0,1.0,High overstock,MARKDOWN / CLEAR,0.0,1434277.92
SKU01646,68.25932842825952,450.0,274.0,96.0,Snacks & Confectionery,55.49,37.17,0.0,1.0,High overstock,MARKDOWN / CLEAR,0.0,14189.3
SKU01647,75.37780461063639,280.0,112.0,50.0,Stationery & Office,247.03,181.68,0.0,1.0,High overstock,MARKDOWN / CLEAR,0.0,37175.76
SKU01648,63.71555143553197,198.0,81.0,28.0,Snacks & Confectionery,46.69,36.12,0.0,1.0,High overstock,MARKDOWN / CLEAR,0.0,4850.35
SKU01649,63.55127873307512,6407.0,1369.0,489.0,Home Care,433.36,258.86,0.0,1.0,High overstock,MARKDOWN / CLEAR,0.0,1642065.14
SKU01650,129.21460964178445,525.0,284.0,103.0,Frozen Foods,183.35,107.19,0.0,1.0,High overstock,MARKDOWN / CLEAR,0.0,42424.24
SKU01651,66.44886351622695,5345.0,1166.0,374.0,Grocery,107.72,76.21,0.0,1.0,High overstock,MARKDOWN / CLEAR,0.0,402278.38
SKU01652,249.13445155910537,47.0,102.0,42.0,Home Care,193.07,117.33,0.5535867481181018,0.0,High stockout,REORDER NOW,11059.75,0.0
SKU01653,123.040349779438,167.0,80.0,33.0,Home Care,550.27,329.37,0.0,0.3543979866126524,Healthy,HEALTHY,0.0,14478.99
SKU01654,131.00588612685902,0.0,0.0,0.0,Dairy & Bakery,147.18,88.44,1.0,0.0,High stockout,REORDER NOW,4820.36,0.0
SKU01655,157.7527506357256,135.0,76.0,17.0,Beverages,62.18,37.26,0.0,0.0,Healthy,HEALTHY,0.0,0.0
SKU01656,61.13783498936051,61.0,50.0,15.0,Grocery,553.42,370.39,0.0,0.0,Healthy,HEALTHY,0.0,0.0
SKU01657,99.66269090830198,282.0,173.0,53.0,Grocery,230.15,182.07,0.0,1.0,High overstock,MARKDOWN / CLEAR,0.0,33198.15
SKU01658,87.29637158497626,0.0,0.0,0.0,Home Care,238.38,180.46,1.0,0.0,High stockout,REORDER NOW,5202.43,0.0
SKU01659,73.08810447160329,393.0,234.0,69.0,Beverages,39.17,26.86,0.0,1.0,High overstock,MARKDOWN / CLEAR,0.0,8592.83
SKU01660,173.34144011975448,228.0,163.0,50.0,Stationery & Office,138.0,78.7,0.0,0.31351444523287614,Healthy,HEALTHY,0.0,4301.63
SKU01661,90.3440792101387,0.0,0.0,0.0,Snacks & Confectionery,63.89,45.89,1.0,0.0,High stockout,REORDER NOW,1443.02,0.0
SKU01662,371.3024069217649,0.0,771.0,233.0,Health & Wellness,495.84,328.64,1.0,0.0,High stockout,REORDER NOW,161557.37,0.0
SKU01663,61.49919888726078,70.0,95.0,38.0,Electronics & Accessories,2718.53,2024.19,0.0,0.13601456121179079,Healthy,HEALTHY,0.0,17207.24
SKU01664,250.18568673673138,0.0,0.0,0.0,Home Care,436.52,293.99,1.0,0.0,High stockout,REORDER NOW,27302.76,0.0
SKU01665,79.12594130044599,186.0,140.0,55.0,Home & Kitchen,2278.76,1634.03,0.0,1.0,High overstock,MARKDOWN / CLEAR,0.0,174635.42
SKU01666,124.54044991126645,242.0,121.0,47.0,Beverages,94.34,56.61,0.0,0.9356311067210243,High overstock,MARKDOWN / CLEAR,0.0,6649.39
SKU01667,96.77603523726205,600.0,257.0,71.0,Snacks & Confectionery,161.47,122.44,0.0,1.0,High overstock,MARKDOWN / CLEAR,0.0,61614.74
SKU01668,71.56947109751592,182.0,237.0,80.0,Dairy & Bakery,212.25,158.1,0.0,1.0,High overstock,MARKDOWN / CLEAR,0.0,17459.07
SKU01669,79.25751945545953,225.0,122.0,41.0,Beverages,133.62,85.98,0.0,1.0,High overstock,MARKDOWN / CLEAR,0.0,12530.94
SKU01670,67.99179390118776,110.0,97.0,27.0,Dairy & Bakery,280.78,222.07,0.0,0.6088869954443817,High overstock,MARKDOWN / CLEAR,0.0,9328.76
SKU01671,106.93451240884283,255.0,219.0,92.0,Dairy & Bakery,102.7,60.6,0.0,1.0,High overstock,MARKDOWN / CLEAR,0.0,8972.77
SKU01672,61.71760293396837,351.0,172.0,69.0,Apparel & Footwear,2494.85,1384.65,0.0,1.0,High overstock,MARKDOWN / CLEAR,0.0,400554.87
SKU01673,124.73482790171663,85.0,53.0,19.0,Dairy & Bakery,150.17,111.24,0.0,0.0,Healthy,HEALTHY,0.0,0.0
SKU01674,62.662812390588385,6236.0,1375.0,462.0,Home & Kitchen,1707.75,1195.67,0.0,1.0,High overstock,MARKDOWN / CLEAR,0.0,7381274.08
SKU01675,64.22386311177526,4370.0,1030.0,345.0,Apparel & Footwear,922.38,532.89,0.0,1.0,High overstock,MARKDOWN / CLEAR,0.0,2294505.05
SKU01676,67.82808467567853,87.0,40.0,8.0,Home & Kitchen,2232.74,1317.04,0.0,0.278547854624468,Healthy,HEALTHY,0.0,25250.18
SKU01677,812.6477637245746,189.0,947.0,336.0,Beverages,127.3,74.18,0.650104930247034,0.0,High stockout,REORDER NOW,44575.62,0.0
SKU01678,61.3103034171812,114.0,72.0,19.0,Stationery & Office,227.83,134.81,0.0,0.8456016692785088,High overstock,MARKDOWN / CLEAR,0.0,7103.1
SKU01679,157.54840554876128,279.0,166.0,65.0,Health & Wellness,1739.03,1157.07,0.0,0.7660221749368933,High overstock,MARKDOWN / CLEAR,0.0,140528.0
SKU01680,176.38547916179425,0.0,0.0,0.0,Stationery & Office,163.36,91.93,1.0,0.0,High stockout,REORDER NOW,7203.58,0.0
SKU01681,65.32961401296734,76.0,158.0,54.0,Personal Care,544.45,370.14,0.0,0.1608691102129226,Healthy,HEALTHY,0.0,3949.54
SKU01682,133.87462223197664,336.0,235.0,72.0,Stationery & Office,254.03,178.16,0.0,1.0,High overstock,MARKDOWN / CLEAR,0.0,36010.66
SKU01683,178.7232648923969,249.0,85.0,34.0,Health & Wellness,513.45,375.76,0.0,0.3910274785497518,Healthy,HEALTHY,0.0,26407.19
SKU01684,62.88466527550763,3976.0,925.0,329.0,Grocery,170.29,133.93,0.0,1.0,High overstock,MARKDOWN / CLEAR,0.0,524083.54
SKU01685,351.14412923602777,217.0,724.0,267.0,Personal Care,135.27,77.19,0.39008285797028885,0.0,Healthy,HEALTHY,18638.32,0.0
SKU01686,61.55989879063997,38.0,41.0,13.0,Beverages,54.03,30.19,0.0,0.0,Healthy,HEALTHY,0.0,0.0
SKU01687,63.237529227372555,554.0,242.0,99.0,Stationery & Office,284.88,166.59,0.0,1.0,High overstock,MARKDOWN / CLEAR,0.0,81756.12
SKU01688,214.157988598905,17.0,54.0,16.0,Dairy & Bakery,158.65,100.64,0.7590002667028373,0.0,High stockout,REORDER NOW,8335.39,0.0
SKU01689,78.58558220084798,422.0,241.0,102.0,Snacks & Confectionery,170.77,116.35,0.0,1.0,High overstock,MARKDOWN / CLEAR,0.0,39956.27
SKU01690,119.73505552088028,187.0,112.0,30.0,Frozen Foods,721.65,397.68,0.0,0.5571285339533116,High overstock,MARKDOWN / CLEAR,0.0,26749.92
SKU01691,93.40219295145377,240.0,116.0,37.0,Home Care,242.67,175.47,0.0,1.0,High overstock,MARKDOWN / CLEAR,0.0,25723.52
SKU01692,67.22393309106107,82.0,63.0,19.0,Beverages,74.16,58.53,0.0,0.2165818685536167,Healthy,HEALTHY,0.0,864.84
SKU01693,96.88811753084134,361.0,204.0,55.0,Apparel & Footwear,1483.29,908.43,0.0,1.0,High overstock,MARKDOWN / CLEAR,0.0,239927.16
SKU01694,77.64551423275898,209.0,81.0,18.0,Home & Kitchen,985.32,544.09,0.0,1.0,High overstock,MARKDOWN / CLEAR,0.0,71468.66
SKU01695,153.36259148128573,318.0,287.0,107.0,Electronics & Accessories,1323.43,977.1,0.0,1.0,High overstock,MARKDOWN / CLEAR,0.0,160867.21
SKU01696,65.38886432430836,7948.0,1848.0,649.0,Health & Wellness,246.47,183.01,0.0,1.0,High overstock,MARKDOWN / CLEAR,0.0,1442596.66
SKU01697,61.835548872800665,185.0,110.0,34.0,Personal Care,306.11,171.69,0.0,1.0,High overstock,MARKDOWN / CLEAR,0.0,21146.1
SKU01698,77.75240268913602,83.0,120.0,29.0,Frozen Foods,343.81,242.16,0.0,0.06663412329879165,Healthy,HEALTHY,0.0,1270.76
SKU01699,66.04836696218331,162.0,174.0,61.0,Frozen Foods,228.35,139.46,0.0,1.0,High overstock,MARKDOWN / CLEAR,0.0,13381.41
SKU01700,134.4344137074615,92.0,63.0,29.0,Beverages,162.9,115.37,0.0,0.0,Healthy,HEALTHY,0.0,0.0
SKU01701,263.94763180339385,132.0,131.0,57.0,Grocery,420.92,307.94,0.0,0.0,Healthy,HEALTHY,0.0,0.0
SKU01702,68.91317929543251,202.0,196.0,81.0,Dairy & Bakery,252.98,153.23,0.0,1.0,High overstock,MARKDOWN / CLEAR,0.0,20392.89
SKU01703,65.05755410999353,0.0,0.0,0.0,Home Care,386.64,237.86,1.0,0.0,High stockout,REORDER NOW,6288.46,0.0
SKU01704,141.70627407922214,465.0,186.0,66.0,Beverages,119.92,84.29,0.0,1.0,High overstock,MARKDOWN / CLEAR,0.0,27250.43
SKU01705,62.76150991552004,89.0,94.0,23.0,Beverages,158.38,110.16,0.0,0.4115098610312758,Healthy,HEALTHY,0.0,2890.43
SKU01706,99.98168544629759,156.0,73.0,29.0,Home & Kitchen,1068.65,824.51,0.0,0.5547373695153182,High overstock,MARKDOWN / CLEAR,0.0,46187.66
SKU01707,117.11213585962389,71.0,25.0,12.0,Personal Care,352.2,238.65,0.0,0.0,Healthy,HEALTHY,0.0,0.0
SKU01708,73.20228676080708,376.0,172.0,71.0,Health & Wellness,720.51,540.34,0.0,1.0,High overstock,MARKDOWN / CLEAR,0.0,163613.72
SKU01709,61.2597807144391,0.0,0.0,0.0,Frozen Foods,465.38,341.12,1.0,0.0,High stockout,REORDER NOW,7127.27,0.0
SKU01710,70.80817543604333,56.0,22.0,10.0,Electronics & Accessories,2094.77,1500.75,0.0,0.0,Healthy,HEALTHY,0.0,0.0
SKU01711,62.09378683303622,0.0,0.0,0.0,Electronics & Accessories,867.52,518.73,1.0,0.0,High stockout,REORDER NOW,13466.9,0.0
SKU01712,72.6542370631701,329.0,187.0,66.0,Dairy & Bakery,264.48,163.74,0.0,1.0,High overstock,MARKDOWN / CLEAR,0.0,41974.06
SKU01713,123.41918364516727,168.0,166.0,42.0,Home & Kitchen,744.29,514.82,0.0,0.3583114359757685,Healthy,HEALTHY,0.0,22951.1
SKU01714,358.736014358002,99.0,119.0,34.0,Personal Care,336.72,190.75,0.20599277252966974,0.0,Healthy,HEALTHY,8311.6,0.0
SKU01715,92.84115094038707,333.0,186.0,75.0,Home & Kitchen,2315.8,1299.77,0.0,1.0,High overstock,MARKDOWN / CLEAR,0.0,312151.27
SKU01716,70.54806695506522,349.0,203.0,70.0,Personal Care,621.03,349.3,0.0,1.0,High overstock,MARKDOWN / CLEAR,0.0,97263.26
SKU01717,62.74673968562679,5126.0,1161.0,429.0,Beverages,289.99,226.29,0.0,1.0,High overstock,MARKDOWN / CLEAR,0.0,1145763.58
SKU01718,86.97783553800136,67.0,144.0,45.0,Apparel & Footwear,1752.89,1265.97,0.010989221801440574,0.0,Healthy,HEALTHY,0.0,0.0
SKU01719,65.51762768196562,287.0,97.0,33.0,Grocery,460.32,349.47,0.0,1.0,High overstock,MARKDOWN / CLEAR,0.0,77401.44
SKU01720,97.3914999306661,188.0,127.0,42.0,Apparel & Footwear,2353.73,1861.46,0.0,0.9208976398691282,High overstock,MARKDOWN / CLEAR,0.0,168664.1
SKU01721,68.51589671003497,82.0,87.0,28.0,Grocery,505.25,366.43,0.0,0.19397150764248916,Healthy,HEALTHY,0.0,4940.98
SKU01722,64.31245851170965,72.0,25.0,8.0,Snacks & Confectionery,159.4,108.21,0.0,0.11770405927855367,Healthy,HEALTHY,0.0,831.87
SKU01723,99.36628882044593,254.0,107.0,38.0,Health & Wellness,156.57,104.86,0.0,1.0,High overstock,MARKDOWN / CLEAR,0.0,16214.89
SKU01724,137.36221851894322,91.0,34.0,10.0,Stationery & Office,291.92,215.0,0.0,0.0,Healthy,HEALTHY,0.0,0.0
SKU01725,233.73130332409679,148.0,147.0,46.0,Personal Care,237.47,182.13,0.0,0.0,Healthy,HEALTHY,0.0,0.0
SKU01726,62.20866109928238,151.0,68.0,26.0,Beverages,126.0,95.43,0.0,1.0,High overstock,MARKDOWN / CLEAR,0.0,8473.36
SKU01727,68.17756614538652,132.0,64.0,19.0,Snacks & Confectionery,108.74,73.21,0.0,0.922588599322525,High overstock,MARKDOWN / CLEAR,0.0,4672.44
SKU01728,63.4503117278106,91.0,101.0,35.0,Home & Kitchen,1907.83,1418.24,0.0,0.42745624549557587,Healthy,HEALTHY,0.0,39072.07
SKU01729,70.86275359868347,486.0,227.0,87.0,Electronics & Accessories,2438.69,1631.84,0.0,1.0,High overstock,MARKDOWN / CLEAR,0.0,677437.56
SKU01730,378.3655101920952,131.0,88.0,27.0,Beverages,100.9,65.19,0.0,0.0,Healthy,HEALTHY,0.0,0.0
SKU01731,168.54959270236878,102.0,50.0,24.0,Personal Care,224.15,139.96,0.0,0.0,Healthy,HEALTHY,0.0,0.0
SKU01732,133.47005102767056,216.0,196.0,68.0,Dairy & Bakery,402.29,226.75,0.0,0.613742229898811,High overstock,MARKDOWN / CLEAR,0.0,18713.67
SKU01733,67.05335336383436,149.0,118.0,43.0,Snacks & Confectionery,41.71,25.04,0.0,1.0,High overstock,MARKDOWN / CLEAR,0.0,2051.94
SKU01734,82.88700687545317,462.0,221.0,91.0,Home & Kitchen,2832.13,2074.54,0.0,1.0,High overstock,MARKDOWN / CLEAR,0.0,786485.07
SKU01735,61.6394107927004,331.0,129.0,47.0,Health & Wellness,997.19,591.26,0.0,1.0,High overstock,MARKDOWN / CLEAR,0.0,159262.14
SKU01736,90.8599430647474,6.0,97.0,39.0,Snacks & Confectionery,73.58,57.05,0.9043290861554347,0.0,High stockout,REORDER NOW,4099.51,0.0
SKU01737,164.7074446079755,0.0,0.0,0.0,Health & Wellness,768.37,437.7,1.0,0.0,High stockout,REORDER NOW,31639.06,0.0
SKU01738,67.62986531705054,96.0,64.0,24.0,Personal Care,676.75,380.86,0.0,0.4133788482883868,Healthy,HEALTHY,0.0,10805.05
SKU01739,68.84373408298305,158.0,99.0,49.0,Grocery,501.28,335.99,0.0,1.0,High overstock,MARKDOWN / CLEAR,0.0,29955.61
SKU01740,83.35103676865984,146.0,109.0,45.0,Home Care,535.95,324.61,0.0,0.7427171690036303,High overstock,MARKDOWN / CLEAR,0.0,20336.48
SKU01741,67.08385873009598,220.0,128.0,58.0,Snacks & Confectionery,153.81,88.55,0.0,1.0,High overstock,MARKDOWN / CLEAR,0.0,13540.72
SKU01742,63.331634492514695,128.0,87.0,32.0,Snacks & Confectionery,65.38,36.94,0.0,1.0,High overstock,MARKDOWN / CLEAR,0.0,2388.85
SKU01743,234.0399497191478,221.0,84.0,23.0,Home & Kitchen,1398.86,953.78,0.0,0.0,Healthy,HEALTHY,0.0,0.0
SKU01744,69.48309462671712,152.0,91.0,24.0,Electronics & Accessories,1152.42,708.58,0.0,1.0,High overstock,MARKDOWN / CLEAR,0.0,58469.83
SKU01745,66.60976109254658,183.0,176.0,69.0,Beverages,122.25,84.22,0.0,1.0,High overstock,MARKDOWN / CLEAR,0.0,9802.39
SKU01746,177.87207050232072,369.0,185.0,47.0,Home & Kitchen,1073.45,630.2,0.0,1.0,High overstock,MARKDOWN / CLEAR,0.0,120448.82
SKU01747,142.15855769842653,262.0,144.0,52.0,Frozen Foods,705.35,392.25,0.0,0.8371238452543495,High overstock,MARKDOWN / CLEAR,0.0,47007.81
SKU01748,84.39513169664822,361.0,184.0,61.0,Home & Kitchen,750.21,417.73,0.0,1.0,High overstock,MARKDOWN / CLEAR,0.0,115546.15
SKU01749,77.95231581598681,0.0,0.0,0.0,Electronics & Accessories,1682.32,972.66,1.0,0.0,High stockout,REORDER NOW,32785.18,0.0
SKU01750,69.88893064271633,115.0,56.0,17.0,Personal Care,225.67,169.03,0.0,0.6363626725397461,High overstock,MARKDOWN / CLEAR,0.0,7625.12
SKU01751,417.1026994009516,170.0,1142.0,377.0,Frozen Foods,459.81,304.45,0.6475045106664555,0.0,High stockout,REORDER NOW,143127.67,0.0
SKU01752,107.74213685650722,107.0,184.0,66.0,Frozen Foods,459.19,324.17,0.0,0.0,Healthy,HEALTHY,0.0,0.0
SKU01753,87.51546901425878,96.0,40.0,11.0,Electronics & Accessories,2122.2,1631.44,0.0,0.09585365225116142,Healthy,HEALTHY,0.0,13842.0
SKU01754,61.597594675504276,7485.0,1574.0,568.0,Snacks & Confectionery,85.71,51.7,0.0,1.0,High overstock,MARKDOWN / CLEAR,0.0,383789.9
SKU01755,91.76030172512714,187.0,98.0,37.0,Dairy & Bakery,158.5,121.7,0.0,1.0,High overstock,MARKDOWN / CLEAR,0.0,11590.67
SKU01756,90.66585621641633,872.0,408.0,159.0,Snacks & Confectionery,147.79,108.83,0.0,1.0,High overstock,MARKDOWN / CLEAR,0.0,85032.59
SKU01757,75.23709908600827,226.0,218.0,69.0,Dairy & Bakery,92.06,67.41,0.0,1.0,High overstock,MARKDOWN / CLEAR,0.0,10162.93
SKU01758,66.6206030093677,112.0,65.0,30.0,Beverages,127.26,97.7,0.0,0.6710883217700048,High overstock,MARKDOWN / CLEAR,0.0,4433.57
SKU01759,62.59763833762612,1.0,31.0,6.0,Grocery,94.8,55.12,0.9558487387376106,0.0,High stockout,REORDER NOW,1957.56,0.0
SKU01760,64.59909150212627,117.0,119.0,46.0,Stationery & Office,257.59,176.48,0.0,0.798805399556109,High overstock,MARKDOWN / CLEAR,0.0,9247.71
SKU01761,140.0537961419878,67.0,99.0,40.0,Grocery,308.43,206.92,0.11857703011591836,0.0,Healthy,HEALTHY,2471.59,0.0
SKU01762,62.07089235978629,3637.0,867.0,326.0,Home & Kitchen,2255.17,1614.7,0.0,1.0,High overstock,MARKDOWN / CLEAR,0.0,5772438.03
SKU01763,86.01507683650641,0.0,0.0,0.0,Grocery,275.28,167.78,1.0,0.0,High stockout,REORDER NOW,5919.56,0.0
SKU01764,146.75641934832723,322.0,114.0,47.0,Apparel & Footwear,2017.27,1173.71,0.0,1.0,High overstock,MARKDOWN / CLEAR,0.0,205685.14
SKU01765,92.95447561108767,0.0,0.0,0.0,Dairy & Bakery,184.81,146.62,1.0,0.0,High stockout,REORDER NOW,4294.73,0.0
SKU01766,66.37509914607922,7095.0,1651.0,598.0,Frozen Foods,1036.35,690.64,0.0,1.0,High overstock,MARKDOWN / CLEAR,0.0,4854249.5
SKU01767,72.99361139003865,109.0,60.0,12.0,Dairy & Bakery,219.82,133.65,0.0,0.4866148297609473,Healthy,HEALTHY,0.0,4812.25
SKU01768,90.15419730314657,157.0,75.0,24.0,Home Care,361.67,210.55,0.0,0.7333266560896583,High overstock,MARKDOWN / CLEAR,0.0,14074.38
SKU01769,177.72533878072704,246.0,107.0,50.0,Home Care,576.91,402.91,0.0,0.3820088504799936,Healthy,HEALTHY,0.0,27508.54
SKU01770,69.6777593943273,4354.0,1046.0,343.0,Frozen Foods,318.52,186.95,0.0,1.0,High overstock,MARKDOWN / CLEAR,0.0,800954.04
SKU01771,79.9916870979416,91.0,90.0,27.0,Personal Care,336.08,200.22,0.0,0.13591904671335317,Healthy,HEALTHY,0.0,2204.08
SKU01772,67.94016465778614,266.0,136.0,55.0,Frozen Foods,252.57,199.03,0.0,1.0,High overstock,MARKDOWN / CLEAR,0.0,39419.85
SKU01773,62.68037338688143,39.0,85.0,37.0,Apparel & Footwear,2961.29,1650.3,0.27333832367215005,0.0,Healthy,HEALTHY,40481.11,0.0
SKU01774,337.86764272103846,240.0,144.0,45.0,Home Care,129.33,77.17,0.0,0.0,Healthy,HEALTHY,0.0,0.0
SKU01775,6332.734626760068,397.0,924.0,340.0,Personal Care,204.15,146.54,0.7936787381912807,0.0,High stockout,REORDER NOW,311570.39,0.0
SKU01776,73.55287783869774,362.0,152.0,60.0,Beverages,149.32,90.22,0.0,1.0,High overstock,MARKDOWN / CLEAR,0.0,26023.7
SKU01777,72.70823296804906,175.0,196.0,69.0,Personal Care,485.89,289.34,0.0,1.0,High overstock,MARKDOWN / CLEAR,0.0,29597.1
SKU01778,173.47825386993836,201.0,133.0,45.0,Beverages,125.27,86.33,0.0,0.1577374000462959,Healthy,HEALTHY,0.0,2375.95
SKU01779,84.52768588415555,216.0,73.0,18.0,Snacks & Confectionery,130.19,94.26,0.0,1.0,High overstock,MARKDOWN / CLEAR,0.0,12392.58
SKU01780,111.09725821627059,0.0,0.0,0.0,Stationery & Office,378.86,249.16,1.0,0.0,High stockout,REORDER NOW,10522.58,0.0
SKU01781,62.744764540302754,82.0,102.0,29.0,Beverages,260.71,194.31,0.0,0.3020677164400393,Healthy,HEALTHY,0.0,3741.48
SKU01782,69.0083273633032,169.0,99.0,25.0,Home Care,247.79,186.78,0.0,1.0,High overstock,MARKDOWN / CLEAR,0.0,18676.44
SKU01783,78.27834492667213,143.0,115.0,52.0,Home & Kitchen,396.76,280.02,0.0,0.816385043522183,High overstock,MARKDOWN / CLEAR,0.0,18123.36
SKU01784,580.8721579814039,0.0,600.0,211.0,Stationery & Office,168.81,117.23,1.0,0.0,High stockout,REORDER NOW,60133.17,0.0
SKU01785,90.08009683436083,87.0,90.0,20.0,Beverages,110.74,83.51,0.0,0.0,Healthy,HEALTHY,0.0,0.0
SKU01786,82.73833036477394,160.0,232.0,97.0,Beverages,299.03,165.59,0.0,0.9226559605220835,High overstock,MARKDOWN / CLEAR,0.0,12793.76
SKU01787,79.24906860896074,0.0,0.0,0.0,Personal Care,444.45,301.19,1.0,0.0,High stockout,REORDER NOW,8805.56,0.0
SKU01788,68.87088601420595,165.0,88.0,38.0,Frozen Foods,627.45,365.29,0.0,1.0,High overstock,MARKDOWN / CLEAR,0.0,35115.0
SKU01789,61.5674436340441,0.0,0.0,0.0,Stationery & Office,168.03,101.72,1.0,0.0,High stockout,REORDER NOW,2586.29,0.0
SKU01790,68.76134922837132,239.0,172.0,57.0,Snacks & Confectionery,128.94,101.51,0.0,1.0,High overstock,MARKDOWN / CLEAR,0.0,17280.93
SKU01791,73.66114666802655,98.0,131.0,38.0,Beverages,129.55,71.37,0.0,0.3259908857306167,Healthy,HEALTHY,0.0,1737.06
SKU01792,64.9792289387265,7560.0,1629.0,548.0,Dairy & Bakery,400.01,250.71,0.0,1.0,High overstock,MARKDOWN / CLEAR,0.0,1879076.66
SKU01793,67.6306931474223,337.0,296.0,107.0,Home & Kitchen,2230.84,1313.05,0.0,1.0,High overstock,MARKDOWN / CLEAR,0.0,353695.37
SKU01794,143.62637939115925,74.0,88.0,31.0,Grocery,397.99,275.65,0.0,0.0,Healthy,HEALTHY,0.0,0.0
SKU01795,64.73757234288668,14.0,61.0,23.0,Personal Care,262.01,199.41,0.6516060359519407,0.0,High stockout,REORDER NOW,6598.56,0.0
SKU01796,88.30226886337758,73.0,47.0,12.0,Beverages,75.33,48.79,0.0,0.0,Healthy,HEALTHY,0.0,0.0
SKU01797,88.3946821336403,194.0,92.0,26.0,Beverages,74.29,56.41,0.0,1.0,High overstock,MARKDOWN / CLEAR,0.0,5957.2
SKU01798,60.960340034210155,221.0,110.0,30.0,Stationery & Office,146.72,96.84,0.0,1.0,High overstock,MARKDOWN / CLEAR,0.0,15498.24
SKU01799,62.96011636231316,41.0,77.0,27.0,Grocery,244.14,189.76,0.06264351321998773,0.0,Healthy,HEALTHY,424.81,0.0
SKU01800,69.03618041043127,45.0,64.0,26.0,Dairy & Bakery,144.95,110.41,0.0,0.0,Healthy,HEALTHY,0.0,0.0
SKU01801,64.2685402174088,112.0,83.0,30.0,Home & Kitchen,948.83,564.27,0.0,0.7313088300059757,High overstock,MARKDOWN / CLEAR,0.0,26933.43
SKU01802,77.11260415697046,261.0,174.0,49.0,Health & Wellness,813.93,627.76,0.0,1.0,High overstock,MARKDOWN / CLEAR,0.0,115437.15
SKU01803,68.2576516418736,6009.0,1392.0,501.0,Grocery,316.1,189.07,0.0,1.0,High overstock,MARKDOWN / CLEAR,0.0,1123216.16
SKU01804,210.51433534253536,233.0,171.0,55.0,Home Care,220.92,148.59,0.0,0.10630799383432046,Healthy,HEALTHY,0.0,3341.14
SKU01805,61.26726937867261,8409.0,1812.0,658.0,Stationery & Office,158.18,94.75,0.0,1.0,High overstock,MARKDOWN / CLEAR,0.0,790947.68
SKU01806,61.69669123093035,0.0,0.0,0.0,Personal Care,308.15,199.25,1.0,0.0,High stockout,REORDER NOW,4752.96,0.0
SKU01807,63.5938582749714,86.0,37.0,10.0,Frozen Foods,288.3,229.6,0.0,0.34687727786204164,Healthy,HEALTHY,0.0,5144.45
SKU01808,98.53656497817404,399.0,233.0,94.0,Frozen Foods,225.82,167.4,0.0,1.0,High overstock,MARKDOWN / CLEAR,0.0,50297.58
SKU01809,92.10525663523565,1.0,44.0,18.0,Health & Wellness,1072.06,738.13,0.9762053841738011,0.0,High stockout,REORDER NOW,42910.61,0.0
SKU01810,79.66287152974803,220.0,175.0,60.0,Snacks & Confectionery,129.49,101.5,0.0,1.0,High overstock,MARKDOWN / CLEAR,0.0,14244.22
SKU01811,108.39394772481423,65.0,49.0,20.0,Home & Kitchen,1351.94,865.14,0.0,0.0,Healthy,HEALTHY,0.0,0.0
SKU01812,62.49603755169487,63.0,89.0,41.0,Stationery & Office,351.24,208.39,0.0,0.00793691177807487,Healthy,HEALTHY,0.0,105.02
SKU01813,75.81348982921516,0.0,0.0,0.0,Beverages,154.92,117.31,1.0,0.0,High stockout,REORDER NOW,2936.26,0.0
SKU01814,106.15572459291053,61.0,73.0,27.0,Apparel & Footwear,887.42,490.78,0.0,0.0,Healthy,HEALTHY,0.0,0.0
SKU01815,137.90992310224033,44.0,91.0,24.0,Apparel & Footwear,1240.67,931.93,0.2602242155138478,0.0,Healthy,HEALTHY,17961.78,0.0
SKU01816,82.07067020953032,54.0,22.0,10.0,Electronics & Accessories,3324.34,1846.55,0.0,0.0,Healthy,HEALTHY,0.0,0.0
SKU01817,69.82371771094674,436.0,215.0,58.0,Personal Care,321.17,199.48,0.0,1.0,High overstock,MARKDOWN / CLEAR,0.0,73044.84
SKU01818,61.6422142073495,6417.0,1473.0,500.0,Home Care,472.39,301.8,0.0,1.0,High overstock,MARKDOWN / CLEAR,0.0,1918046.98
SKU01819,224.65102908266047,245.0,221.0,90.0,Home & Kitchen,1045.44,658.24,0.0,0.09017894135056347,Healthy,HEALTHY,0.0,13394.51
SKU01820,70.65074162034911,335.0,151.0,57.0,Beverages,89.1,54.43,0.0,1.0,High overstock,MARKDOWN / CLEAR,0.0,14388.53
SKU01821,62.21572812848401,87.0,61.0,23.0,Apparel & Footwear,2543.99,1468.0,0.0,0.39205863169277627,Healthy,HEALTHY,0.0,36383.31
SKU01822,62.07227601155202,8424.0,1799.0,663.0,Stationery & Office,191.35,105.39,0.0,1.0,High overstock,MARKDOWN / CLEAR,0.0,881263.56
SKU01823,236.6311582430324,216.0,139.0,58.0,Electronics & Accessories,1248.39,928.4,0.0,0.0,Healthy,HEALTHY,0.0,0.0
SKU01824,65.14684558056175,164.0,59.0,12.0,Personal Care,324.93,215.83,0.0,1.0,High overstock,MARKDOWN / CLEAR,0.0,21335.48
SKU01825,88.39769533332381,187.0,141.0,48.0,Frozen Foods,688.73,406.69,0.0,1.0,High overstock,MARKDOWN / CLEAR,0.0,40100.57
SKU01826,70.77355134676667,43.0,37.0,11.0,Grocery,156.74,89.43,0.0,0.0,Healthy,HEALTHY,0.0,0.0
SKU01827,70.58075105481723,4950.0,1142.0,398.0,Stationery & Office,270.58,167.65,0.0,1.0,High overstock,MARKDOWN / CLEAR,0.0,818034.64
SKU01828,77.75510125901903,76.0,35.0,15.0,Personal Care,523.52,334.32,0.0,0.0,Healthy,HEALTHY,0.0,0.0
SKU01829,257.88583101710884,145.0,112.0,52.0,Grocery,385.77,256.67,0.0,0.0,Healthy,HEALTHY,0.0,0.0
SKU01830,62.73203181033858,6825.0,1438.0,522.0,Apparel & Footwear,1563.44,899.39,0.0,1.0,High overstock,MARKDOWN / CLEAR,0.0,6081916.19
SKU01831,73.00723973685248,2.0,43.0,12.0,Health & Wellness,341.82,271.74,0.9360037065305941,0.0,High stockout,REORDER NOW,9657.03,0.0
SKU01832,98.45597395385697,313.0,124.0,45.0,Health & Wellness,193.39,119.36,0.0,1.0,High overstock,MARKDOWN / CLEAR,0.0,25607.97
SKU01833,167.4715360175635,221.0,118.0,40.0,Grocery,62.59,41.33,0.0,0.3177300168786735,Healthy,HEALTHY,0.0,2212.33
SKU01834,61.740600946798644,215.0,125.0,46.0,Apparel & Footwear,2159.15,1570.25,0.0,1.0,High overstock,MARKDOWN / CLEAR,0.0,240655.57
SKU01835,129.0186788190411,244.0,165.0,50.0,Health & Wellness,1074.02,674.0,0.0,0.8843446359041145,High overstock,MARKDOWN / CLEAR,0.0,77497.41
SKU01836,428.43630373717286,126.0,67.0,26.0,Apparel & Footwear,1656.58,945.28,0.06046627253077397,0.0,Healthy,HEALTHY,11776.75,0.0
SKU01837,87.20510102070097,120.0,126.0,44.0,Apparel & Footwear,1716.89,1105.91,0.0,0.371802748364886,Healthy,HEALTHY,0.0,36268.21
SKU01838,62.851281822800004,374.0,164.0,67.0,Snacks & Confectionery,125.59,86.43,0.0,1.0,High overstock,MARKDOWN / CLEAR,0.0,26892.58
SKU01839,91.65647400410965,34.0,67.0,19.0,Snacks & Confectionery,153.87,117.01,0.20771994887449463,0.0,Healthy,HEALTHY,1217.75,0.0
SKU01840,79.0452416268756,344.0,163.0,50.0,Stationery & Office,117.69,75.55,0.0,1.0,High overstock,MARKDOWN / CLEAR,0.0,20017.33
SKU01841,61.963078805736366,356.0,229.0,101.0,Frozen Foods,478.63,369.68,0.0,1.0,High overstock,MARKDOWN / CLEAR,0.0,108699.57
SKU01842,165.9463716671645,72.0,173.0,67.0,Home Care,348.33,239.14,0.3423852356542012,0.0,Healthy,HEALTHY,12709.37,0.0
SKU01843,233.8754255701782,0.0,0.0,0.0,Dairy & Bakery,407.44,297.18,1.0,0.0,High stockout,REORDER NOW,23822.55,0.0
SKU01844,76.974591426058,229.0,207.0,75.0,Health & Wellness,897.46,500.37,0.0,1.0,High overstock,MARKDOWN / CLEAR,0.0,76068.95
SKU01845,134.31058638510268,198.0,90.0,33.0,Apparel & Footwear,626.06,484.53,0.0,0.4706905447415114,Healthy,HEALTHY,0.0,30859.43
SKU01846,92.72614792996019,290.0,210.0,59.0,Grocery,189.44,114.3,0.0,1.0,High overstock,MARKDOWN / CLEAR,0.0,22548.4
SKU01847,62.6927580676611,92.0,45.0,15.0,Frozen Foods,723.74,457.02,0.0,0.46013460276293394,Healthy,HEALTHY,0.0,13394.0
SKU01848,71.14983039667158,59.0,98.0,37.0,Stationery & Office,274.37,186.82,0.0,0.0,Healthy,HEALTHY,0.0,0.0
SKU01849,100.26878875887851,201.0,216.0,74.0,Dairy & Bakery,145.96,115.3,0.0,0.994691577490504,High overstock,MARKDOWN / CLEAR,0.0,11614.31
SKU01850,81.81426929618723,41.0,64.0,13.0,Dairy & Bakery,218.29,138.92,0.0,0.0,Healthy,HEALTHY,0.0,0.0
SKU01851,62.5170105944213,0.0,0.0,0.0,Home & Kitchen,1282.27,775.93,1.0,0.0,High stockout,REORDER NOW,20040.92,0.0
SKU01852,73.52246106265441,0.0,0.0,0.0,Grocery,142.19,112.36,1.0,0.0,High stockout,REORDER NOW,2613.54,0.0
SKU01853,62.573864083901896,27.0,40.0,17.0,Personal Care,206.97,155.67,0.19746675377719747,0.0,Healthy,HEALTHY,1168.03,0.0
SKU01854,65.44098860056334,8415.0,1880.0,684.0,Home Care,225.3,161.28,0.0,1.0,High overstock,MARKDOWN / CLEAR,0.0,1346616.88
SKU01855,63.658551236698116,26.0,52.0,16.0,Apparel & Footwear,1938.76,1264.86,0.21007789449978886,0.0,Healthy,HEALTHY,11467.06,0.0
SKU01856,89.84664910669818,295.0,161.0,41.0,Beverages,195.51,128.08,0.0,1.0,High overstock,MARKDOWN / CLEAR,0.0,26276.04
SKU01857,67.84076517315796,364.0,140.0,48.0,Home Care,250.66,197.44,0.0,1.0,High overstock,MARKDOWN / CLEAR,0.0,58473.68
SKU01858,69.43523906543558,98.0,62.0,16.0,Beverages,74.37,42.19,0.0,0.4055464468293669,Healthy,HEALTHY,0.0,1205.15
SKU01859,69.99123139280451,421.0,213.0,101.0,Apparel & Footwear,1895.5,1401.49,0.0,1.0,High overstock,MARKDOWN / CLEAR,0.0,491935.28
SKU01860,232.70995492527143,28.0,67.0,33.0,Health & Wellness,211.67,148.23,0.6962381988772186,0.0,High stockout,REORDER NOW,13372.78,0.0
SKU01861,66.53872199398454,417.0,242.0,103.0,Home Care,632.49,501.0,0.0,1.0,High overstock,MARKDOWN / CLEAR,0.0,175581.1
SKU01862,135.81470558634294,402.0,259.0,103.0,Personal Care,439.89,303.35,0.0,1.0,High overstock,MARKDOWN / CLEAR,0.0,80747.31
SKU01863,61.06734640531717,4531.0,992.0,375.0,Beverages,56.57,35.08,0.0,1.0,High overstock,MARKDOWN / CLEAR,0.0,156805.24
SKU01864,62.235730927874364,130.0,59.0,27.0,Stationery & Office,228.71,170.38,0.0,1.0,High overstock,MARKDOWN / CLEAR,0.0,11545.68
SKU01865,103.70054988129604,359.0,225.0,89.0,Health & Wellness,1649.45,1313.63,0.0,1.0,High overstock,MARKDOWN / CLEAR,0.0,335369.02
SKU01866,183.51512809716743,0.0,0.0,0.0,Dairy & Bakery,264.81,205.72,1.0,0.0,High stockout,REORDER NOW,12149.16,0.0
SKU01867,61.563443022661986,409.0,153.0,51.0,Personal Care,102.2,63.74,0.0,1.0,High overstock,MARKDOWN / CLEAR,0.0,22145.61
SKU01868,78.72933631868386,274.0,127.0,55.0,Electronics & Accessories,924.01,588.21,0.0,1.0,High overstock,MARKDOWN / CLEAR,0.0,114860.16
SKU01869,64.76896162672624,286.0,149.0,51.0,Electronics & Accessories,1753.31,1295.18,0.0,1.0,High overstock,MARKDOWN / CLEAR,0.0,286534.02
SKU01870,296.5001441036443,152.0,94.0,26.0,Home Care,226.16,158.21,0.0,0.0,Healthy,HEALTHY,0.0,0.0
SKU01871,78.41798408463494,40.0,95.0,19.0,Dairy & Bakery,155.25,85.84,0.0,0.0,Healthy,HEALTHY,0.0,0.0
SKU01872,84.19789563626183,157.0,91.0,36.0,Health & Wellness,577.52,338.12,0.0,0.8545058985324541,High overstock,MARKDOWN / CLEAR,0.0,24615.85
SKU01873,66.53036470544923,0.0,0.0,0.0,Health & Wellness,747.67,427.2,1.0,0.0,High stockout,REORDER NOW,12435.69,0.0
SKU01874,61.242975217565956,4326.0,957.0,347.0,Health & Wellness,409.33,243.42,0.0,1.0,High overstock,MARKDOWN / CLEAR,0.0,1038127.15
SKU01875,68.44868949463027,370.0,168.0,73.0,Grocery,290.33,181.81,0.0,1.0,High overstock,MARKDOWN / CLEAR,0.0,54825.04
SKU01876,75.21917414959762,95.0,83.0,38.0,Home Care,282.4,223.6,0.0,0.25952558619407196,Healthy,HEALTHY,0.0,4422.99
SKU01877,63.25352569119399,188.0,139.0,46.0,Health & Wellness,1306.98,939.87,0.0,1.0,High overstock,MARKDOWN / CLEAR,0.0,117245.47
SKU01878,219.79070601970105,118.0,153.0,50.0,Stationery & Office,98.98,55.79,0.0,0.0,Healthy,HEALTHY,0.0,0.0
SKU01879,71.63836245810487,447.0,178.0,67.0,Frozen Foods,415.75,291.79,0.0,1.0,High overstock,MARKDOWN / CLEAR,0.0,109526.77
SKU01880,62.7611941392093,5011.0,1081.0,389.0,Personal Care,509.53,335.86,0.0,1.0,High overstock,MARKDOWN / CLEAR,0.0,1661915.49
SKU01881,69.96269517947316,295.0,122.0,33.0,Frozen Foods,261.78,193.33,0.0,1.0,High overstock,MARKDOWN / CLEAR,0.0,43506.46
SKU01882,257.49557049305133,130.0,120.0,30.0,Snacks & Confectionery,69.32,53.44,0.0,0.0,Healthy,HEALTHY,0.0,0.0
SKU01883,68.84079049993424,305.0,146.0,57.0,Beverages,62.74,35.53,0.0,1.0,High overstock,MARKDOWN / CLEAR,0.0,8390.74
SKU01884,148.39577566634273,395.0,243.0,106.0,Electronics & Accessories,1125.1,894.44,0.0,1.0,High overstock,MARKDOWN / CLEAR,0.0,220572.68
SKU01885,75.98927450403419,193.0,224.0,77.0,Stationery & Office,307.39,173.51,0.0,1.0,High overstock,MARKDOWN / CLEAR,0.0,20302.53
SKU01886,120.01927963027468,96.0,66.0,22.0,Home & Kitchen,1996.89,1463.91,0.0,0.0,Healthy,HEALTHY,0.0,0.0
SKU01887,89.62691782747844,192.0,137.0,52.0,Health & Wellness,1220.54,946.87,0.0,1.0,High overstock,MARKDOWN / CLEAR,0.0,96934.0
SKU01888,70.0245953630446,179.0,248.0,79.0,Grocery,105.0,77.48,0.0,1.0,High overstock,MARKDOWN / CLEAR,0.0,8443.41
SKU01889,144.83094013500568,213.0,229.0,86.0,Stationery & Office,83.31,48.96,0.0,0.46745265306447015,Healthy,HEALTHY,0.0,3337.56
SKU01890,273.07564271829096,0.0,0.0,0.0,Home Care,119.43,71.9,1.0,0.0,High stockout,REORDER NOW,8153.36,0.0
SKU01891,69.47469992194259,562.0,222.0,74.0,Dairy & Bakery,62.17,34.83,0.0,1.0,High overstock,MARKDOWN / CLEAR,0.0,17154.66
SKU01892,82.07068912436152,62.0,182.0,52.0,Home & Kitchen,231.9,135.14,0.156665355739954,0.0,Healthy,HEALTHY,2439.05,0.0
SKU01893,62.664289275988274,259.0,165.0,57.0,Electronics & Accessories,2926.57,1654.26,0.0,1.0,High overstock,MARKDOWN / CLEAR,0.0,324790.31
SKU01894,88.3659933536332,0.0,0.0,0.0,Electronics & Accessories,620.89,349.82,1.0,0.0,High stockout,REORDER NOW,13716.39,0.0
SKU01895,67.63338313030646,459.0,228.0,84.0,Dairy & Bakery,95.13,65.69,0.0,1.0,High overstock,MARKDOWN / CLEAR,0.0,25708.87
SKU01896,62.640167456564484,151.0,137.0,64.0,Stationery & Office,83.38,47.46,0.0,1.0,High overstock,MARKDOWN / CLEAR,0.0,4193.56
SKU01897,89.89062522741409,356.0,157.0,60.0,Home Care,492.22,323.03,0.0,1.0,High overstock,MARKDOWN / CLEAR,0.0,85961.31
SKU01898,89.07747071000499,173.0,138.0,50.0,Frozen Foods,304.55,221.53,0.0,0.9316705789861133,High overstock,MARKDOWN / CLEAR,0.0,18591.36
SKU01899,77.80890230222184,152.0,119.0,41.0,Apparel & Footwear,752.97,416.98,0.0,0.9414050383961066,High overstock,MARKDOWN / CLEAR,0.0,30936.2
SKU01900,73.47084419884277,701.0,355.0,128.0,Health & Wellness,330.24,234.38,0.0,1.0,High overstock,MARKDOWN / CLEAR,0.0,147080.28
SKU01901,81.06637605853946,231.0,130.0,47.0,Snacks & Confectionery,102.51,75.79,0.0,1.0,High overstock,MARKDOWN / CLEAR,0.0,11363.47
SKU01902,226.3911053075909,291.0,191.0,66.0,Dairy & Bakery,65.43,44.77,0.0,0.2841311431465754,Healthy,HEALTHY,0.0,2892.54
SKU01903,63.02706816991397,142.0,60.0,14.0,Personal Care,359.99,240.8,0.0,1.0,High overstock,MARKDOWN / CLEAR,0.0,19016.68
SKU01904,218.52255732562168,165.0,85.0,34.0,Stationery & Office,280.72,205.69,0.0,0.0,Healthy,HEALTHY,0.0,0.0
SKU01905,62.32150771238345,438.0,366.0,130.0,Electronics & Accessories,2021.49,1379.53,0.0,1.0,High overstock,MARKDOWN / CLEAR,0.0,518259.75
SKU01906,61.519055586840025,4300.0,1005.0,350.0,Personal Care,153.28,103.82,0.0,1.0,High overstock,MARKDOWN / CLEAR,0.0,440039.09
SKU01907,64.89294293600229,0.0,0.0,0.0,Electronics & Accessories,1736.27,1302.99,1.0,0.0,High stockout,REORDER NOW,28167.92,0.0
SKU01908,89.80893950640792,106.0,46.0,17.0,Electronics & Accessories,2110.37,1602.59,0.0,0.17829809027171334,Healthy,HEALTHY,0.0,25947.63
SKU01909,81.88068242378739,83.0,147.0,45.0,Personal Care,321.25,206.28,0.0,0.013505168435864086,Healthy,HEALTHY,0.0,230.89
SKU01910,96.80369501695841,0.0,0.0,0.0,Personal Care,303.88,198.7,1.0,0.0,High stockout,REORDER NOW,7354.18,0.0
SKU01911,62.01256049319849,6157.0,1354.0,465.0,Home & Kitchen,1116.98,837.95,0.0,1.0,High overstock,MARKDOWN / CLEAR,0.0,5107294.72
SKU01912,62.51569605359902,92.0,135.0,47.0,Frozen Foods,806.73,553.59,0.0,0.464205004090958,Healthy,HEALTHY,0.0,16322.22
SKU01913,62.710520988854384,76.0,102.0,35.0,Beverages,208.36,150.37,0.0,0.20859159217157394,Healthy,HEALTHY,0.0,1998.34
SKU01914,62.822639543875816,132.0,95.0,34.0,Electronics & Accessories,1531.95,871.36,0.0,1.0,High overstock,MARKDOWN / CLEAR,0.0,60278.38
SKU01915,61.14593911362675,447.0,370.0,132.0,Health & Wellness,677.32,388.67,0.0,1.0,High overstock,MARKDOWN / CLEAR,0.0,149969.9
SKU01916,90.73243708911681,324.0,160.0,61.0,Frozen Foods,572.96,391.3,0.0,1.0,High overstock,MARKDOWN / CLEAR,0.0,91277.6
SKU01917,87.96910190073545,264.0,188.0,42.0,Electronics & Accessories,986.08,744.3,0.0,1.0,High overstock,MARKDOWN / CLEAR,0.0,131019.8
SKU01918,66.56335819338182,166.0,56.0,17.0,Home & Kitchen,529.69,333.25,0.0,1.0,High overstock,MARKDOWN / CLEAR,0.0,33137.26
SKU01919,62.31607481693174,5766.0,1372.0,489.0,Dairy & Bakery,88.6,70.01,0.0,1.0,High overstock,MARKDOWN / CLEAR,0.0,399314.91
SKU01920,196.16142085668815,207.0,195.0,61.0,Home Care,314.41,232.69,0.0,0.054973123525976955,Healthy,HEALTHY,0.0,2522.03
SKU01921,81.47902672624977,158.0,109.0,41.0,Snacks & Confectionery,64.75,48.27,0.0,0.9277628060249244,High overstock,MARKDOWN / CLEAR,0.0,3693.67
SKU01922,67.24020894024841,62.0,26.0,10.0,Health & Wellness,810.44,614.73,0.0,0.0,Healthy,HEALTHY,0.0,0.0
SKU01923,91.5615456320722,619.0,376.0,120.0,Personal Care,403.84,247.81,0.0,1.0,High overstock,MARKDOWN / CLEAR,0.0,130704.52
SKU01924,61.260369880192926,68.0,26.0,8.0,Personal Care,104.76,66.27,0.0,0.10824911790238453,Healthy,HEALTHY,0.0,446.64
SKU01925,95.92371990981195,25.0,106.0,31.0,Electronics & Accessories,1164.18,674.77,0.5534193517315797,0.0,High stockout,REORDER NOW,34903.2,0.0
SKU01926,93.5724454621359,0.0,0.0,0.0,Personal Care,641.51,413.83,1.0,0.0,High stockout,REORDER NOW,15006.91,0.0
SKU01927,71.2578478441389,21.0,22.0,9.0,Home Care,234.12,130.86,0.24499707995722164,0.0,Healthy,HEALTHY,1361.28,0.0
SKU01928,99.77244483290093,155.0,174.0,72.0,Home Care,198.45,146.43,0.0,0.5480422278002326,High overstock,MARKDOWN / CLEAR,0.0,8086.97
SKU01929,70.89463320997862,0.0,0.0,0.0,Dairy & Bakery,79.85,59.94,1.0,0.0,High stockout,REORDER NOW,1415.23,0.0
SKU01930,67.37159066455297,117.0,181.0,67.0,Beverages,60.28,36.37,0.0,0.7258630207820618,High overstock,MARKDOWN / CLEAR,0.0,1804.99
SKU01931,80.9385546941677,110.0,78.0,22.0,Apparel & Footwear,1441.93,969.66,0.0,0.35467363824396153,Healthy,HEALTHY,0.0,28179.72
SKU01932,74.74525800428884,98.0,36.0,11.0,Beverages,181.98,130.66,0.0,0.3070125128413244,Healthy,HEALTHY,0.0,3038.46
SKU01933,64.6937986655295,104.0,152.0,52.0,Dairy & Bakery,226.4,166.55,0.0,0.5983243796662202,High overstock,MARKDOWN / CLEAR,0.0,6546.45
SKU01934,90.61824894048354,434.0,228.0,92.0,Electronics & Accessories,671.56,532.12,0.0,1.0,High overstock,MARKDOWN / CLEAR,0.0,182720.3
SKU01935,63.48881613812477,19.0,40.0,15.0,Beverages,161.94,97.19,0.40386927808899276,0.0,Healthy,HEALTHY,1922.58,0.0
SKU01936,69.88213592100753,101.0,79.0,16.0,Health & Wellness,539.02,329.71,0.0,0.4390085551833658,Healthy,HEALTHY,0.0,10259.87
SKU01937,120.13537420115634,239.0,105.0,32.0,Electronics & Accessories,1685.23,1286.62,0.0,0.9812544566994783,High overstock,MARKDOWN / CLEAR,0.0,152933.6
SKU01938,165.46285250461176,160.0,111.0,41.0,Health & Wellness,1070.48,614.78,0.0,0.0,Healthy,HEALTHY,0.0,0.0
SKU01939,62.66013210526016,6142.0,1463.0,501.0,Dairy & Bakery,297.93,222.4,0.0,1.0,High overstock,MARKDOWN / CLEAR,0.0,1352045.19
SKU01940,176.53761077133439,308.0,116.0,39.0,Grocery,127.72,74.5,0.0,0.7404762779982833,High overstock,MARKDOWN / CLEAR,0.0,9793.95
SKU01941,139.31113691252264,98.0,36.0,8.0,Home & Kitchen,546.17,363.81,0.0,0.0,Healthy,HEALTHY,0.0,0.0
SKU01942,68.85381201100289,208.0,147.0,43.0,Dairy & Bakery,85.64,59.78,0.0,1.0,High overstock,MARKDOWN / CLEAR,0.0,8318.16
SKU01943,64.4831407502445,150.0,197.0,67.0,Apparel & Footwear,1053.43,781.61,0.0,1.0,High overstock,MARKDOWN / CLEAR,0.0,66840.83
SKU01944,61.57207809743756,455.0,191.0,75.0,Snacks & Confectionery,36.52,21.13,0.0,1.0,High overstock,MARKDOWN / CLEAR,0.0,8313.13
SKU01945,89.69523673458967,306.0,242.0,96.0,Beverages,212.86,160.93,0.0,1.0,High overstock,MARKDOWN / CLEAR,0.0,34809.93
SKU01946,94.18642859788486,146.0,62.0,27.0,Apparel & Footwear,3073.34,2343.85,0.0,0.5443378028290317,High overstock,MARKDOWN / CLEAR,0.0,121443.24
SKU01947,86.84401453915814,248.0,126.0,36.0,Stationery & Office,132.92,99.47,0.0,1.0,High overstock,MARKDOWN / CLEAR,0.0,16030.19
SKU01948,73.69599688585522,148.0,99.0,40.0,Home & Kitchen,1592.06,1248.7,0.0,0.9947521448530975,High overstock,MARKDOWN / CLEAR,0.0,92783.41
SKU01949,69.26804685074345,652.0,359.0,114.0,Apparel & Footwear,1243.2,954.85,0.0,1.0,High overstock,MARKDOWN / CLEAR,0.0,556421.61
SKU01950,186.0435183418101,480.0,259.0,100.0,Snacks & Confectionery,104.93,77.86,0.0,1.0,High overstock,MARKDOWN / CLEAR,0.0,22887.45
SKU01951,62.98700429271527,112.0,122.0,49.0,Home & Kitchen,996.14,692.15,0.0,0.7659835969671221,High overstock,MARKDOWN / CLEAR,0.0,33924.34
SKU01952,88.77817048403925,80.0,67.0,23.0,Electronics & Accessories,1332.06,1001.92,0.0,0.0,Healthy,HEALTHY,0.0,0.0
SKU01953,339.92290094363216,288.0,149.0,65.0,Snacks & Confectionery,309.85,245.97,0.0,0.0,Healthy,HEALTHY,0.0,0.0
SKU01954,82.88652026025147,102.0,65.0,19.0,Beverages,206.88,146.75,0.0,0.22784923823816303,Healthy,HEALTHY,0.0,2804.9
SKU01955,84.12460777667194,518.0,353.0,111.0,Home & Kitchen,375.68,229.41,0.0,1.0,High overstock,MARKDOWN / CLEAR,0.0,99535.35
SKU01956,65.20352925995333,148.0,64.0,28.0,Dairy & Bakery,260.31,159.3,0.0,1.0,High overstock,MARKDOWN / CLEAR,0.0,13189.48
SKU01957,155.25633873205587,0.0,0.0,0.0,Apparel & Footwear,550.16,412.07,1.0,0.0,High stockout,REORDER NOW,21353.96,0.0
SKU01958,62.10148853522677,67.0,65.0,32.0,Beverages,94.8,75.59,0.0,0.07762909526355478,Healthy,HEALTHY,0.0,370.28
SKU01959,62.19719825291043,0.0,0.0,0.0,Dairy & Bakery,108.22,65.21,1.0,0.0,High stockout,REORDER NOW,1682.75,0.0
SKU01960,123.9777210151878,127.0,85.0,29.0,Dairy & Bakery,98.1,77.75,0.0,0.02418254197838128,Healthy,HEALTHY,0.0,234.98
SKU01961,117.04197580578781,0.0,0.0,0.0,Dairy & Bakery,250.71,154.71,1.0,0.0,High stockout,REORDER NOW,7335.9,0.0
SKU01962,74.13764826799073,403.0,287.0,110.0,Electronics & Accessories,1750.03,1143.12,0.0,1.0,High overstock,MARKDOWN / CLEAR,0.0,375929.13
SKU01963,72.1354959879879,295.0,182.0,78.0,Home & Kitchen,522.2,405.77,0.0,1.0,High overstock,MARKDOWN / CLEAR,0.0,90431.73
SKU01964,71.59005631793778,125.0,67.0,23.0,Home & Kitchen,1160.91,917.65,0.0,0.7357749310474643,High overstock,MARKDOWN / CLEAR,0.0,49011.63
SKU01965,92.02189434704313,18.0,83.0,20.0,Electronics & Accessories,1260.69,872.07,0.5909599753650789,0.0,High stockout,REORDER NOW,31524.15,0.0
SKU01966,115.65954718710829,158.0,88.0,25.0,Snacks & Confectionery,110.6,87.1,0.0,0.3629403150775356,Healthy,HEALTHY,0.0,3687.85
SKU01967,65.21939880146552,280.0,166.0,61.0,Stationery & Office,206.98,157.43,0.0,1.0,High overstock,MARKDOWN / CLEAR,0.0,33812.91
SKU01968,212.8199390041784,155.0,159.0,42.0,Frozen Foods,599.03,459.22,0.0,0.0,Healthy,HEALTHY,0.0,0.0
SKU01969,77.48004248951939,195.0,73.0,22.0,Frozen Foods,488.89,375.01,0.0,1.0,High overstock,MARKDOWN / CLEAR,0.0,44071.16
SKU01970,60.902982101762724,7665.0,1735.0,582.0,Electronics & Accessories,1472.18,951.86,0.0,1.0,High overstock,MARKDOWN / CLEAR,0.0,7238035.79
SKU01971,66.85870902531268,7448.0,1704.0,558.0,Apparel & Footwear,2455.1,1369.13,0.0,1.0,High overstock,MARKDOWN / CLEAR,0.0,10105741.98
SKU01972,103.35090464170696,183.0,66.0,26.0,Stationery & Office,81.24,48.03,0.0,0.76328131156861,High overstock,MARKDOWN / CLEAR,0.0,3825.55
SKU01973,80.54328700656102,0.0,0.0,0.0,Frozen Foods,317.96,180.8,1.0,0.0,High stockout,REORDER NOW,6402.39,0.0
SKU01974,79.34422001897796,135.0,108.0,35.0,Health & Wellness,998.87,609.91,0.0,0.6927166629768226,High overstock,MARKDOWN / CLEAR,0.0,33945.02
SKU01975,68.23798771268457,51.0,26.0,12.0,Electronics & Accessories,2559.26,1442.97,0.0,0.0,Healthy,HEALTHY,0.0,0.0
SKU01976,65.51520920402467,220.0,246.0,104.0,Dairy & Bakery,355.82,220.34,0.0,1.0,High overstock,MARKDOWN / CLEAR,0.0,34039.18
SKU01977,70.97326839500323,319.0,212.0,67.0,Dairy & Bakery,107.84,75.19,0.0,1.0,High overstock,MARKDOWN / CLEAR,0.0,18649.13
SKU01978,87.14620728716781,180.0,70.0,15.0,Health & Wellness,314.35,183.98,0.0,1.0,High overstock,MARKDOWN / CLEAR,0.0,17083.24
SKU01979,70.22901398066762,75.0,48.0,24.0,Grocery,174.01,109.44,0.0,0.06698093589541032,Healthy,HEALTHY,0.0,522.14
SKU01980,75.86974161360237,0.0,0.0,0.0,Dairy & Bakery,183.36,111.12,1.0,0.0,High stockout,REORDER NOW,3477.87,0.0
SKU01981,62.684076334833776,7589.0,1724.0,560.0,Electronics & Accessories,788.09,452.19,0.0,1.0,High overstock,MARKDOWN / CLEAR,0.0,3403324.8
SKU01982,278.84053710777033,236.0,123.0,32.0,Stationery & Office,88.35,63.53,0.0,0.0,Healthy,HEALTHY,0.0,0.0
SKU01983,134.53784369997476,192.0,78.0,22.0,Frozen Foods,530.92,410.54,0.0,0.4239565477168348,Healthy,HEALTHY,0.0,23590.51
SKU01984,189.6622180438831,163.0,118.0,46.0,Personal Care,254.86,185.79,0.0,0.0,Healthy,HEALTHY,0.0,0.0
SKU01985,66.9151559581644,0.0,0.0,0.0,Home Care,284.04,204.81,1.0,0.0,High stockout,REORDER NOW,4751.65,0.0
SKU01986,63.24775375468647,75.0,30.0,7.0,Electronics & Accessories,2055.6,1635.75,0.0,0.1829207335432529,Healthy,HEALTHY,0.0,19223.74
SKU01987,386.6368375584104,11.0,23.0,6.0,Frozen Foods,1078.02,789.99,0.8938830417020011,0.0,High stockout,REORDER NOW,98810.46,0.0
SKU01988,451.3550902128791,290.0,678.0,253.0,Grocery,331.12,186.02,0.20946197158609303,0.0,Healthy,HEALTHY,25111.73,0.0
SKU01989,68.50415044068963,421.0,183.0,64.0,Frozen Foods,367.67,222.28,0.0,1.0,High overstock,MARKDOWN / CLEAR,0.0,78352.78
SKU01990,110.46688772213002,44.0,35.0,15.0,Personal Care,161.94,114.87,0.0,0.0,Healthy,HEALTHY,0.0,0.0
SKU01991,65.34963361379855,133.0,144.0,48.0,Electronics & Accessories,2731.16,1938.47,0.0,1.0,High overstock,MARKDOWN / CLEAR,0.0,131138.21
SKU01992,109.67079861317119,75.0,45.0,22.0,Home & Kitchen,394.66,299.21,0.0,0.0,Healthy,HEALTHY,0.0,0.0
SKU01993,732.6479373103825,0.0,486.0,170.0,Stationery & Office,142.17,83.84,1.0,0.0,High stockout,REORDER NOW,50209.04,0.0
SKU01994,63.72200572968525,374.0,184.0,53.0,Health & Wellness,1289.58,1025.61,0.0,1.0,High overstock,MARKDOWN / CLEAR,0.0,318224.21
SKU01995,69.20947878669993,216.0,81.0,19.0,Personal Care,293.37,199.22,0.0,1.0,High overstock,MARKDOWN / CLEAR,0.0,29243.61
SKU01996,80.13736439868714,68.0,158.0,74.0,Home Care,333.67,260.3,0.28446918016002487,0.0,Healthy,HEALTHY,8686.88,0.0
SKU01997,124.12689318657037,243.0,94.0,43.0,Snacks & Confectionery,78.84,53.8,0.0,0.9500204455343102,High overstock,MARKDOWN / CLEAR,0.0,6395.37
SKU01998,64.01282202496563,0.0,0.0,0.0,Stationery & Office,92.68,55.3,1.0,0.0,High stockout,REORDER NOW,1483.18,0.0
SKU01999,72.62089035920731,69.0,40.0,20.0,Home & Kitchen,1844.71,1176.47,0.0,0.0,Healthy,HEALTHY,0.0,0.0
SKU02000,63.04399973091508,325.0,214.0,81.0,Home & Kitchen,2827.7,1711.58,0.0,1.0,High overstock,MARKDOWN / CLEAR,0.0,448358.65
SKU02001,91.06410696637909,293.0,124.0,27.0,Dairy & Bakery,79.68,49.09,0.0,1.0,High overstock,MARKDOWN / CLEAR,0.0,9913.03
SKU02002,188.1284129413047,76.0,32.0,15.0,Dairy & Bakery,251.48,194.29,0.0,0.0,Healthy,HEALTHY,0.0,0.0
SKU02003,139.49233616717672,0.0,0.0,0.0,Home & Kitchen,607.33,391.33,1.0,0.0,High stockout,REORDER NOW,21179.47,0.0
SKU02004,277.4626386821359,82.0,42.0,14.0,Frozen Foods,925.67,551.39,0.028040552041818656,0.0,Healthy,HEALTHY,1264.15,0.0
SKU02005,67.38498763202982,66.0,47.0,13.0,Electronics & Accessories,788.62,505.61,0.0,0.0,Healthy,HEALTHY,0.0,0.0
SKU02006,91.52773902960227,0.0,0.0,0.0,Home Care,80.67,56.82,1.0,0.0,High stockout,REORDER NOW,1845.89,0.0
SKU02007,86.11507904293646,409.0,218.0,92.0,Home Care,237.34,142.46,0.0,1.0,High overstock,MARKDOWN / CLEAR,0.0,45998.19
SKU02008,151.22167508370052,0.0,0.0,0.0,Health & Wellness,935.7,526.56,1.0,0.0,High stockout,REORDER NOW,35374.53,0.0
SKU02009,69.52151386727867,77.0,187.0,87.0,Apparel & Footwear,1970.46,1513.37,0.2693136889402573,0.1060454565226127,Healthy,HEALTHY,53951.94,11317.72
SKU02010,67.30688297213575,441.0,244.0,98.0,Personal Care,301.95,184.13,0.0,1.0,High overstock,MARKDOWN / CLEAR,0.0,68808.11
SKU02011,74.6213642047824,280.0,137.0,47.0,Apparel & Footwear,1226.41,961.62,0.0,1.0,High overstock,MARKDOWN / CLEAR,0.0,197496.2
SKU02012,80.66350624423998,138.0,93.0,21.0,Snacks & Confectionery,71.6,40.22,0.0,0.7021066862384955,High overstock,MARKDOWN / CLEAR,0.0,2306.07
SKU02013,65.27871873248243,123.0,125.0,55.0,Personal Care,239.82,170.92,0.0,0.8708871017934907,High overstock,MARKDOWN / CLEAR,0.0,9865.72
SKU02014,65.84924109534353,102.0,46.0,23.0,Home & Kitchen,675.08,483.57,0.0,0.5407803934991058,High overstock,MARKDOWN / CLEAR,0.0,17481.42
SKU02015,180.59569044132235,228.0,226.0,79.0,Stationery & Office,104.06,61.29,0.0,0.26104314173686327,Healthy,HEALTHY,0.0,2905.41
SKU02016,143.4595614954411,127.0,286.0,114.0,Stationery & Office,194.97,139.66,0.1581871720764213,0.0,Healthy,HEALTHY,4457.97,0.0
SKU02017,136.93664963755268,263.0,98.0,37.0,Dairy & Bakery,105.32,68.13,0.0,0.9139220844764313,High overstock,MARKDOWN / CLEAR,0.0,8588.7
SKU02018,166.41531191100822,318.0,126.0,54.0,Home & Kitchen,1042.89,673.13,0.0,0.9054410039242324,High overstock,MARKDOWN / CLEAR,0.0,102036.2
SKU02019,65.75568220596548,17.0,22.0,7.0,Stationery & Office,326.69,251.35,0.30438826198636726,0.0,Healthy,HEALTHY,2103.53,0.0
SKU02020,78.63598632231161,163.0,84.0,36.0,Stationery & Office,143.5,113.09,0.0,1.0,High overstock,MARKDOWN / CLEAR,0.0,9540.73
SKU02021,63.16543526881817,122.0,138.0,50.0,Grocery,296.61,175.75,0.0,0.916919903756549,High overstock,MARKDOWN / CLEAR,0.0,10340.17
SKU02022,129.30702593073542,82.0,125.0,50.0,Electronics & Accessories,1330.54,959.35,0.015922334417991846,0.0,Healthy,HEALTHY,434.76,0.0
SKU02023,70.44917376375933,84.0,33.0,12.0,Stationery & Office,133.8,78.77,0.0,0.1896568640673905,Healthy,HEALTHY,0.0,1067.4
SKU02024,157.83613371534128,147.0,99.0,26.0,Apparel & Footwear,1610.6,899.92,0.0,0.0,Healthy,HEALTHY,0.0,0.0
SKU02025,69.10858602595782,255.0,173.0,52.0,Snacks & Confectionery,210.28,123.51,0.0,1.0,High overstock,MARKDOWN / CLEAR,0.0,22959.45
SKU02026,71.99419984444005,26.0,35.0,8.0,Apparel & Footwear,1823.87,1292.51,0.03698531819480566,0.0,Healthy,HEALTHY,0.0,0.0
SKU02027,143.26516395875836,26.0,67.0,17.0,Beverages,152.04,111.23,0.5168749179503802,0.0,High stockout,REORDER NOW,4077.15,0.0
SKU02028,77.55673430614387,211.0,114.0,31.0,Home Care,349.07,236.24,0.0,1.0,High overstock,MARKDOWN / CLEAR,0.0,31524.64
SKU02029,199.41230639204656,418.0,191.0,64.0,Health & Wellness,463.23,364.99,0.0,1.0,High overstock,MARKDOWN / CLEAR,0.0,79782.32
SKU02030,78.81499384314532,222.0,187.0,66.0,Home Care,339.2,251.36,0.0,1.0,High overstock,MARKDOWN / CLEAR,0.0,35990.98
SKU02031,101.31157521428852,76.0,124.0,40.0,Electronics & Accessories,1821.78,1075.59,0.0,0.0,Healthy,HEALTHY,0.0,0.0
SKU02032,61.3882163966837,290.0,98.0,35.0,Snacks & Confectionery,90.84,54.68,0.0,1.0,High overstock,MARKDOWN / CLEAR,0.0,12500.49
SKU02033,156.32706531095337,46.0,87.0,36.0,Health & Wellness,939.05,656.42,0.3953873283929128,0.0,Healthy,HEALTHY,27309.23,0.0
SKU02034,262.88958839698813,84.0,78.0,31.0,Health & Wellness,751.83,476.15,0.14042223181765123,0.0,Healthy,HEALTHY,9565.08,0.0
SKU02035,164.55683904581747,106.0,46.0,13.0,Health & Wellness,900.31,495.37,0.0,0.0,Healthy,HEALTHY,0.0,0.0
SKU02036,220.78753749387295,0.0,0.0,0.0,Dairy & Bakery,207.39,115.32,1.0,0.0,High stockout,REORDER NOW,11447.28,0.0
SKU02037,93.85133275857629,143.0,133.0,49.0,Dairy & Bakery,223.51,145.73,0.0,0.5181652783574596,High overstock,MARKDOWN / CLEAR,0.0,7162.44
SKU02038,61.25715860962231,5774.0,1416.0,449.0,Dairy & Bakery,83.56,56.9,0.0,1.0,High overstock,MARKDOWN / CLEAR,0.0,325055.07
SKU02039,65.84025495546283,173.0,112.0,42.0,Home Care,351.73,250.9,0.0,1.0,High overstock,MARKDOWN / CLEAR,0.0,26886.38
SKU02040,228.3512637726233,99.0,214.0,87.0,Health & Wellness,1563.18,1157.98,0.3176546262245249,0.0,Healthy,HEALTHY,70480.37,0.0
SKU02041,69.41307378477717,0.0,0.0,0.0,Personal Care,237.24,187.94,1.0,0.0,High stockout,REORDER NOW,4116.89,0.0
SKU02042,63.75261500452524,252.0,162.0,62.0,Personal Care,128.72,97.79,0.0,1.0,High overstock,MARKDOWN / CLEAR,0.0,18408.71
SKU02043,64.39559473296669,0.0,0.0,0.0,Dairy & Bakery,212.81,135.98,1.0,0.0,High stockout,REORDER NOW,3426.01,0.0
SKU02044,62.76340861826214,199.0,140.0,51.0,Snacks & Confectionery,169.73,116.04,0.0,1.0,High overstock,MARKDOWN / CLEAR,0.0,15808.89
SKU02045,62.28362035238822,76.0,26.0,11.0,Health & Wellness,1073.39,648.31,0.0,0.21674454734469292,Healthy,HEALTHY,0.0,8892.47
SKU02046,440.2581040257352,50.0,1054.0,331.0,Apparel & Footwear,2009.47,1591.88,0.8868943399469418,0.0,High stockout,REORDER NOW,785832.43,0.0
SKU02047,91.18437418877164,362.0,177.0,64.0,Dairy & Bakery,319.7,218.63,0.0,1.0,High overstock,MARKDOWN / CLEAR,0.0,59208.42
SKU02048,104.27784820234237,400.0,250.0,99.0,Home & Kitchen,520.27,318.62,0.0,1.0,High overstock,MARKDOWN / CLEAR,0.0,94222.99
SKU02049,65.52277642494448,0.0,0.0,0.0,Frozen Foods,706.9,516.75,1.0,0.0,High stockout,REORDER NOW,11579.51,0.0
SKU02050,222.0200934406179,90.0,177.0,59.0,Snacks & Confectionery,90.73,60.97,0.22081310940587962,0.0,Healthy,HEALTHY,2223.34,0.0
SKU02051,74.09204096611387,103.0,221.0,77.0,Personal Care,454.54,363.26,0.0,0.384967017302555,Healthy,HEALTHY,0.0,10501.11
SKU02052,319.55233836680316,296.0,158.0,53.0,Grocery,277.43,157.77,0.0,0.0,Healthy,HEALTHY,0.0,0.0
SKU02053,67.05065928870054,138.0,62.0,23.0,Grocery,231.71,146.87,0.0,1.0,High overstock,MARKDOWN / CLEAR,0.0,10420.33
SKU02054,149.42874071586047,126.0,80.0,26.0,Personal Care,148.75,116.84,0.0,0.0,Healthy,HEALTHY,0.0,0.0
SKU02055,61.62566468107176,4355.0,1011.0,347.0,Home Care,445.25,296.22,0.0,1.0,High overstock,MARKDOWN / CLEAR,0.0,1271783.35
SKU02056,94.47689972108022,105.0,41.0,13.0,Apparel & Footwear,1399.72,878.95,0.0,0.1102161916616612,Healthy,HEALTHY,0.0,9249.28
SKU02057,64.02529828153865,7224.0,1559.0,595.0,Beverages,167.06,117.15,0.0,1.0,High overstock,MARKDOWN / CLEAR,0.0,838791.04
SKU02058,76.344941750289,166.0,92.0,26.0,Home & Kitchen,521.75,373.64,0.0,1.0,High overstock,MARKDOWN / CLEAR,0.0,33498.72
SKU02059,63.92229110591259,0.0,0.0,0.0,Snacks & Confectionery,45.51,26.09,1.0,0.0,High stockout,REORDER NOW,727.28,0.0
SKU02060,79.7346362878016,0.0,0.0,0.0,Beverages,214.74,132.03,1.0,0.0,High stockout,REORDER NOW,4280.55,0.0
SKU02061,122.82509315706382,62.0,26.0,10.0,Electronics & Accessories,4447.64,2789.75,0.0,0.0,Healthy,HEALTHY,0.0,0.0
SKU02062,73.50361241014663,63.0,39.0,9.0,Apparel & Footwear,1854.01,1133.64,0.0,0.0,Healthy,HEALTHY,0.0,0.0
SKU02063,69.85283642529956,382.0,225.0,69.0,Health & Wellness,429.58,277.39,0.0,1.0,High overstock,MARKDOWN / CLEAR,0.0,86586.5
SKU02064,61.43894387008263,7493.0,1708.0,598.0,Beverages,45.95,29.12,0.0,1.0,High overstock,MARKDOWN / CLEAR,0.0,216407.06
SKU02065,78.78027991446396,326.0,249.0,81.0,Beverages,70.19,51.44,0.0,1.0,High overstock,MARKDOWN / CLEAR,0.0,12716.98
SKU02066,79.47463348623288,0.0,0.0,0.0,Personal Care,289.66,202.68,1.0,0.0,High stockout,REORDER NOW,5755.16,0.0
SKU02067,115.99564644794594,155.0,193.0,46.0,Home Care,290.9,191.21,0.0,0.3333829483083201,Healthy,HEALTHY,0.0,7458.02
SKU02068,371.14883604126726,53.0,882.0,327.0,Stationery & Office,249.89,149.93,0.8740456010422585,0.0,High stockout,REORDER NOW,91656.46,0.0
SKU02069,61.56187082485127,0.0,0.0,0.0,Dairy & Bakery,106.49,69.77,1.0,0.0,High stockout,REORDER NOW,1638.93,0.0
SKU02070,66.20395803581317,4564.0,1016.0,339.0,Snacks & Confectionery,156.71,93.26,0.0,1.0,High overstock,MARKDOWN / CLEAR,0.0,419464.46
SKU02071,383.41522907187596,365.0,285.0,129.0,Stationery & Office,179.94,141.8,0.0,0.0,Healthy,HEALTHY,0.0,0.0
SKU02072,95.0794053870626,236.0,94.0,31.0,Beverages,91.41,54.25,0.0,1.0,High overstock,MARKDOWN / CLEAR,0.0,7644.94
SKU02073,67.14967466382606,4.0,82.0,34.0,Grocery,463.5,354.42,0.9227611627874112,0.0,High stockout,REORDER NOW,21685.97,0.0
SKU02074,63.38167560579994,82.0,62.0,19.0,Home Care,110.03,77.45,0.0,0.289186701324729,Healthy,HEALTHY,0.0,1441.99
SKU02075,64.97250182351172,260.0,148.0,54.0,Personal Care,587.86,442.48,0.0,1.0,High overstock,MARKDOWN / CLEAR,0.0,86295.77
SKU02076,73.43700620793173,30.0,51.0,19.0,Health & Wellness,1012.51,781.8,0.2179200900375965,0.0,Healthy,HEALTHY,7451.32,0.0
SKU02077,129.05549359072836,4.0,31.0,13.0,Home & Kitchen,448.21,336.6,0.9135394486835076,0.0,High stockout,REORDER NOW,18494.88,0.0
SKU02078,77.49211747302476,228.0,98.0,29.0,Stationery & Office,161.99,112.96,0.0,1.0,High overstock,MARKDOWN / CLEAR,0.0,17001.37
SKU02079,417.6444812962758,1.0,954.0,347.0,Dairy & Bakery,153.65,94.76,0.9977896210878201,0.0,High stockout,REORDER NOW,69205.67,0.0
SKU02080,84.2354912919651,163.0,114.0,27.0,Stationery & Office,100.16,71.61,0.0,0.9240811252936345,High overstock,MARKDOWN / CLEAR,0.0,5640.33
SKU02081,91.01390941542846,92.0,86.0,34.0,Health & Wellness,610.19,336.34,0.0,0.010716755660489295,Healthy,HEALTHY,0.0,331.66
SKU02082,91.3181785421798,73.0,97.0,34.0,Grocery,218.25,140.63,0.0,0.0,Healthy,HEALTHY,0.0,0.0
SKU02083,82.82258944414443,89.0,119.0,33.0,Stationery & Office,133.13,101.78,0.0,0.07369625057899123,Healthy,HEALTHY,0.0,628.74
SKU02084,61.20560496505107,239.0,126.0,34.0,Beverages,118.48,82.36,0.0,1.0,High overstock,MARKDOWN / CLEAR,0.0,14643.15
SKU02085,66.11469049103744,427.0,175.0,54.0,Health & Wellness,1199.89,738.12,0.0,1.0,High overstock,MARKDOWN / CLEAR,0.0,266376.66
SKU02086,198.06563339432705,0.0,0.0,0.0,Apparel & Footwear,2214.88,1712.2,1.0,0.0,High stockout,REORDER NOW,109672.9,0.0
SKU02087,289.9917405975826,159.0,170.0,67.0,Snacks & Confectionery,62.98,34.88,0.0,0.0,Healthy,HEALTHY,0.0,0.0
SKU02088,413.04250588061063,43.0,923.0,340.0,Dairy & Bakery,69.31,53.42,0.9032099685681038,0.0,High stockout,REORDER NOW,27742.06,0.0
SKU02089,67.16315688094537,163.0,93.0,30.0,Home Care,410.86,303.98,0.0,1.0,High overstock,MARKDOWN / CLEAR,0.0,29132.48
SKU02090,68.59824383620834,712.0,361.0,113.0,Home & Kitchen,588.59,345.26,0.0,1.0,High overstock,MARKDOWN / CLEAR,0.0,222140.89
SKU02091,121.73653364263092,557.0,288.0,99.0,Snacks & Confectionery,50.34,28.48,0.0,1.0,High overstock,MARKDOWN / CLEAR,0.0,12396.3
SKU02092,75.53857637361727,380.0,173.0,55.0,Health & Wellness,420.0,330.88,0.0,1.0,High overstock,MARKDOWN / CLEAR,0.0,100740.2
SKU02093,68.78327377548888,267.0,108.0,28.0,Home Care,166.2,94.2,0.0,1.0,High overstock,MARKDOWN / CLEAR,0.0,18672.02
SKU02094,63.98098107074599,4523.0,1048.0,360.0,Beverages,242.58,192.47,0.0,1.0,High overstock,MARKDOWN / CLEAR,0.0,858227.39
SKU02095,64.25327929620035,235.0,87.0,29.0,Electronics & Accessories,463.44,303.63,0.0,1.0,High overstock,MARKDOWN / CLEAR,0.0,51843.83
SKU02096,90.09005422497148,61.0,135.0,62.0,Apparel & Footwear,674.25,430.43,0.2867375213442005,0.0,Healthy,HEALTHY,15860.05,0.0
SKU02097,70.13086826959216,57.0,73.0,30.0,Frozen Foods,894.0,636.98,0.0,0.0,Healthy,HEALTHY,0.0,0.0
SKU02098,134.7138467656521,0.0,0.0,0.0,Snacks & Confectionery,114.49,77.17,1.0,0.0,High stockout,REORDER NOW,3855.85,0.0
SKU02099,80.30512998115461,388.0,238.0,86.0,Beverages,160.15,103.7,0.0,1.0,High overstock,MARKDOWN / CLEAR,0.0,31907.96
SKU02100,172.97301394888385,469.0,199.0,64.0,Home Care,358.76,254.73,0.0,1.0,High overstock,MARKDOWN / CLEAR,0.0,75406.95
SKU02101,63.751400975219084,70.0,84.0,31.0,Frozen Foods,1016.14,647.81,0.0,0.09650137187259172,Healthy,HEALTHY,0.0,4047.9
SKU02102,66.65260352596808,0.0,0.0,0.0,Frozen Foods,351.31,196.24,1.0,0.0,High stockout,REORDER NOW,5853.93,0.0
SKU02103,60.99941124877459,152.0,57.0,20.0,Snacks & Confectionery,113.18,85.58,0.0,1.0,High overstock,MARKDOWN / CLEAR,0.0,7787.83
SKU02104,61.070528588376575,126.0,85.0,22.0,Frozen Foods,263.84,179.06,0.0,1.0,High overstock,MARKDOWN / CLEAR,0.0,11626.27
SKU02105,149.63042284285402,218.0,178.0,62.0,Dairy & Bakery,149.15,107.64,0.0,0.4538895653799824,Healthy,HEALTHY,0.0,7359.3
SKU02106,96.89451055418994,44.0,81.0,27.0,Electronics & Accessories,478.22,331.79,0.15746948288359486,0.0,Healthy,HEALTHY,3454.48,0.0
SKU02107,216.44435258209646,345.0,264.0,85.0,Apparel & Footwear,810.91,570.51,0.0,0.5912117095309116,High overstock,MARKDOWN / CLEAR,0.0,73342.28
SKU02108,93.41589582623529,115.0,52.0,20.0,Health & Wellness,610.6,369.25,0.0,0.22860667671351112,Healthy,HEALTHY,0.0,7969.93
SKU02109,93.1116951250284,49.0,204.0,84.0,Grocery,420.37,329.43,0.5474608462294703,0.0,High stockout,REORDER NOW,24498.29,0.0
SKU02110,69.68443569678749,297.0,157.0,61.0,Stationery & Office,248.08,164.21,0.0,1.0,High overstock,MARKDOWN / CLEAR,0.0,37327.49
SKU02111,251.63291803975628,35.0,62.0,16.0,Grocery,175.31,136.75,0.5619975537607593,0.0,High stockout,REORDER NOW,7697.55,0.0
SKU02112,61.95848722623357,7534.0,1734.0,567.0,Stationery & Office,164.09,123.35,0.0,1.0,High overstock,MARKDOWN / CLEAR,0.0,921676.32
SKU02113,88.54134689266637,175.0,98.0,45.0,Grocery,309.55,225.98,0.0,0.9655723987597822,High overstock,MARKDOWN / CLEAR,0.0,19537.93
SKU02114,66.88675381425705,5500.0,1378.0,483.0,Frozen Foods,712.38,473.75,0.0,1.0,High overstock,MARKDOWN / CLEAR,0.0,2573937.4
SKU02115,61.592001281905624,713.0,273.0,95.0,Beverages,112.03,62.25,0.0,1.0,High overstock,MARKDOWN / CLEAR,0.0,40550.15
SKU02116,62.16296433506466,265.0,172.0,55.0,Beverages,149.86,94.23,0.0,1.0,High overstock,MARKDOWN / CLEAR,0.0,19113.33
SKU02117,61.62540871047635,81.0,100.0,46.0,Electronics & Accessories,3413.2,2444.58,0.0,0.30937269214631974,Healthy,HEALTHY,0.0,47362.74
SKU02118,66.9013297773198,1.0,33.0,10.0,Electronics & Accessories,1908.77,1207.61,0.9639319022771715,0.0,High stockout,REORDER NOW,49103.74,0.0
SKU02119,71.49680915824032,43.0,42.0,16.0,Beverages,161.61,92.89,0.0,0.0,Healthy,HEALTHY,0.0,0.0
SKU02120,62.464453921528715,151.0,258.0,72.0,Stationery & Office,80.4,54.63,0.0,1.0,High overstock,MARKDOWN / CLEAR,0.0,4836.7
SKU02121,85.71387581760773,50.0,160.0,64.0,Dairy & Bakery,217.94,128.28,0.4214869173908533,0.0,Healthy,HEALTHY,7721.28,0.0
SKU02122,73.00809052364943,132.0,136.0,59.0,Dairy & Bakery,152.62,95.62,0.0,0.7971008177477514,High overstock,MARKDOWN / CLEAR,0.0,5640.81
SKU02123,62.448327292428424,265.0,159.0,70.0,Dairy & Bakery,214.95,145.19,0.0,1.0,High overstock,MARKDOWN / CLEAR,0.0,29408.48
SKU02124,72.30213007451952,126.0,57.0,12.0,Home Care,165.82,96.02,0.0,0.7325553823728014,High overstock,MARKDOWN / CLEAR,0.0,5156.07
SKU02125,88.15405335972294,109.0,48.0,17.0,Snacks & Confectionery,112.77,65.2,0.0,0.23381939300243437,Healthy,HEALTHY,0.0,1359.16
SKU02126,77.41243963484501,69.0,52.0,22.0,Home Care,313.98,189.18,0.0,0.0,Healthy,HEALTHY,0.0,0.0
SKU02127,71.22562658471833,2.0,59.0,14.0,Snacks & Confectionery,126.63,88.38,0.9390362979533174,0.0,High stockout,REORDER NOW,3774.39,0.0
SKU02128,66.69285417643754,4607.0,1056.0,339.0,Grocery,184.2,144.28,0.0,1.0,High overstock,MARKDOWN / CLEAR,0.0,655075.51
SKU02129,64.57793478447446,8077.0,1876.0,640.0,Personal Care,227.28,138.59,0.0,1.0,High overstock,MARKDOWN / CLEAR,0.0,1110441.57
SKU02130,214.40801550642894,160.0,225.0,74.0,Electronics & Accessories,749.78,547.31,0.0,0.0,Healthy,HEALTHY,0.0,0.0
SKU02131,76.47337378484873,173.0,84.0,31.0,Apparel & Footwear,1106.07,660.7,0.0,1.0,High overstock,MARKDOWN / CLEAR,0.0,63775.14
SKU02132,154.738052923942,146.0,187.0,69.0,Personal Care,428.85,304.0,0.0,0.0,Healthy,HEALTHY,0.0,0.0
SKU02133,69.51822068429142,56.0,41.0,13.0,Dairy & Bakery,212.7,124.31,0.0,0.0,Healthy,HEALTHY,0.0,0.0
SKU02134,91.04902294712404,116.0,60.0,17.0,Apparel & Footwear,658.37,501.25,0.0,0.27106183481391877,Healthy,HEALTHY,0.0,12506.68
SKU02135,77.2323296712157,144.0,79.0,17.0,Electronics & Accessories,1205.61,886.88,0.0,0.8534536886398051,High overstock,MARKDOWN / CLEAR,0.0,59214.91
SKU02136,69.50638052422102,160.0,185.0,49.0,Apparel & Footwear,3212.47,2313.56,0.0,1.0,High overstock,MARKDOWN / CLEAR,0.0,209362.42
SKU02137,83.26161565067576,179.0,69.0,34.0,Home & Kitchen,1893.03,1048.11,0.0,1.0,High overstock,MARKDOWN / CLEAR,0.0,100344.36
SKU02138,87.03130388141427,175.0,131.0,51.0,Apparel & Footwear,799.69,607.05,0.0,0.9992888011415475,High overstock,MARKDOWN / CLEAR,0.0,53401.4
SKU02139,66.48800817632124,207.0,89.0,27.0,Stationery & Office,278.4,163.62,0.0,1.0,High overstock,MARKDOWN / CLEAR,0.0,22990.57
SKU02140,64.63540609517413,94.0,58.0,19.0,Personal Care,278.82,190.54,0.0,0.4473895364073158,Healthy,HEALTHY,0.0,5595.13
SKU02141,8395.523718932232,208.0,605.0,232.0,Personal Care,471.88,351.16,0.9108016205510927,0.0,High stockout,REORDER NOW,1001745.05,0.0
SKU02142,75.00009402393343,5450.0,1278.0,462.0,Dairy & Bakery,150.6,106.61,0.0,1.0,High overstock,MARKDOWN / CLEAR,0.0,573028.74
SKU02143,164.82491168115953,191.0,182.0,76.0,Snacks & Confectionery,88.64,66.9,0.0,0.15784774466920093,Healthy,HEALTHY,0.0,1751.11
SKU02144,74.81320229501404,83.0,36.0,13.0,Electronics & Accessories,2699.17,1962.87,0.0,0.10798643847186995,Healthy,HEALTHY,0.0,16069.62
SKU02145,67.27825363067629,381.0,287.0,85.0,Electronics & Accessories,716.15,529.25,0.0,1.0,High overstock,MARKDOWN / CLEAR,0.0,166037.23
SKU02146,128.2391257600877,13.0,67.0,29.0,Apparel & Footwear,2331.97,1456.76,0.7905245603779005,0.0,High stockout,REORDER NOW,112073.97,0.0
SKU02147,68.96505656331979,99.0,91.0,25.0,Snacks & Confectionery,136.69,88.13,0.0,0.42928491609948144,Healthy,HEALTHY,0.0,2646.98
SKU02148,86.61285825480351,301.0,169.0,63.0,Home Care,264.71,178.78,0.0,1.0,High overstock,MARKDOWN / CLEAR,0.0,38328.13
SKU02149,62.710520988854384,250.0,194.0,78.0,Snacks & Confectionery,72.6,50.57,0.0,1.0,High overstock,MARKDOWN / CLEAR,0.0,9471.23
SKU02150,70.43533123351489,23.0,26.0,8.0,Home & Kitchen,1382.56,999.48,0.13562537050638146,0.0,Healthy,HEALTHY,3606.87,0.0
SKU02151,74.66105142661229,219.0,232.0,76.0,Dairy & Bakery,229.08,157.81,0.0,1.0,High overstock,MARKDOWN / CLEAR,0.0,22778.13
SKU02152,62.812210608235574,88.0,88.0,32.0,Beverages,134.44,97.82,0.0,0.3947173926695732,Healthy,HEALTHY,0.0,2463.87
SKU02153,61.23781627094064,351.0,159.0,47.0,Frozen Foods,676.92,397.82,0.0,1.0,High overstock,MARKDOWN / CLEAR,0.0,115273.19
SKU02154,141.62388633044682,481.0,330.0,111.0,Home & Kitchen,1876.53,1217.23,0.0,1.0,High overstock,MARKDOWN / CLEAR,0.0,413098.79
SKU02155,434.7048886352811,66.0,622.0,216.0,Home & Kitchen,1113.48,866.65,0.7973447383953802,0.0,High stockout,REORDER NOW,288030.8,0.0
SKU02156,103.02172415317341,490.0,352.0,99.0,Beverages,184.79,111.66,0.0,1.0,High overstock,MARKDOWN / CLEAR,0.0,43209.99
SKU02157,62.79095916647935,78.0,47.0,21.0,Dairy & Bakery,182.04,106.66,0.0,0.23842000547175732,Healthy,HEALTHY,0.0,1622.2
SKU02158,72.31655932133131,0.0,0.0,0.0,Beverages,96.52,71.06,1.0,0.0,High stockout,REORDER NOW,1745.0,0.0
SKU02159,97.84567613905566,86.0,42.0,14.0,Dairy & Bakery,221.13,132.37,0.0,0.0,Healthy,HEALTHY,0.0,0.0
SKU02160,99.41615753758875,137.0,47.0,14.0,Frozen Foods,305.2,202.78,0.0,0.3742808267518353,Healthy,HEALTHY,0.0,7621.25
SKU02161,108.55745394480097,206.0,69.0,17.0,Dairy & Bakery,130.68,95.13,0.0,0.8894195926120566,High overstock,MARKDOWN / CLEAR,0.0,9269.71
SKU02162,187.42921200234835,46.0,56.0,22.0,Grocery,400.99,269.15,0.34151480197262385,0.0,Healthy,HEALTHY,9165.55,0.0
SKU02163,183.487117765436,282.0,96.0,38.0,Frozen Foods,791.7,613.87,0.0,0.5339824451039288,High overstock,MARKDOWN / CLEAR,0.0,60474.1
SKU02164,66.8476349278245,7760.0,1809.0,632.0,Grocery,341.73,262.97,0.0,1.0,High overstock,MARKDOWN / CLEAR,0.0,2023068.28
SKU02165,178.15617607044152,0.0,0.0,0.0,Snacks & Confectionery,151.01,102.04,1.0,0.0,High stockout,REORDER NOW,6725.84,0.0
SKU02166,81.71933602973137,160.0,174.0,44.0,Grocery,434.78,343.57,0.0,0.9463405743746859,High overstock,MARKDOWN / CLEAR,0.0,26894.89
SKU02167,277.7890002216783,202.0,98.0,31.0,Beverages,189.86,118.27,0.0,0.0,Healthy,HEALTHY,0.0,0.0
SKU02168,101.78168474133531,183.0,80.0,17.0,Home Care,482.68,293.7,0.0,0.7902022180611468,High overstock,MARKDOWN / CLEAR,0.0,23853.82
SKU02169,146.12298800832275,634.0,311.0,118.0,Home & Kitchen,1126.93,808.64,0.0,1.0,High overstock,MARKDOWN / CLEAR,0.0,394516.87
SKU02170,66.79739752972677,0.0,0.0,0.0,Apparel & Footwear,701.41,486.21,1.0,0.0,High stockout,REORDER NOW,11713.09,0.0
SKU02171,65.98211372778886,357.0,199.0,69.0,Beverages,55.54,34.03,0.0,1.0,High overstock,MARKDOWN / CLEAR,0.0,9903.34
SKU02172,68.73907390101373,0.0,59.0,23.0,Grocery,150.49,96.73,1.0,0.0,High stockout,REORDER NOW,6047.41,0.0
SKU02173,97.76866485235792,216.0,94.0,35.0,Personal Care,474.22,288.45,0.0,1.0,High overstock,MARKDOWN / CLEAR,0.0,34103.83
SKU02174,80.0977802071598,0.0,0.0,0.0,Health & Wellness,511.2,311.45,1.0,0.0,High stockout,REORDER NOW,10236.5,0.0
SKU02175,62.94653206508066,88.0,120.0,46.0,Electronics & Accessories,1631.55,1047.28,0.0,0.3917877502633221,Healthy,HEALTHY,0.0,26238.0
SKU02176,649.8021842295893,196.0,773.0,249.0,Apparel & Footwear,989.87,773.14,0.5247915128891009,0.0,High stockout,REORDER NOW,213268.03,0.0
SKU02177,89.54652555375995,163.0,70.0,25.0,Personal Care,488.47,370.61,0.0,0.8112235560339498,High overstock,MARKDOWN / CLEAR,0.0,27222.59
SKU02178,235.68136610601385,64.0,54.0,14.0,Snacks & Confectionery,188.27,127.67,0.13420313436926712,0.0,Healthy,HEALTHY,1679.43,0.0
SKU02179,128.30433109443325,487.0,298.0,98.0,Grocery,195.37,130.79,0.0,1.0,High overstock,MARKDOWN / CLEAR,0.0,46913.81
SKU02180,125.52759491947467,232.0,223.0,77.0,Beverages,98.03,54.69,0.0,0.8414955263180893,High overstock,MARKDOWN / CLEAR,0.0,5822.98
SKU02181,61.699596631708985,0.0,0.0,0.0,Grocery,165.04,109.85,1.0,0.0,High stockout,REORDER NOW,2545.73,0.0
SKU02182,65.3619150302866,80.0,56.0,21.0,Home & Kitchen,972.74,686.7,0.0,0.22057960447694733,Healthy,HEALTHY,0.0,10051.97
SKU02183,205.45089078298295,134.0,104.0,39.0,Dairy & Bakery,254.69,189.65,0.0,0.0,Healthy,HEALTHY,0.0,0.0
SKU02184,72.92138874323206,231.0,164.0,66.0,Apparel & Footwear,2231.8,1426.11,0.0,1.0,High overstock,MARKDOWN / CLEAR,0.0,225437.49
SKU02185,89.5861015270981,102.0,73.0,21.0,Frozen Foods,644.41,502.54,0.0,0.13703976949696184,Healthy,HEALTHY,0.0,6238.48
SKU02186,72.81164285320435,92.0,54.0,18.0,Frozen Foods,553.53,420.71,0.0,0.25996382691220155,Healthy,HEALTHY,0.0,8072.73
SKU02187,95.525068698754,126.0,80.0,34.0,Home Care,242.07,138.12,0.0,0.31572037929706637,Healthy,HEALTHY,0.0,4209.2
SKU02188,70.68713503982642,67.0,46.0,16.0,Apparel & Footwear,2696.63,2091.88,0.0,0.0,Healthy,HEALTHY,0.0,0.0
SKU02189,194.3525213720459,137.0,119.0,39.0,Grocery,100.87,61.1,0.0,0.0,Healthy,HEALTHY,0.0,0.0
SKU02190,66.87981140561685,156.0,84.0,26.0,Beverages,269.28,210.26,0.0,1.0,High overstock,MARKDOWN / CLEAR,0.0,18738.41
SKU02191,249.48272129433423,274.0,124.0,40.0,Home Care,360.08,254.82,0.0,0.09788011955066675,Healthy,HEALTHY,0.0,6247.49
SKU02192,98.97862969946357,405.0,202.0,88.0,Personal Care,616.15,402.33,0.0,1.0,High overstock,MARKDOWN / CLEAR,0.0,123121.58
SKU02193,61.34920945089361,125.0,57.0,22.0,Frozen Foods,274.13,180.68,0.0,1.0,High overstock,MARKDOWN / CLEAR,0.0,11500.42
SKU02194,62.28130938992478,208.0,84.0,36.0,Electronics & Accessories,1082.06,747.38,0.0,1.0,High overstock,MARKDOWN / CLEAR,0.0,108907.23
SKU02195,66.4532209231642,382.0,272.0,87.0,Health & Wellness,486.3,370.06,0.0,1.0,High overstock,MARKDOWN / CLEAR,0.0,116771.24
SKU02196,107.21031939474393,200.0,112.0,40.0,Dairy & Bakery,303.5,230.43,0.0,0.8574938242882879,High overstock,MARKDOWN / CLEAR,0.0,21381.53
SKU02197,67.53578689922124,269.0,210.0,78.0,Dairy & Bakery,133.98,87.59,0.0,1.0,High overstock,MARKDOWN / CLEAR,0.0,17646.25
SKU02198,130.0343195154877,26.0,132.0,47.0,Apparel & Footwear,734.76,560.08,0.6770530539835886,0.0,High stockout,REORDER NOW,39315.96,0.0
SKU02199,75.04573012528056,288.0,183.0,76.0,Snacks & Confectionery,106.6,71.21,0.0,1.0,High overstock,MARKDOWN / CLEAR,0.0,15164.47
SKU02200,63.311021326965474,114.0,72.0,15.0,Frozen Foods,866.94,567.31,0.0,0.7881849429093228,High overstock,MARKDOWN / CLEAR,0.0,28756.36
SKU02201,278.8114365452067,364.0,171.0,53.0,Frozen Foods,1064.05,649.94,0.0,0.30444989849809145,Healthy,HEALTHY,0.0,55367.45
SKU02202,61.067346405317174,16.0,38.0,8.0,Apparel & Footwear,2114.18,1600.4,0.34066395785911596,0.0,Healthy,HEALTHY,15363.4,0.0
SKU02203,67.15502456207712,98.0,138.0,47.0,Electronics & Accessories,886.54,625.02,0.0,0.4525708212433933,Healthy,HEALTHY,0.0,19278.73
SKU02204,103.929436609601,219.0,156.0,60.0,Home Care,616.79,405.71,0.0,1.0,High overstock,MARKDOWN / CLEAR,0.0,46685.28
SKU02205,72.42589319808904,7693.0,1642.0,512.0,Dairy & Bakery,65.71,47.02,0.0,1.0,High overstock,MARKDOWN / CLEAR,0.0,358319.39
SKU02206,72.0701513083586,91.0,109.0,34.0,Personal Care,225.75,172.76,0.0,0.2590640412356171,Healthy,HEALTHY,0.0,3270.32
SKU02207,65.34422167598976,215.0,150.0,68.0,Personal Care,318.58,190.97,0.0,1.0,High overstock,MARKDOWN / CLEAR,0.0,28579.76
SKU02208,84.93911926866642,358.0,153.0,43.0,Snacks & Confectionery,162.14,105.08,0.0,1.0,High overstock,MARKDOWN / CLEAR,0.0,28693.24
SKU02209,62.754790649557584,7739.0,1665.0,570.0,Health & Wellness,980.37,632.41,0.0,1.0,High overstock,MARKDOWN / CLEAR,0.0,4854534.23
SKU02210,66.89768602793032,255.0,125.0,44.0,Snacks & Confectionery,101.42,57.71,0.0,1.0,High overstock,MARKDOWN / CLEAR,0.0,10855.38
SKU02211,61.60330817363708,7710.0,1721.0,526.0,Health & Wellness,1230.59,779.6,0.0,1.0,High overstock,MARKDOWN / CLEAR,0.0,5962690.06
SKU02212,71.75653637819806,0.0,0.0,0.0,Apparel & Footwear,569.68,421.82,1.0,0.0,High stockout,REORDER NOW,10219.57,0.0
SKU02213,69.68565509410426,321.0,206.0,89.0,Stationery & Office,187.12,114.77,0.0,1.0,High overstock,MARKDOWN / CLEAR,0.0,28843.35
SKU02214,83.89517042881974,86.0,128.0,44.0,Beverages,196.14,147.64,0.0,0.024793278116392415,Healthy,HEALTHY,0.0,310.76
SKU02215,173.84604614374263,0.0,0.0,0.0,Apparel & Footwear,731.38,576.92,1.0,0.0,High stockout,REORDER NOW,31786.88,0.0
SKU02216,153.72530592834286,150.0,158.0,47.0,Beverages,204.24,123.77,0.0,0.0,Healthy,HEALTHY,0.0,0.0
SKU02217,61.49981434729351,7628.0,1726.0,603.0,Personal Care,457.34,298.38,0.0,1.0,High overstock,MARKDOWN / CLEAR,0.0,2257692.33
SKU02218,93.58492959201126,11.0,73.0,26.0,Snacks & Confectionery,132.03,76.95,0.7817297151674393,0.0,High stockout,REORDER NOW,5069.45,0.0
SKU02219,190.6373807875635,64.0,115.0,47.0,Beverages,164.19,118.72,0.33095925057534137,0.0,Healthy,HEALTHY,5033.96,0.0
SKU02220,83.06987850993528,279.0,328.0,96.0,Snacks & Confectionery,146.7,98.37,0.0,1.0,High overstock,MARKDOWN / CLEAR,0.0,19273.65
SKU02221,60.99606388486317,6210.0,1383.0,502.0,Grocery,125.4,87.43,0.0,1.0,High overstock,MARKDOWN / CLEAR,0.0,537607.41
SKU02222,66.48540287679049,66.0,146.0,55.0,Apparel & Footwear,2423.1,1804.42,0.09117636416320818,0.0,Healthy,HEALTHY,13621.09,0.0
SKU02223,69.43488377045475,316.0,135.0,44.0,Grocery,257.58,191.65,0.0,1.0,High overstock,MARKDOWN / CLEAR,0.0,47254.2
SKU02224,61.384139365135965,4419.0,921.0,330.0,Personal Care,160.25,108.81,0.0,1.0,High overstock,MARKDOWN / CLEAR,0.0,474152.18
SKU02225,64.55834218444853,0.0,0.0,0.0,Electronics & Accessories,1087.98,838.38,1.0,0.0,High stockout,REORDER NOW,17559.55,0.0
SKU02226,62.591545007248655,17.0,25.0,6.0,Stationery & Office,101.4,79.39,0.24937807391894018,0.0,Healthy,HEALTHY,471.3,0.0
SKU02227,92.92342326352131,247.0,261.0,102.0,Home & Kitchen,1096.48,775.96,0.0,1.0,High overstock,MARKDOWN / CLEAR,0.0,119557.26
SKU02228,65.37867975497399,310.0,235.0,74.0,Beverages,183.13,102.48,0.0,1.0,High overstock,MARKDOWN / CLEAR,0.0,25068.79
SKU02229,71.03084095174829,300.0,259.0,97.0,Stationery & Office,131.84,98.09,0.0,1.0,High overstock,MARKDOWN / CLEAR,0.0,22459.58
SKU02230,90.96762998374103,127.0,171.0,53.0,Health & Wellness,978.76,756.56,0.0,0.3917940477821287,Healthy,HEALTHY,0.0,27260.65
SKU02231,241.69195587789983,0.0,0.0,0.0,Snacks & Confectionery,50.54,34.83,1.0,0.0,High stockout,REORDER NOW,3053.78,0.0
SKU02232,84.25851166035798,0.0,0.0,0.0,Home Care,404.32,293.17,1.0,0.0,High stockout,REORDER NOW,8516.85,0.0
SKU02233,163.64375778815918,0.0,0.0,0.0,Stationery & Office,260.53,166.48,1.0,0.0,High stockout,REORDER NOW,10658.53,0.0
SKU02234,65.85229216033366,518.0,298.0,82.0,Personal Care,309.33,208.96,0.0,1.0,High overstock,MARKDOWN / CLEAR,0.0,94480.79
SKU02235,68.54301092054496,114.0,104.0,46.0,Snacks & Confectionery,179.19,134.31,0.0,0.6536528757920915,High overstock,MARKDOWN / CLEAR,0.0,6105.33
SKU02236,84.71946622525073,44.0,26.0,7.0,Home & Kitchen,1139.18,876.02,0.0,0.0,Healthy,HEALTHY,0.0,0.0
SKU02237,66.95798607438097,28.0,26.0,6.0,Stationery & Office,96.48,55.84,0.0,0.0,Healthy,HEALTHY,0.0,0.0
SKU02238,65.25058308662338,207.0,279.0,93.0,Stationery & Office,164.94,91.43,0.0,1.0,High overstock,MARKDOWN / CLEAR,0.0,12960.15
SKU02239,78.25559534142856,250.0,117.0,33.0,Stationery & Office,239.19,153.89,0.0,1.0,High overstock,MARKDOWN / CLEAR,0.0,26429.75
SKU02240,90.5698771925745,145.0,120.0,44.0,Home & Kitchen,1865.7,1208.47,0.0,0.5944107874356668,High overstock,MARKDOWN / CLEAR,0.0,65777.17
SKU02241,76.88678906765853,224.0,86.0,34.0,Home Care,189.56,140.91,0.0,1.0,High overstock,MARKDOWN / CLEAR,0.0,20729.72
SKU02242,69.77542663901926,163.0,212.0,85.0,Snacks & Confectionery,143.27,79.11,0.0,1.0,High overstock,MARKDOWN / CLEAR,0.0,7375.0
SKU02243,130.31702176659465,155.0,197.0,77.0,Health & Wellness,589.04,436.48,0.0,0.18796480381101957,Healthy,HEALTHY,0.0,10773.63
SKU02244,66.22875958891876,165.0,172.0,80.0,Snacks & Confectionery,52.43,35.87,0.0,1.0,High overstock,MARKDOWN / CLEAR,0.0,3542.92
SKU02245,62.094835143865865,286.0,326.0,85.0,Home Care,159.32,115.42,0.0,1.0,High overstock,MARKDOWN / CLEAR,0.0,25843.13
SKU02246,78.31764475574278,238.0,85.0,40.0,Health & Wellness,757.44,513.03,0.0,1.0,High overstock,MARKDOWN / CLEAR,0.0,81921.84
SKU02247,715.5704256179163,0.0,904.0,284.0,Stationery & Office,179.3,134.06,1.0,0.0,High stockout,REORDER NOW,82996.64,0.0
SKU02248,61.46074313272907,385.0,182.0,66.0,Dairy & Bakery,129.3,85.24,0.0,1.0,High overstock,MARKDOWN / CLEAR,0.0,27578.49
SKU02249,65.95635638536186,59.0,27.0,10.0,Dairy & Bakery,154.96,98.63,0.0,0.0,Healthy,HEALTHY,0.0,0.0
SKU02250,89.73069863156178,23.0,72.0,33.0,Electronics & Accessories,2070.86,1468.51,0.5924346995879253,0.0,High stockout,REORDER NOW,67163.53,0.0
SKU02251,167.253689861796,0.0,0.0,0.0,Grocery,183.16,121.09,1.0,0.0,High stockout,REORDER NOW,7658.55,0.0
SKU02252,62.998826429430984,93.0,94.0,38.0,Frozen Foods,523.38,327.56,0.0,0.4687769330215788,Healthy,HEALTHY,0.0,9827.18
SKU02253,69.66346165796836,7801.0,1763.0,585.0,Electronics & Accessories,1411.83,1098.95,0.0,1.0,High overstock,MARKDOWN / CLEAR,0.0,8496352.29
SKU02254,92.41149090471033,104.0,72.0,30.0,Frozen Foods,563.54,411.85,0.0,0.12405871036906133,Healthy,HEALTHY,0.0,4772.73
SKU02255,62.70221506822713,0.0,0.0,0.0,Personal Care,234.37,140.44,1.0,0.0,High stockout,REORDER NOW,3673.88,0.0
SKU02256,70.61338656837798,0.0,0.0,0.0,Apparel & Footwear,3052.75,2243.85,1.0,0.0,High stockout,REORDER NOW,53891.25,0.0
SKU02257,63.79081630879859,310.0,170.0,46.0,Personal Care,809.38,496.23,0.0,1.0,High overstock,MARKDOWN / CLEAR,0.0,122176.38
SKU02258,168.85915326434764,120.0,136.0,42.0,Electronics & Accessories,2619.48,1723.14,0.0,0.0,Healthy,HEALTHY,0.0,0.0
SKU02259,106.18210850780201,148.0,97.0,43.0,Home Care,246.16,148.77,0.0,0.39015738796698496,Healthy,HEALTHY,0.0,6221.25
SKU02260,120.5961072377621,0.0,0.0,0.0,Grocery,255.43,147.72,1.0,0.0,High stockout,REORDER NOW,7700.97,0.0
SKU02261,73.67930250838592,168.0,65.0,26.0,Frozen Foods,468.89,304.67,0.0,1.0,High overstock,MARKDOWN / CLEAR,0.0,28736.69
SKU02262,160.3729880079172,255.0,144.0,57.0,Grocery,196.24,135.16,0.0,0.586386936005921,High overstock,MARKDOWN / CLEAR,0.0,12789.79
SKU02263,61.48080455421745,56.0,20.0,5.0,Stationery & Office,175.26,109.63,0.0,0.0,Healthy,HEALTHY,0.0,0.0
SKU02264,72.134733134005,154.0,154.0,54.0,Health & Wellness,676.6,384.82,0.0,1.0,High overstock,MARKDOWN / CLEAR,0.0,31503.39
SKU02265,171.58720512338155,143.0,163.0,62.0,Personal Care,846.76,518.56,0.0,0.0,Healthy,HEALTHY,0.0,0.0
SKU02266,64.56901445763371,0.0,0.0,0.0,Home Care,515.66,315.28,1.0,0.0,High stockout,REORDER NOW,8323.91,0.0
SKU02267,61.56043931598051,8578.0,1829.0,647.0,Health & Wellness,595.15,415.23,0.0,1.0,High overstock,MARKDOWN / CLEAR,0.0,3536281.2
SKU02268,425.6019273903163,291.0,1127.0,410.0,Dairy & Bakery,205.47,127.5,0.43757300155409273,0.0,Healthy,HEALTHY,46313.04,0.0
SKU02269,70.56572243551433,451.0,294.0,92.0,Dairy & Bakery,132.98,90.88,0.0,1.0,High overstock,MARKDOWN / CLEAR,0.0,34573.87
SKU02270,135.03775603269528,297.0,233.0,93.0,Home Care,153.74,102.63,0.0,1.0,High overstock,MARKDOWN / CLEAR,0.0,16622.19
SKU02271,145.35473739274008,459.0,336.0,105.0,Dairy & Bakery,334.93,206.51,0.0,1.0,High overstock,MARKDOWN / CLEAR,0.0,64770.88
SKU02272,162.50034608512556,71.0,27.0,10.0,Apparel & Footwear,2530.84,1860.94,0.0,0.0,Healthy,HEALTHY,0.0,0.0
SKU02273,88.5681786077691,396.0,185.0,55.0,Beverages,212.66,152.46,0.0,1.0,High overstock,MARKDOWN / CLEAR,0.0,46871.06
SKU02274,64.16498179890559,109.0,90.0,39.0,Apparel & Footwear,2368.45,1705.45,0.0,0.688023183056385,High overstock,MARKDOWN / CLEAR,0.0,76463.88
SKU02275,72.50456328569149,121.0,45.0,14.0,Personal Care,188.12,123.86,0.0,0.6597608984604185,High overstock,MARKDOWN / CLEAR,0.0,6006.64
SKU02276,61.301336178334736,20.0,27.0,8.0,Frozen Foods,681.53,428.78,0.17781190739893538,0.0,Healthy,HEALTHY,2266.31,0.0
SKU02277,62.77437939344531,4683.0,1149.0,391.0,Beverages,122.83,85.7,0.0,1.0,High overstock,MARKDOWN / CLEAR,0.0,395953.34
SKU02278,70.05639022185814,96.0,63.0,26.0,Personal Care,531.96,420.13,0.0,0.36511297150247257,Healthy,HEALTHY,0.0,10899.69
SKU02279,62.342024245795365,7649.0,1794.0,643.0,Apparel & Footwear,1825.01,1201.75,0.0,1.0,High overstock,MARKDOWN / CLEAR,0.0,9117266.22
SKU02280,70.54024354315841,130.0,63.0,31.0,Dairy & Bakery,335.12,240.05,0.0,0.8311371825421733,High overstock,MARKDOWN / CLEAR,0.0,14273.31
SKU02281,66.32484375731968,0.0,0.0,0.0,Beverages,91.79,60.64,1.0,0.0,High stockout,REORDER NOW,1521.99,0.0
SKU02282,132.4294288673997,123.0,81.0,39.0,Frozen Foods,199.33,156.11,0.0,0.0,Healthy,HEALTHY,0.0,0.0
SKU02283,204.75887745718276,629.0,335.0,106.0,Beverages,87.82,54.11,0.0,1.0,High overstock,MARKDOWN / CLEAR,0.0,22955.69
SKU02284,84.11104964163155,427.0,201.0,62.0,Dairy & Bakery,238.86,158.75,0.0,1.0,High overstock,MARKDOWN / CLEAR,0.0,54433.62
SKU02285,112.30638724571482,0.0,0.0,0.0,Home Care,215.0,144.78,1.0,0.0,High stockout,REORDER NOW,6036.47,0.0
SKU02286,112.4666208091205,39.0,23.0,5.0,Frozen Foods,486.15,355.94,0.0,0.0,Healthy,HEALTHY,0.0,0.0
SKU02287,70.02393375908464,338.0,227.0,63.0,Health & Wellness,665.21,485.82,0.0,1.0,High overstock,MARKDOWN / CLEAR,0.0,130188.13
SKU02288,64.86067514516665,277.0,141.0,50.0,Electronics & Accessories,2814.12,2067.99,0.0,1.0,High overstock,MARKDOWN / CLEAR,0.0,438702.0
SKU02289,70.20046077027308,121.0,260.0,107.0,Home & Kitchen,806.83,591.6,0.0362414258687801,0.7134720573456772,High overstock,MARKDOWN / CLEAR,2864.34,30053.01
SKU02290,61.64175063264288,125.0,85.0,20.0,Grocery,173.84,116.03,0.0,1.0,High overstock,MARKDOWN / CLEAR,0.0,7351.46
SKU02291,73.93601522313922,0.0,0.0,0.0,Personal Care,295.06,173.76,1.0,0.0,High stockout,REORDER NOW,5453.89,0.0
SKU02292,62.32812857933165,152.0,89.0,24.0,Grocery,283.47,217.59,0.0,1.0,High overstock,MARKDOWN / CLEAR,0.0,19511.7
SKU02293,65.00020665132809,281.0,147.0,66.0,Grocery,171.48,108.24,0.0,1.0,High overstock,MARKDOWN / CLEAR,0.0,23379.82
SKU02294,79.95131690296068,0.0,0.0,0.0,Snacks & Confectionery,61.11,35.3,1.0,0.0,High stockout,REORDER NOW,1221.46,0.0
SKU02295,78.86440576817067,412.0,293.0,93.0,Health & Wellness,1019.04,593.28,0.0,1.0,High overstock,MARKDOWN / CLEAR,0.0,197642.69
SKU02296,63.30503620354722,299.0,148.0,56.0,Home & Kitchen,1019.37,686.74,0.0,1.0,High overstock,MARKDOWN / CLEAR,0.0,161861.16
SKU02297,256.4493126938752,97.0,101.0,35.0,Apparel & Footwear,1276.77,838.18,0.03108836074689958,0.0,Healthy,HEALTHY,2696.96,0.0
SKU02298,423.90821574963445,438.0,266.0,101.0,Health & Wellness,759.4,543.64,0.0,0.03316430167278467,Healthy,HEALTHY,0.0,7660.86
SKU02299,81.08009308101009,164.0,147.0,61.0,Apparel & Footwear,2732.69,1920.99,0.0,1.0,High overstock,MARKDOWN / CLEAR,0.0,159288.31
SKU02300,259.61704990961664,147.0,81.0,21.0,Snacks & Confectionery,95.66,55.18,0.0,0.0,Healthy,HEALTHY,0.0,0.0
SKU02301,94.47322885991323,155.0,120.0,42.0,Home & Kitchen,1021.41,637.55,0.0,0.6339658966483368,High overstock,MARKDOWN / CLEAR,0.0,38588.84
SKU02302,61.2390208967272,5609.0,1362.0,527.0,Home & Kitchen,1747.82,1352.92,0.0,1.0,High overstock,MARKDOWN / CLEAR,0.0,7505676.78
SKU02303,189.11528698403728,132.0,65.0,22.0,Beverages,180.7,134.02,0.0,0.0,Healthy,HEALTHY,0.0,0.0
SKU02304,95.5392522697024,398.0,173.0,71.0,Home Care,407.42,312.75,0.0,1.0,High overstock,MARKDOWN / CLEAR,0.0,94594.6
SKU02305,83.75991694745149,262.0,134.0,46.0,Apparel & Footwear,1919.2,1066.11,0.0,1.0,High overstock,MARKDOWN / CLEAR,0.0,190023.53
SKU02306,62.05335765777216,0.0,0.0,0.0,Home Care,196.62,152.97,1.0,0.0,High stockout,REORDER NOW,3050.23,0.0
SKU02307,111.73567025423841,270.0,211.0,88.0,Home & Kitchen,2067.44,1582.15,0.0,1.0,High overstock,MARKDOWN / CLEAR,0.0,250397.91
SKU02308,202.87310078971404,435.0,190.0,89.0,Stationery & Office,93.35,61.9,0.0,1.0,High overstock,MARKDOWN / CLEAR,0.0,14368.66
SKU02309,83.9191394754475,67.0,96.0,35.0,Home Care,272.44,195.72,0.0,0.0,Healthy,HEALTHY,0.0,0.0
SKU02310,74.00236931464772,1.0,72.0,36.0,Grocery,187.67,115.98,0.9819821742788216,0.0,High stockout,REORDER NOW,10040.46,0.0
SKU02311,87.89314233171748,675.0,376.0,120.0,Personal Care,650.22,464.68,0.0,1.0,High overstock,MARKDOWN / CLEAR,0.0,272816.81
SKU02312,78.47282671866719,529.0,346.0,126.0,Snacks & Confectionery,87.19,65.37,0.0,1.0,High overstock,MARKDOWN / CLEAR,0.0,29450.96
SKU02313,67.86802238088698,309.0,228.0,78.0,Home Care,176.52,118.43,0.0,1.0,High overstock,MARKDOWN / CLEAR,0.0,28557.26
SKU02314,388.941487982084,32.0,79.0,28.0,Health & Wellness,471.33,262.56,0.746505282203031,0.0,High stockout,REORDER NOW,43944.63,0.0
SKU02315,65.71000210391998,291.0,138.0,39.0,Home Care,569.66,372.61,0.0,1.0,High overstock,MARKDOWN / CLEAR,0.0,83945.31
SKU02316,127.67479615794724,96.0,67.0,18.0,Snacks & Confectionery,161.51,118.1,0.0,0.0,Healthy,HEALTHY,0.0,0.0
SKU02317,338.74453975485335,266.0,153.0,50.0,Dairy & Bakery,287.3,208.56,0.0,0.0,Healthy,HEALTHY,0.0,0.0
SKU02318,96.93870376977299,109.0,128.0,49.0,Electronics & Accessories,2419.19,1624.67,0.0,0.12315147909839416,Healthy,HEALTHY,0.0,19595.63
SKU02319,75.67277012218867,247.0,141.0,39.0,Grocery,111.7,88.96,0.0,1.0,High overstock,MARKDOWN / CLEAR,0.0,15241.27
SKU02320,170.03444826195744,165.0,65.0,22.0,Snacks & Confectionery,107.86,62.48,0.0,0.0,Healthy,HEALTHY,0.0,0.0
SKU02321,107.06102183010664,205.0,71.0,35.0,Home & Kitchen,1199.36,707.11,0.0,0.9063302984851731,High overstock,MARKDOWN / CLEAR,0.0,69253.63
SKU02322,79.12709300784184,0.0,0.0,0.0,Beverages,57.33,35.23,1.0,0.0,High stockout,REORDER NOW,1134.09,0.0
SKU02323,93.01630035279425,273.0,112.0,47.0,Personal Care,422.47,317.23,0.0,1.0,High overstock,MARKDOWN / CLEAR,0.0,57096.23
SKU02324,78.37689448159273,28.0,115.0,53.0,Snacks & Confectionery,102.02,75.57,0.6195353572255199,0.0,High stockout,REORDER NOW,4549.5,0.0
SKU02325,91.48035545210527,213.0,90.0,39.0,Beverages,166.16,123.49,0.0,1.0,High overstock,MARKDOWN / CLEAR,0.0,15006.46
SKU02326,63.012266602209976,126.0,228.0,84.0,Home Care,519.52,399.98,0.0,0.9839947363403535,High overstock,MARKDOWN / CLEAR,0.0,25193.83
SKU02327,61.69151898877913,167.0,125.0,48.0,Frozen Foods,753.71,498.0,0.0,1.0,High overstock,MARKDOWN / CLEAR,0.0,52443.62
SKU02328,81.58742038081154,27.0,87.0,33.0,Snacks & Confectionery,58.96,37.12,0.5036477760939334,0.0,High stockout,REORDER NOW,1556.36,0.0
SKU02329,65.54672827408109,204.0,231.0,74.0,Grocery,166.7,116.71,0.0,1.0,High overstock,MARKDOWN / CLEAR,0.0,16158.88
SKU02330,338.74453975485335,396.0,255.0,111.0,Beverages,221.38,144.44,0.0,0.1685250343874842,Healthy,HEALTHY,0.0,8269.98
SKU02331,62.21933589262164,0.0,0.0,0.0,Health & Wellness,631.92,430.31,1.0,0.0,High stockout,REORDER NOW,9829.41,0.0
SKU02332,64.67839863713588,158.0,117.0,48.0,Home & Kitchen,2063.24,1207.11,0.0,1.0,High overstock,MARKDOWN / CLEAR,0.0,112649.44
SKU02333,416.2758156484253,280.0,789.0,259.0,Snacks & Confectionery,53.1,34.47,0.2309149214969929,0.0,Healthy,HEALTHY,4410.96,0.0
SKU02334,89.85681509838915,295.0,161.0,52.0,Dairy & Bakery,240.73,160.85,0.0,1.0,High overstock,MARKDOWN / CLEAR,0.0,32997.28
SKU02335,314.86738801314334,0.0,0.0,0.0,Personal Care,393.56,225.06,1.0,0.0,High stockout,REORDER NOW,30979.8,0.0
SKU02336,163.88496762301858,123.0,183.0,62.0,Personal Care,337.07,269.19,0.0,0.0,Healthy,HEALTHY,0.0,0.0
SKU02337,63.859669011472526,200.0,159.0,72.0,Snacks & Confectionery,62.34,34.88,0.0,1.0,High overstock,MARKDOWN / CLEAR,0.0,4748.57
SKU02338,261.8716741470343,0.0,0.0,0.0,Grocery,313.63,244.59,1.0,0.0,High stockout,REORDER NOW,20532.7,0.0
SKU02339,83.09563232632073,71.0,41.0,20.0,Frozen Foods,395.4,225.4,0.0,0.0,Healthy,HEALTHY,0.0,0.0
SKU02340,580.6841638165004,0.0,993.0,324.0,Personal Care,234.67,179.48,1.0,0.0,High stockout,REORDER NOW,110100.37,0.0
SKU02341,79.23562478208537,290.0,107.0,51.0,Personal Care,404.64,278.01,0.0,1.0,High overstock,MARKDOWN / CLEAR,0.0,58594.6
SKU02342,246.87241408768045,137.0,129.0,42.0,Dairy & Bakery,143.15,85.76,0.0,0.0,Healthy,HEALTHY,0.0,0.0
SKU02343,86.17443682497485,242.0,197.0,81.0,Stationery & Office,209.72,127.47,0.0,1.0,High overstock,MARKDOWN / CLEAR,0.0,19863.08
SKU02344,63.109092969801,71.0,80.0,24.0,Health & Wellness,537.06,342.59,0.0,0.12308561336090132,Healthy,HEALTHY,0.0,2703.35
SKU02345,150.2710183591113,312.0,169.0,78.0,Home Care,335.5,251.12,0.0,1.0,High overstock,MARKDOWN / CLEAR,0.0,40613.38
SKU02346,77.76549979184941,203.0,91.0,36.0,Snacks & Confectionery,74.12,43.49,0.0,1.0,High overstock,MARKDOWN / CLEAR,0.0,5446.45
SKU02347,63.41585258013278,15.0,42.0,10.0,Apparel & Footwear,1011.11,617.34,0.44142322982318005,0.0,Healthy,HEALTHY,10974.55,0.0
SKU02348,89.55646280691805,3.0,22.0,10.0,Home & Kitchen,1458.3,1054.6,0.9101503607702732,0.0,High stockout,REORDER NOW,42858.15,0.0
SKU02349,68.02371194299684,477.0,324.0,123.0,Grocery,368.12,258.97,0.0,1.0,High overstock,MARKDOWN / CLEAR,0.0,105912.59
SKU02350,114.70238979138031,304.0,125.0,33.0,Stationery & Office,194.08,127.16,0.0,1.0,High overstock,MARKDOWN / CLEAR,0.0,24071.08
SKU02351,62.4596767700051,6398.0,1398.0,470.0,Electronics & Accessories,1847.9,1044.31,0.0,1.0,High overstock,MARKDOWN / CLEAR,0.0,6616268.11
SKU02352,61.14989343446551,218.0,114.0,28.0,Beverages,86.07,59.36,0.0,1.0,High overstock,MARKDOWN / CLEAR,0.0,9310.62
SKU02353,324.7389779184297,239.0,145.0,34.0,Apparel & Footwear,747.09,453.71,0.0,0.0,Healthy,HEALTHY,0.0,0.0
SKU02354,154.06830531301796,174.0,71.0,23.0,Beverages,90.78,63.82,0.0,0.1285349359222589,Healthy,HEALTHY,0.0,1272.04
SKU02355,401.87682926962185,92.0,678.0,248.0,Grocery,321.17,198.69,0.7367436155356573,0.0,High stockout,REORDER NOW,82370.22,0.0
SKU02356,77.56666097165775,345.0,162.0,64.0,Beverages,160.36,127.5,0.0,1.0,High overstock,MARKDOWN / CLEAR,0.0,34097.75
SKU02357,65.88059559234446,451.0,276.0,110.0,Home Care,170.99,119.29,0.0,1.0,High overstock,MARKDOWN / CLEAR,0.0,45940.89
SKU02358,62.14016823545624,363.0,171.0,59.0,Health & Wellness,756.18,523.9,0.0,1.0,High overstock,MARKDOWN / CLEAR,0.0,157620.47
SKU02359,75.53732948741714,266.0,100.0,21.0,Personal Care,613.59,465.83,0.0,1.0,High overstock,MARKDOWN / CLEAR,0.0,88723.23
SKU02360,88.62411900650083,284.0,142.0,54.0,Beverages,65.99,52.68,0.0,1.0,High overstock,MARKDOWN / CLEAR,0.0,10292.4
SKU02361,78.27016034483734,204.0,133.0,42.0,Snacks & Confectionery,70.93,52.83,0.0,1.0,High overstock,MARKDOWN / CLEAR,0.0,6642.31
SKU02362,165.4773454466675,462.0,249.0,85.0,Home & Kitchen,606.58,423.68,0.0,1.0,High overstock,MARKDOWN / CLEAR,0.0,125630.72
SKU02363,62.7784132127586,242.0,140.0,45.0,Stationery & Office,48.55,37.18,0.0,1.0,High overstock,MARKDOWN / CLEAR,0.0,6663.46
SKU02364,61.79499604237297,68.0,110.0,35.0,Apparel & Footwear,958.69,570.71,0.0,0.09881366906114619,Healthy,HEALTHY,0.0,3541.26
SKU02365,61.949956013710725,645.0,268.0,86.0,Beverages,138.08,102.33,0.0,1.0,High overstock,MARKDOWN / CLEAR,0.0,59663.51
SKU02366,69.52797256524329,0.0,0.0,0.0,Apparel & Footwear,1439.58,1036.46,1.0,0.0,High stockout,REORDER NOW,25022.77,0.0
SKU02367,74.23245126309344,311.0,189.0,68.0,Electronics & Accessories,2014.26,1391.48,0.0,1.0,High overstock,MARKDOWN / CLEAR,0.0,329457.31
SKU02368,860.0808222882032,1.0,1058.0,333.0,Frozen Foods,849.39,651.22,0.9981785734115959,0.0,High stockout,REORDER NOW,464633.49,0.0
SKU02369,138.67844277924164,39.0,31.0,15.0,Beverages,162.77,118.4,0.2303078814853735,0.0,Healthy,HEALTHY,1736.69,0.0
SKU02370,93.77014378708445,32.0,153.0,37.0,Stationery & Office,214.77,156.61,0.4791881632665319,0.0,Healthy,HEALTHY,6108.6,0.0
SKU02371,81.04423977044156,132.0,109.0,43.0,Home Care,499.35,388.21,0.0,0.6210766334374213,High overstock,MARKDOWN / CLEAR,0.0,19781.54
SKU02372,160.53763446000534,0.0,0.0,0.0,Grocery,401.1,290.74,1.0,0.0,High stockout,REORDER NOW,16097.91,0.0
SKU02373,67.78657468299639,79.0,87.0,26.0,Snacks & Confectionery,111.72,68.58,0.0,0.16301764361259147,Healthy,HEALTHY,0.0,769.02
SKU02374,140.90653464938558,227.0,132.0,51.0,Personal Care,317.99,189.49,0.0,0.6066913378113923,High overstock,MARKDOWN / CLEAR,0.0,16313.85
SKU02375,62.17957040653584,5481.0,1217.0,426.0,Grocery,85.06,57.7,0.0,1.0,High overstock,MARKDOWN / CLEAR,0.0,312665.94
SKU02376,61.887833461338204,6046.0,1428.0,474.0,Dairy & Bakery,132.8,80.84,0.0,1.0,High overstock,MARKDOWN / CLEAR,0.0,483755.63
SKU02377,64.06398669536891,270.0,190.0,61.0,Home Care,93.23,67.58,0.0,1.0,High overstock,MARKDOWN / CLEAR,0.0,13917.16
SKU02378,61.94392897327314,115.0,175.0,52.0,Stationery & Office,319.92,243.36,0.0,0.8429100612587308,High overstock,MARKDOWN / CLEAR,0.0,12911.73
SKU02379,74.34069243633526,261.0,196.0,75.0,Beverages,119.83,74.65,0.0,1.0,High overstock,MARKDOWN / CLEAR,0.0,13934.12
SKU02380,95.75490341606799,365.0,191.0,48.0,Frozen Foods,1018.38,792.68,0.0,1.0,High overstock,MARKDOWN / CLEAR,0.0,213425.2
SKU02381,433.8978585608177,234.0,1013.0,367.0,Home & Kitchen,987.93,727.83,0.5088928843716773,0.0,High stockout,REORDER NOW,238559.87,0.0
SKU02382,185.46759446896755,249.0,147.0,48.0,Apparel & Footwear,1233.79,983.37,0.0,0.34071553136062843,Healthy,HEALTHY,0.0,62475.86
SKU02383,86.78820937070589,173.0,68.0,26.0,Stationery & Office,328.02,196.71,0.0,0.9820429331830317,High overstock,MARKDOWN / CLEAR,0.0,16958.72
SKU02384,61.478622041574404,74.0,30.0,11.0,Snacks & Confectionery,108.71,72.33,0.0,0.20041059724546492,Healthy,HEALTHY,0.0,905.67
SKU02385,69.21950864819117,72.0,72.0,27.0,Apparel & Footwear,2269.28,1611.36,0.0,0.0395971348324218,Healthy,HEALTHY,0.0,4480.37
SKU02386,67.32108129962057,5236.0,1194.0,445.0,Stationery & Office,176.47,130.72,0.0,1.0,High overstock,MARKDOWN / CLEAR,0.0,675649.71
SKU02387,62.434603604660126,6953.0,1617.0,582.0,Dairy & Bakery,187.76,146.07,0.0,1.0,High overstock,MARKDOWN / CLEAR,0.0,1006504.89
SKU02388,64.16599001951936,114.0,85.0,34.0,Home Care,145.75,112.64,0.0,0.7647242060705856,High overstock,MARKDOWN / CLEAR,0.0,5613.3
SKU02389,119.90504659192217,241.0,201.0,65.0,Frozen Foods,830.82,505.99,0.0,1.0,High overstock,MARKDOWN / CLEAR,0.0,61272.84
SKU02390,72.32962949972841,103.0,56.0,17.0,Home Care,271.6,178.07,0.0,0.41825344965618816,Healthy,HEALTHY,0.0,5461.47
SKU02391,81.79503268060782,137.0,75.0,30.0,Dairy & Bakery,120.15,87.66,0.0,0.6667666589655473,High overstock,MARKDOWN / CLEAR,0.0,4839.27
SKU02392,124.97966652849982,125.0,69.0,31.0,Stationery & Office,132.22,77.09,0.0,0.00016140280459926614,Healthy,HEALTHY,0.0,1.57
SKU02393,84.74090434893674,152.0,102.0,31.0,Stationery & Office,273.25,215.82,0.0,0.7844458390284909,High overstock,MARKDOWN / CLEAR,0.0,14515.86
SKU02394,62.19214901703178,192.0,196.0,74.0,Personal Care,490.42,361.31,0.0,1.0,High overstock,MARKDOWN / CLEAR,0.0,46900.87
SKU02395,67.22067340577563,121.0,65.0,24.0,Apparel & Footwear,823.21,623.34,0.0,0.7883142148765621,High overstock,MARKDOWN / CLEAR,0.0,33522.81
SKU02396,76.81702856474037,157.0,128.0,37.0,Personal Care,672.42,522.38,0.0,1.0,High overstock,MARKDOWN / CLEAR,0.0,41885.98
SKU02397,136.39200331439136,355.0,155.0,51.0,Apparel & Footwear,1787.5,1062.65,0.0,1.0,High overstock,MARKDOWN / CLEAR,0.0,232303.79
SKU02398,127.7438663379236,135.0,84.0,19.0,Health & Wellness,682.66,447.51,0.0,0.056361004749000465,Healthy,HEALTHY,0.0,3247.19
SKU02399,73.61209025335974,226.0,119.0,44.0,Home Care,178.53,127.28,0.0,1.0,High overstock,MARKDOWN / CLEAR,0.0,19395.93
SKU02400,82.7195535115089,0.0,0.0,0.0,Beverages,172.14,130.07,1.0,0.0,High stockout,REORDER NOW,3559.84,0.0
SKU02401,496.99854246364123,85.0,638.0,252.0,Health & Wellness,524.47,385.22,0.7746850043705776,0.0,High stockout,REORDER NOW,152751.7,0.0
SKU02402,61.581304140333806,466.0,186.0,79.0,Dairy & Bakery,212.06,123.08,0.0,1.0,High overstock,MARKDOWN / CLEAR,0.0,49775.85
SKU02403,96.3334522010849,221.0,111.0,32.0,Snacks & Confectionery,200.51,142.65,0.0,1.0,High overstock,MARKDOWN / CLEAR,0.0,17783.68
SKU02404,250.28532157381133,219.0,177.0,52.0,Snacks & Confectionery,28.16,17.56,0.0,0.0,Healthy,HEALTHY,0.0,0.0
SKU02405,102.81264460898642,0.0,0.0,0.0,Stationery & Office,152.08,99.1,1.0,0.0,High stockout,REORDER NOW,3908.94,0.0
SKU02406,84.95939131213684,456.0,275.0,97.0,Beverages,211.48,168.88,0.0,1.0,High overstock,MARKDOWN / CLEAR,0.0,62661.34
SKU02407,265.57110426716287,137.0,200.0,83.0,Apparel & Footwear,496.3,292.45,0.08905199050812695,0.0,Healthy,HEALTHY,6150.53,0.0
SKU02408,64.34680120593697,5128.0,1031.0,328.0,Home & Kitchen,1619.55,933.01,0.0,1.0,High overstock,MARKDOWN / CLEAR,0.0,4724439.07
SKU02409,283.3389720161775,26.0,94.0,38.0,Grocery,197.05,128.53,0.763280731680297,0.0,High stockout,REORDER NOW,16322.59,0.0
SKU02410,63.23291188957754,711.0,332.0,104.0,Health & Wellness,604.52,463.08,0.0,1.0,High overstock,MARKDOWN / CLEAR,0.0,299967.98
SKU02411,93.19737699048838,0.0,0.0,0.0,Frozen Foods,522.82,308.75,1.0,0.0,High stockout,REORDER NOW,12181.36,0.0
SKU02412,250.51288771033606,158.0,92.0,34.0,Personal Care,722.57,411.86,0.0,0.0,Healthy,HEALTHY,0.0,0.0
SKU02413,73.62029476336745,475.0,249.0,71.0,Electronics & Accessories,1072.22,702.0,0.0,1.0,High overstock,MARKDOWN / CLEAR,0.0,281768.55
SKU02414,171.43963718144892,31.0,53.0,14.0,Personal Care,380.1,269.14,0.4642231490244523,0.0,Healthy,HEALTHY,9829.35,0.0
SKU02415,368.4733483513432,0.0,0.0,0.0,Home Care,441.21,259.73,1.0,0.0,High stockout,REORDER NOW,40643.53,0.0
SKU02416,146.16689799461977,187.0,140.0,52.0,Home Care,105.53,79.27,0.0,0.27746118564565403,Healthy,HEALTHY,0.0,3236.84
SKU02417,270.05029999256726,169.0,100.0,34.0,Apparel & Footwear,1108.44,844.05,0.0,0.0,Healthy,HEALTHY,0.0,0.0
SKU02418,62.249002774969384,66.0,92.0,38.0,Health & Wellness,263.02,179.02,0.0,0.059305238983389366,Healthy,HEALTHY,0.0,671.5
SKU02419,67.1238315718966,29.0,29.0,6.0,Personal Care,194.06,108.21,0.0,0.0,Healthy,HEALTHY,0.0,0.0
SKU02420,70.03356218691934,105.0,53.0,19.0,Stationery & Office,122.08,82.9,0.0,0.49225234855981426,Healthy,HEALTHY,0.0,2898.72
SKU02421,61.64183886286098,7292.0,1630.0,616.0,Apparel & Footwear,2671.52,1612.38,0.0,1.0,High overstock,MARKDOWN / CLEAR,0.0,11658084.89
SKU02422,103.2851247362292,151.0,55.0,27.0,Stationery & Office,377.53,249.75,0.0,0.45754248637528255,Healthy,HEALTHY,0.0,11916.79
SKU02423,158.42230060551134,382.0,223.0,72.0,Electronics & Accessories,3672.71,2717.56,0.0,1.0,High overstock,MARKDOWN / CLEAR,0.0,607585.81
SKU02424,73.33661607019734,326.0,187.0,51.0,Personal Care,729.68,411.25,0.0,1.0,High overstock,MARKDOWN / CLEAR,0.0,103907.82
SKU02425,61.61335026537135,169.0,177.0,65.0,Apparel & Footwear,1004.43,552.47,0.0,1.0,High overstock,MARKDOWN / CLEAR,0.0,59327.9
SKU02426,85.90762572013816,139.0,79.0,39.0,Dairy & Bakery,191.07,111.46,0.0,0.6109058191375643,High overstock,MARKDOWN / CLEAR,0.0,5917.68
SKU02427,88.63786996031949,419.0,433.0,139.0,Dairy & Bakery,118.1,66.29,0.0,1.0,High overstock,MARKDOWN / CLEAR,0.0,21899.71
SKU02428,127.78293970802699,335.0,241.0,89.0,Home Care,151.98,93.48,0.0,1.0,High overstock,MARKDOWN / CLEAR,0.0,19370.65
SKU02429,69.91393460375421,78.0,91.0,39.0,Stationery & Office,56.48,36.77,0.0,0.11402646660953582,Healthy,HEALTHY,0.0,297.32
SKU02430,122.53088951528214,0.0,0.0,0.0,Frozen Foods,690.87,514.65,1.0,0.0,High stockout,REORDER NOW,21163.23,0.0
SKU02431,301.1801780028592,121.0,45.0,21.0,Personal Care,430.58,240.08,0.0,0.0,Healthy,HEALTHY,0.0,0.0
SKU02432,87.96780079572721,89.0,90.0,37.0,Home Care,326.45,208.19,0.0,0.011601941320801517,Healthy,HEALTHY,0.0,214.89
SKU02433,116.0560756104172,191.0,306.0,114.0,Dairy & Bakery,89.32,69.88,0.0,0.6402395091307272,High overstock,MARKDOWN / CLEAR,0.0,5237.08
SKU02434,383.2905465167105,203.0,100.0,39.0,Health & Wellness,733.61,509.2,0.0,0.0,Healthy,HEALTHY,0.0,0.0
SKU02435,62.11584206627807,118.0,51.0,17.0,Personal Care,309.55,234.23,0.0,0.8854220446752159,High overstock,MARKDOWN / CLEAR,0.0,13089.75
SKU02436,67.15239335639208,152.0,101.0,36.0,Frozen Foods,410.2,275.19,0.0,1.0,High overstock,MARKDOWN / CLEAR,0.0,23349.21
SKU02437,69.95730503109883,165.0,63.0,16.0,Personal Care,282.36,162.16,0.0,1.0,High overstock,MARKDOWN / CLEAR,0.0,15412.12
SKU02438,66.82105562808422,389.0,169.0,67.0,Dairy & Bakery,181.83,108.5,0.0,1.0,High overstock,MARKDOWN / CLEAR,0.0,34956.42
SKU02439,72.95142119226944,354.0,184.0,73.0,Stationery & Office,307.32,227.27,0.0,1.0,High overstock,MARKDOWN / CLEAR,0.0,63873.91
SKU02440,65.5193971284429,391.0,149.0,67.0,Personal Care,133.47,102.24,0.0,1.0,High overstock,MARKDOWN / CLEAR,0.0,33277.14
SKU02441,66.52560745080882,112.0,45.0,15.0,Grocery,135.57,90.41,0.0,0.6734392220361505,High overstock,MARKDOWN / CLEAR,0.0,4111.34
SKU02442,268.79969404026275,307.0,282.0,99.0,Personal Care,507.66,341.71,0.0,0.1415876548549256,Healthy,HEALTHY,0.0,13053.43
SKU02443,107.58701138397927,0.0,0.0,0.0,Frozen Foods,1182.45,783.41,1.0,0.0,High stockout,REORDER NOW,31804.07,0.0
SKU02444,87.00082050377867,105.0,192.0,62.0,Beverages,75.9,42.09,0.0,0.20453422358088655,Healthy,HEALTHY,0.0,757.59
SKU02445,108.9653096074689,184.0,64.0,25.0,Dairy & Bakery,122.76,70.45,0.0,0.6823487394376846,High overstock,MARKDOWN / CLEAR,0.0,5286.19
SKU02446,63.06779630995515,229.0,108.0,33.0,Beverages,177.81,141.89,0.0,1.0,High overstock,MARKDOWN / CLEAR,0.0,23544.12
SKU02447,88.50649110053548,188.0,96.0,39.0,Frozen Foods,282.85,158.54,0.0,1.0,High overstock,MARKDOWN / CLEAR,0.0,15773.7
SKU02448,78.46545496874612,627.0,322.0,107.0,Electronics & Accessories,2166.71,1380.72,0.0,1.0,High overstock,MARKDOWN / CLEAR,0.0,757372.62
SKU02449,637.7178153454865,147.0,1025.0,308.0,Stationery & Office,137.83,99.61,0.6861854035947343,0.0,High stockout,REORDER NOW,44164.79,0.0
SKU02450,207.35739355368102,511.0,234.0,100.0,Personal Care,252.84,165.92,0.0,1.0,High overstock,MARKDOWN / CLEAR,0.0,50380.38
SKU02451,65.86933015768692,218.0,80.0,18.0,Home & Kitchen,525.16,417.85,0.0,1.0,High overstock,MARKDOWN / CLEAR,0.0,63567.8
SKU02452,94.61082258475264,259.0,182.0,60.0,Snacks & Confectionery,30.61,17.09,0.0,1.0,High overstock,MARKDOWN / CLEAR,0.0,2809.41
SKU02453,122.81013849804603,12.0,22.0,6.0,Apparel & Footwear,2151.17,1653.47,0.6817190112147407,0.0,High stockout,REORDER NOW,53139.35,0.0
SKU02454,61.64381089707227,185.0,193.0,52.0,Frozen Foods,1057.56,617.28,0.0,1.0,High overstock,MARKDOWN / CLEAR,0.0,76145.31
SKU02455,70.22543870791719,480.0,208.0,82.0,Apparel & Footwear,649.78,390.65,0.0,1.0,High overstock,MARKDOWN / CLEAR,0.0,160078.43
SKU02456,61.48073369299986,305.0,132.0,49.0,Apparel & Footwear,1018.45,694.66,0.0,1.0,High overstock,MARKDOWN / CLEAR,0.0,169163.09
SKU02457,72.92591946852048,210.0,194.0,62.0,Frozen Foods,822.17,631.31,0.0,1.0,High overstock,MARKDOWN / CLEAR,0.0,86536.24
SKU02458,62.48949878337636,113.0,89.0,36.0,Dairy & Bakery,107.76,70.42,0.0,0.7955725306473667,High overstock,MARKDOWN / CLEAR,0.0,3556.95
SKU02459,64.6153629281945,218.0,88.0,36.0,Frozen Foods,323.12,201.43,0.0,1.0,High overstock,MARKDOWN / CLEAR,0.0,30896.27
SKU02460,137.28515696306494,0.0,0.0,0.0,Apparel & Footwear,1639.93,1066.64,1.0,0.0,High stockout,REORDER NOW,56284.51,0.0
SKU02461,66.60118787839815,38.0,24.0,10.0,Stationery & Office,230.1,131.98,0.0,0.0,Healthy,HEALTHY,0.0,0.0
SKU02462,618.7260234554176,79.0,775.0,231.0,Stationery & Office,171.89,130.56,0.7956974957374483,0.0,High stockout,REORDER NOW,52715.48,0.0
SKU02463,74.99723545848266,321.0,142.0,32.0,Snacks & Confectionery,68.74,53.53,0.0,1.0,High overstock,MARKDOWN / CLEAR,0.0,13168.53
SKU02464,88.41547056450818,85.0,29.0,6.0,Health & Wellness,736.85,529.75,0.0,0.0,Healthy,HEALTHY,0.0,0.0
SKU02465,89.58512790730887,197.0,199.0,70.0,Beverages,107.75,71.24,0.0,1.0,High overstock,MARKDOWN / CLEAR,0.0,7652.24
SKU02466,72.24386469991072,127.0,56.0,14.0,Electronics & Accessories,1967.8,1384.42,0.0,0.7475866480343716,High overstock,MARKDOWN / CLEAR,0.0,75805.49
SKU02467,77.37176092119228,191.0,154.0,50.0,Stationery & Office,254.16,174.85,0.0,1.0,High overstock,MARKDOWN / CLEAR,0.0,19867.9
SKU02468,77.26330901385772,0.0,0.0,0.0,Grocery,174.85,98.42,1.0,0.0,High stockout,REORDER NOW,3377.37,0.0
SKU02469,64.4039686370398,263.0,189.0,65.0,Health & Wellness,1489.36,966.01,0.0,1.0,High overstock,MARKDOWN / CLEAR,0.0,191845.75
SKU02470,148.83657443077922,101.0,72.0,27.0,Stationery & Office,163.41,116.71,0.0,0.0,Healthy,HEALTHY,0.0,0.0
SKU02471,68.5109923139037,7405.0,1598.0,539.0,Home & Kitchen,1364.83,1039.93,0.0,1.0,High overstock,MARKDOWN / CLEAR,0.0,7629435.01
SKU02472,62.549286328549236,5930.0,1309.0,457.0,Personal Care,300.88,192.49,0.0,1.0,High overstock,MARKDOWN / CLEAR,0.0,1129425.59
SKU02473,102.01596242340732,246.0,227.0,100.0,Beverages,146.58,110.64,0.0,1.0,High overstock,MARKDOWN / CLEAR,0.0,15930.39
SKU02474,63.35564371163294,0.0,0.0,0.0,Stationery & Office,145.89,107.85,1.0,0.0,High stockout,REORDER NOW,2310.74,0.0
SKU02475,120.338002173832,234.0,195.0,87.0,Stationery & Office,203.98,159.58,0.0,0.936738662165649,High overstock,MARKDOWN / CLEAR,0.0,18138.18
SKU02476,138.47600752951277,197.0,128.0,53.0,Frozen Foods,756.24,602.99,0.0,0.41959899417183777,Healthy,HEALTHY,0.0,35289.38
SKU02477,76.71819811140968,33.0,43.0,19.0,Stationery & Office,234.35,131.34,0.15772385344704964,0.0,Healthy,HEALTHY,1213.83,0.0
SKU02478,204.04180423353236,146.0,122.0,43.0,Grocery,74.15,48.89,0.0,0.0,Healthy,HEALTHY,0.0,0.0
SKU02479,173.74821820589105,29.0,100.0,27.0,Health & Wellness,872.55,648.64,0.5940482123446937,0.0,High stockout,REORDER NOW,36155.9,0.0
SKU02480,63.78059429560922,0.0,0.0,0.0,Grocery,161.91,122.37,1.0,0.0,High stockout,REORDER NOW,2581.68,0.0
SKU02481,86.58677158892478,294.0,249.0,78.0,Stationery & Office,130.24,74.33,0.0,1.0,High overstock,MARKDOWN / CLEAR,0.0,15417.03
SKU02482,455.34564603206326,1.0,924.0,311.0,Electronics & Accessories,1297.95,910.7,0.9976516803801284,0.0,High stockout,REORDER NOW,550118.47,0.0
SKU02483,85.08947894578097,247.0,130.0,46.0,Home & Kitchen,1165.81,903.05,0.0,1.0,High overstock,MARKDOWN / CLEAR,0.0,146213.3
SKU02484,457.52163697410106,167.0,1069.0,383.0,Frozen Foods,567.26,344.19,0.6649145975591544,0.0,High stockout,REORDER NOW,187411.59,0.0
SKU02485,61.23171070887162,89.0,145.0,64.0,Grocery,227.4,144.82,0.0,0.44620803405248183,Healthy,HEALTHY,0.0,4021.4
SKU02486,206.9672142432909,15.0,172.0,79.0,Grocery,279.85,181.54,0.8861409241822412,0.0,High stockout,REORDER NOW,32390.34,0.0
SKU02487,63.698570514041435,181.0,217.0,68.0,Personal Care,363.61,235.85,0.0,1.0,High overstock,MARKDOWN / CLEAR,0.0,27665.54
SKU02488,237.54274301349773,351.0,331.0,114.0,Electronics & Accessories,3504.3,2419.46,0.0,0.4756265294563264,Healthy,HEALTHY,0.0,274505.29
SKU02489,85.82116891801819,0.0,0.0,0.0,Beverages,76.22,43.08,1.0,0.0,High stockout,REORDER NOW,1635.32,0.0
SKU02490,67.27153460269723,0.0,0.0,0.0,Home & Kitchen,1927.66,1435.72,1.0,0.0,High stockout,REORDER NOW,32419.16,0.0
SKU02491,61.402769740248914,21.0,26.0,5.0,Snacks & Confectionery,68.94,40.03,0.016425342462725867,0.0,Healthy,HEALTHY,0.0,0.0
SKU02492,68.96046238853127,162.0,166.0,46.0,Home Care,203.43,153.25,0.0,1.0,High overstock,MARKDOWN / CLEAR,0.0,14258.31
SKU02493,117.70877743650166,696.0,378.0,141.0,Snacks & Confectionery,212.9,118.0,0.0,1.0,High overstock,MARKDOWN / CLEAR,0.0,68238.36
SKU02494,69.03426882900165,440.0,234.0,91.0,Home Care,102.3,76.39,0.0,1.0,High overstock,MARKDOWN / CLEAR,0.0,28338.07
SKU02495,69.34400051723469,0.0,0.0,0.0,Home Care,335.1,214.07,1.0,0.0,High stockout,REORDER NOW,5809.29,0.0
SKU02496,71.61328564892062,196.0,124.0,48.0,Grocery,324.75,231.86,0.0,1.0,High overstock,MARKDOWN / CLEAR,0.0,28840.3
SKU02497,80.85513091998646,139.0,84.0,19.0,Frozen Foods,470.03,279.57,0.0,0.7103387219165314,High overstock,MARKDOWN / CLEAR,0.0,16255.56
SKU02498,71.59309204982088,138.0,67.0,16.0,Apparel & Footwear,2379.11,1627.91,0.0,0.9147827441294805,High overstock,MARKDOWN / CLEAR,0.0,108104.47
SKU02499,71.01509120993873,0.0,0.0,0.0,Stationery & Office,128.23,80.12,1.0,0.0,High stockout,REORDER NOW,2276.57,0.0
SKU02500,62.98442614103509,8307.0,1935.0,641.0,Dairy & Bakery,204.09,112.45,0.0,1.0,High overstock,MARKDOWN / CLEAR,0.0,927039.55
SKU02501,62.89550815391723,5819.0,1276.0,468.0,Home & Kitchen,490.38,358.61,0.0,1.0,High overstock,MARKDOWN / CLEAR,0.0,2064196.63
SKU02502,88.84602973830849,486.0,370.0,126.0,Home & Kitchen,634.68,369.89,0.0,1.0,High overstock,MARKDOWN / CLEAR,0.0,146903.28
SKU02503,368.42707094072125,0.0,672.0,236.0,Stationery & Office,280.9,220.49,1.0,0.0,High stockout,REORDER NOW,92165.19,0.0
SKU02504,67.2615858666073,215.0,137.0,40.0,Personal Care,737.52,505.89,0.0,1.0,High overstock,MARKDOWN / CLEAR,0.0,74739.39
SKU02505,64.36783939139892,0.0,0.0,0.0,Home & Kitchen,1321.6,727.43,1.0,0.0,High stockout,REORDER NOW,21267.13,0.0
SKU02506,62.524478399122216,24.0,91.0,40.0,Frozen Foods,461.18,362.59,0.5762047409690803,0.0,High stockout,REORDER NOW,14587.64,0.0
SKU02507,69.121853904626,64.0,40.0,15.0,Grocery,156.76,91.42,0.0,0.0,Healthy,HEALTHY,0.0,0.0
SKU02508,73.15927637727314,620.0,348.0,109.0,Dairy & Bakery,145.13,110.08,0.0,1.0,High overstock,MARKDOWN / CLEAR,0.0,60196.23
SKU02509,92.8344791041246,187.0,154.0,46.0,Electronics & Accessories,1348.23,852.51,0.0,1.0,High overstock,MARKDOWN / CLEAR,0.0,80277.05
SKU02510,152.84289633060382,349.0,148.0,56.0,Beverages,144.6,100.07,0.0,1.0,High overstock,MARKDOWN / CLEAR,0.0,19629.44
SKU02511,83.4134071493884,361.0,164.0,61.0,Home Care,171.29,130.0,0.0,1.0,High overstock,MARKDOWN / CLEAR,0.0,36086.26
SKU02512,71.78914777211591,368.0,228.0,88.0,Apparel & Footwear,1609.19,905.23,0.0,1.0,High overstock,MARKDOWN / CLEAR,0.0,268138.95
SKU02513,93.78874504746213,439.0,291.0,88.0,Beverages,101.57,73.13,0.0,1.0,High overstock,MARKDOWN / CLEAR,0.0,25245.3
SKU02514,61.06718122446515,6863.0,1500.0,450.0,Home Care,452.69,265.79,0.0,1.0,High overstock,MARKDOWN / CLEAR,0.0,1807885.72
SKU02515,142.80217979706663,162.0,106.0,36.0,Snacks & Confectionery,123.38,89.96,0.0,0.1335015938564026,Healthy,HEALTHY,0.0,1727.04
SKU02516,180.61940299333867,271.0,207.0,71.0,Frozen Foods,474.12,279.81,0.0,0.49763734225013534,Healthy,HEALTHY,0.0,25289.39
SKU02517,64.34497701068449,265.0,94.0,45.0,Snacks & Confectionery,84.6,46.99,0.0,1.0,High overstock,MARKDOWN / CLEAR,0.0,9428.78
SKU02518,79.27442890223887,11.0,26.0,7.0,Stationery & Office,131.22,77.27,0.6045812103097237,0.0,High stockout,REORDER NOW,2075.72,0.0
SKU02519,66.80411927920143,6960.0,1557.0,551.0,Grocery,421.03,297.43,0.0,1.0,High overstock,MARKDOWN / CLEAR,0.0,2050243.25
SKU02520,66.28871060013854,6157.0,1522.0,493.0,Stationery & Office,158.02,125.85,0.0,1.0,High overstock,MARKDOWN / CLEAR,0.0,766516.02
SKU02521,143.7853551961994,84.0,34.0,8.0,Apparel & Footwear,1790.1,1418.71,0.0,0.0,Healthy,HEALTHY,0.0,0.0
SKU02522,72.38253053235502,352.0,155.0,46.0,Home & Kitchen,1963.68,1446.1,0.0,1.0,High overstock,MARKDOWN / CLEAR,0.0,404354.82
SKU02523,61.06734640531717,464.0,306.0,86.0,Home & Kitchen,1456.58,1101.39,0.0,1.0,High overstock,MARKDOWN / CLEAR,0.0,443786.0
SKU02524,68.55456915760257,116.0,58.0,25.0,Snacks & Confectionery,108.12,83.09,0.0,0.6821324812593058,High overstock,MARKDOWN / CLEAR,0.0,3942.24
SKU02525,63.84190442623111,41.0,47.0,22.0,Stationery & Office,254.9,173.86,0.0,0.0,Healthy,HEALTHY,0.0,0.0
SKU02526,633.6153236938801,130.0,697.0,263.0,Health & Wellness,698.11,423.86,0.6922376397112908,0.0,High stockout,REORDER NOW,203431.93,0.0
SKU02527,65.49160045959987,136.0,140.0,49.0,Stationery & Office,244.41,174.82,0.0,1.0,High overstock,MARKDOWN / CLEAR,0.0,12326.28
SKU02528,83.00094629343685,67.0,132.0,39.0,Home & Kitchen,1972.76,1154.85,0.0,0.0,Healthy,HEALTHY,0.0,0.0
SKU02529,143.96113117464128,248.0,198.0,65.0,Frozen Foods,577.42,437.74,0.0,0.7177018279473713,High overstock,MARKDOWN / CLEAR,0.0,45541.97
SKU02530,105.10203012438639,206.0,177.0,71.0,Personal Care,506.86,330.99,0.0,0.9509523027724172,High overstock,MARKDOWN / CLEAR,0.0,33396.22
SKU02531,749.1856610948595,77.0,1267.0,490.0,Beverages,143.49,88.48,0.8864803082160946,0.0,High stockout,REORDER NOW,86136.53,0.0
SKU02532,361.8472355298861,144.0,858.0,314.0,Beverages,115.67,88.01,0.6448494115959013,0.0,High stockout,REORDER NOW,30127.62,0.0
SKU02533,61.489156795526505,5868.0,1304.0,427.0,Personal Care,508.42,293.76,0.0,1.0,High overstock,MARKDOWN / CLEAR,0.0,1705720.63
SKU02534,61.16042818841761,61.0,28.0,12.0,Apparel & Footwear,835.09,662.82,0.0,0.0,Healthy,HEALTHY,0.0,0.0
SKU02535,60.99606388486317,249.0,187.0,71.0,Frozen Foods,985.87,776.47,0.0,1.0,High overstock,MARKDOWN / CLEAR,0.0,145979.42
SKU02536,283.51227217610835,88.0,79.0,18.0,Home Care,406.19,285.23,0.020895732239227804,0.0,Healthy,HEALTHY,356.66,0.0
SKU02537,289.5733935207397,142.0,176.0,80.0,Snacks & Confectionery,161.43,117.53,0.07427537439202747,0.0,Healthy,HEALTHY,1677.8,0.0
SKU02538,823.4866839741694,201.0,1179.0,366.0,Frozen Foods,216.58,121.13,0.6491360802474282,0.0,High stockout,REORDER NOW,80323.39,0.0
SKU02539,61.1854521042665,263.0,140.0,54.0,Health & Wellness,191.76,126.42,0.0,1.0,High overstock,MARKDOWN / CLEAR,0.0,25513.4
SKU02540,86.27801976590636,20.0,41.0,14.0,Stationery & Office,309.18,238.43,0.45309623326849324,0.0,Healthy,HEALTHY,4813.78,0.0
SKU02541,63.171107436568846,6617.0,1492.0,582.0,Electronics & Accessories,2807.09,1551.99,0.0,1.0,High overstock,MARKDOWN / CLEAR,0.0,10171476.9
SKU02542,67.9302861841279,214.0,220.0,66.0,Health & Wellness,327.24,203.76,0.0,1.0,High overstock,MARKDOWN / CLEAR,0.0,29763.16
SKU02543,297.0259327556936,0.0,1053.0,391.0,Home & Kitchen,1956.24,1248.98,1.0,0.0,High stockout,REORDER NOW,910153.34,0.0
SKU02544,218.5477300558933,339.0,246.0,86.0,Home Care,231.91,166.69,0.0,0.5486381932231387,High overstock,MARKDOWN / CLEAR,0.0,20078.19
SKU02545,93.6207579337326,0.0,0.0,0.0,Stationery & Office,119.33,86.66,1.0,0.0,High stockout,REORDER NOW,2792.94,0.0
SKU02546,62.21936890701798,81.0,94.0,42.0,Personal Care,521.52,295.34,0.0,0.29707084106777887,Healthy,HEALTHY,0.0,5546.67
SKU02547,95.82881608346256,0.0,0.0,0.0,Beverages,142.4,86.06,1.0,0.0,High stockout,REORDER NOW,3411.51,0.0
SKU02548,84.70584667990813,0.0,0.0,0.0,Home Care,266.26,201.39,1.0,0.0,High stockout,REORDER NOW,5638.44,0.0
SKU02549,97.72951605278872,262.0,145.0,50.0,Beverages,201.08,120.24,0.0,1.0,High overstock,MARKDOWN / CLEAR,0.0,19751.88
SKU02550,71.63463495937843,86.0,75.0,23.0,Beverages,200.42,124.59,0.0,0.19777568991233352,Healthy,HEALTHY,0.0,1789.78
SKU02551,65.60379982911738,129.0,119.0,51.0,Home & Kitchen,2699.08,1593.97,0.0,0.9518405906800459,High overstock,MARKDOWN / CLEAR,0.0,101051.64
SKU02552,76.68901400993757,301.0,183.0,62.0,Apparel & Footwear,1622.92,1198.65,0.0,1.0,High overstock,MARKDOWN / CLEAR,0.0,268870.36
SKU02553,72.42051346800804,14.0,25.0,8.0,Snacks & Confectionery,97.96,54.54,0.4834925771078913,0.0,Healthy,HEALTHY,1185.82,0.0
SKU02554,80.08344073949121,267.0,188.0,66.0,Home & Kitchen,658.49,411.87,0.0,1.0,High overstock,MARKDOWN / CLEAR,0.0,76985.32
SKU02555,73.11179376181522,236.0,123.0,51.0,Grocery,473.51,323.44,0.0,1.0,High overstock,MARKDOWN / CLEAR,0.0,52684.56
SKU02556,96.74232970264067,315.0,190.0,51.0,Dairy & Bakery,245.0,135.12,0.0,1.0,High overstock,MARKDOWN / CLEAR,0.0,29490.98
SKU02557,101.22974590964347,149.0,107.0,33.0,Electronics & Accessories,2280.46,1798.13,0.0,0.46728331040339893,Healthy,HEALTHY,0.0,85897.13
SKU02558,61.55270253470418,5251.0,1220.0,422.0,Dairy & Bakery,87.7,67.29,0.0,1.0,High overstock,MARKDOWN / CLEAR,0.0,349197.91
SKU02559,61.41857611630695,27.0,77.0,27.0,Electronics & Accessories,2266.71,1613.51,0.37722934636732663,0.0,Healthy,HEALTHY,34804.53,0.0
SKU02560,87.28891885387218,100.0,75.0,29.0,Home & Kitchen,1681.44,1109.39,0.0,0.14397142145512118,Healthy,HEALTHY,0.0,14101.55
SKU02561,74.81325811165149,231.0,114.0,29.0,Grocery,513.57,302.4,0.0,1.0,High overstock,MARKDOWN / CLEAR,0.0,47230.87
SKU02562,65.97819156594218,109.0,129.0,45.0,Grocery,471.28,324.43,0.0,0.6423256201490819,High overstock,MARKDOWN / CLEAR,0.0,13957.57
SKU02563,67.41559966825626,6.0,112.0,42.0,Stationery & Office,180.04,109.79,0.8997559054913074,0.0,High stockout,REORDER NOW,9515.82,0.0
SKU02564,120.93579717205452,400.0,167.0,61.0,Frozen Foods,288.49,204.68,0.0,1.0,High overstock,MARKDOWN / CLEAR,0.0,57118.86
SKU02565,91.91638991351627,183.0,63.0,31.0,Frozen Foods,258.39,151.52,0.0,0.9802749565632238,High overstock,MARKDOWN / CLEAR,0.0,13800.99
SKU02566,61.2390208967272,72.0,65.0,29.0,Home Care,264.07,192.58,0.0,0.1728976283404012,Healthy,HEALTHY,0.0,2072.35
SKU02567,65.26989182757725,5426.0,1290.0,458.0,Home Care,372.0,234.63,0.0,1.0,High overstock,MARKDOWN / CLEAR,0.0,1257788.11
SKU02568,62.642030890219004,38.0,30.0,11.0,Electronics & Accessories,1014.43,685.24,0.0,0.0,Healthy,HEALTHY,0.0,0.0
SKU02569,73.96604136327355,0.0,0.0,0.0,Frozen Foods,826.91,488.25,1.0,0.0,High stockout,REORDER NOW,15290.81,0.0
SKU02570,61.06734640531717,3898.0,980.0,310.0,Beverages,179.97,110.51,0.0,1.0,High overstock,MARKDOWN / CLEAR,0.0,424019.43
SKU02571,138.78372882837175,0.0,0.0,0.0,Health & Wellness,1189.94,788.4,1.0,0.0,High stockout,REORDER NOW,41286.08,0.0
SKU02572,73.7336740312719,334.0,125.0,41.0,Electronics & Accessories,572.11,380.19,0.0,1.0,High overstock,MARKDOWN / CLEAR,0.0,98950.65
SKU02573,66.8234753213515,270.0,209.0,63.0,Beverages,125.88,100.7,0.0,1.0,High overstock,MARKDOWN / CLEAR,0.0,20459.88
SKU02574,62.23855963927882,82.0,61.0,22.0,Personal Care,378.96,240.21,0.0,0.3124903614731751,Healthy,HEALTHY,0.0,4746.9
SKU02575,70.48844777948975,315.0,179.0,45.0,Apparel & Footwear,1652.6,943.79,0.0,1.0,High overstock,MARKDOWN / CLEAR,0.0,230767.56
SKU02576,62.34905826060066,4146.0,936.0,318.0,Health & Wellness,633.16,431.22,0.0,1.0,High overstock,MARKDOWN / CLEAR,0.0,1760951.96
SKU02577,83.09191683278506,191.0,154.0,65.0,Beverages,120.46,75.94,0.0,1.0,High overstock,MARKDOWN / CLEAR,0.0,8194.54
SKU02578,61.23505807278304,466.0,215.0,68.0,Grocery,237.93,183.07,0.0,1.0,High overstock,MARKDOWN / CLEAR,0.0,74100.32
SKU02579,65.24686248400648,17.0,63.0,14.0,Frozen Foods,573.5,345.58,0.45707222798748093,0.0,Healthy,HEALTHY,7634.27,0.0
SKU02580,62.669466200844575,5372.0,1312.0,470.0,Home Care,389.15,297.28,0.0,1.0,High overstock,MARKDOWN / CLEAR,0.0,1578357.78
SKU02581,74.44100087705203,73.0,41.0,17.0,Stationery & Office,200.53,143.56,0.0,0.0,Healthy,HEALTHY,0.0,0.0
SKU02582,85.45077185003511,155.0,134.0,56.0,Frozen Foods,324.56,193.76,0.0,0.8044951671525955,High overstock,MARKDOWN / CLEAR,0.0,13475.86
SKU02583,422.97006269141326,0.0,0.0,0.0,Stationery & Office,274.06,178.5,1.0,0.0,High stockout,REORDER NOW,28979.79,0.0
SKU02584,61.59742949465225,7023.0,1443.0,477.0,Snacks & Confectionery,159.3,107.23,0.0,1.0,High overstock,MARKDOWN / CLEAR,0.0,746471.2
SKU02585,141.50207855391864,186.0,107.0,36.0,Home Care,322.59,219.51,0.0,0.3122615606567777,Healthy,HEALTHY,0.0,9767.74
SKU02586,67.92455209011018,211.0,129.0,45.0,Beverages,49.1,31.88,0.0,1.0,High overstock,MARKDOWN / CLEAR,0.0,4561.25
SKU02587,71.28297325105623,158.0,92.0,20.0,Frozen Foods,499.23,347.54,0.0,1.0,High overstock,MARKDOWN / CLEAR,0.0,30137.64
SKU02588,63.79002603381212,0.0,0.0,0.0,Snacks & Confectionery,93.82,68.41,1.0,0.0,High stockout,REORDER NOW,1496.2,0.0
SKU02589,68.36700638921477,0.0,0.0,0.0,Home Care,247.05,167.14,1.0,0.0,High stockout,REORDER NOW,4222.52,0.0
SKU02590,61.182062270212036,6176.0,1384.0,507.0,Personal Care,198.15,138.83,0.0,1.0,High overstock,MARKDOWN / CLEAR,0.0,848920.17
SKU02591,64.60441339387422,46.0,74.0,25.0,Snacks & Confectionery,124.36,95.12,0.0,0.0,Healthy,HEALTHY,0.0,0.0
SKU02592,93.96713989667225,30.0,38.0,9.0,Beverages,107.17,72.28,0.10425795390903314,0.0,Healthy,HEALTHY,267.04,0.0
SKU02593,80.33823544895299,237.0,195.0,75.0,Frozen Foods,642.49,420.24,0.0,1.0,High overstock,MARKDOWN / CLEAR,0.0,65835.54
SKU02594,148.19488025859852,80.0,67.0,27.0,Stationery & Office,71.91,44.0,0.0,0.0,Healthy,HEALTHY,0.0,0.0
SKU02595,71.48540967096342,84.0,61.0,17.0,Snacks & Confectionery,138.85,80.93,0.0,0.1726497840854411,Healthy,HEALTHY,0.0,1012.81
SKU02596,124.00792817161027,68.0,99.0,40.0,Personal Care,264.7,164.93,0.055581553859419874,0.0,Healthy,HEALTHY,794.62,0.0
SKU02597,72.41606980014546,175.0,99.0,35.0,Snacks & Confectionery,123.09,80.2,0.0,1.0,High overstock,MARKDOWN / CLEAR,0.0,8227.23
SKU02598,66.77378550180036,43.0,174.0,66.0,Apparel & Footwear,1336.35,990.32,0.4862202255705741,0.0,Healthy,HEALTHY,53044.34,0.0
SKU02599,66.40793396939623,20.0,33.0,13.0,Personal Care,600.09,362.67,0.3464475920327095,0.0,Healthy,HEALTHY,5762.05,0.0
SKU02600,67.14654135840966,212.0,233.0,93.0,Stationery & Office,69.72,50.58,0.0,1.0,High overstock,MARKDOWN / CLEAR,0.0,7326.69
SKU02601,77.9472761544685,226.0,76.0,22.0,Snacks & Confectionery,34.52,19.67,0.0,1.0,High overstock,MARKDOWN / CLEAR,0.0,2912.2
SKU02602,84.22587994240675,0.0,32.0,11.0,Grocery,220.61,130.07,1.0,0.0,High stockout,REORDER NOW,7071.98,0.0
SKU02603,73.8511909837977,522.0,280.0,77.0,Frozen Foods,318.68,201.27,0.0,1.0,High overstock,MARKDOWN / CLEAR,0.0,90198.91
SKU02604,61.72761045810584,49.0,36.0,11.0,Health & Wellness,646.52,431.52,0.0,0.0,Healthy,HEALTHY,0.0,0.0
SKU02605,94.72775522509669,351.0,145.0,35.0,Stationery & Office,67.28,40.05,0.0,1.0,High overstock,MARKDOWN / CLEAR,0.0,10263.7
SKU02606,67.19927261905809,300.0,195.0,85.0,Home & Kitchen,1572.99,909.2,0.0,1.0,High overstock,MARKDOWN / CLEAR,0.0,211662.42
SKU02607,104.56759678231417,0.0,0.0,0.0,Home & Kitchen,1090.91,754.32,1.0,0.0,High stockout,REORDER NOW,28518.46,0.0
SKU02608,91.9229112126841,289.0,137.0,57.0,Health & Wellness,1070.78,699.22,0.0,1.0,High overstock,MARKDOWN / CLEAR,0.0,137800.24
SKU02609,177.16646291921188,206.0,129.0,41.0,Personal Care,391.85,256.26,0.0,0.16183481789085327,Healthy,HEALTHY,0.0,7388.88
SKU02610,76.78253260310973,50.0,43.0,21.0,Home Care,467.88,293.35,0.0,0.0,Healthy,HEALTHY,0.0,0.0
SKU02611,330.41663071376286,45.0,58.0,18.0,Beverages,191.87,123.34,0.5571047383472527,0.0,High stockout,REORDER NOW,10668.77,0.0
SKU02612,115.19672907492763,123.0,122.0,38.0,Home Care,450.0,268.21,0.0,0.06715568490779592,Healthy,HEALTHY,0.0,2092.92
SKU02613,64.8102564224879,192.0,108.0,29.0,Personal Care,273.94,169.2,0.0,1.0,High overstock,MARKDOWN / CLEAR,0.0,21520.5
SKU02614,464.07250996111355,193.0,670.0,223.0,Grocery,118.14,80.99,0.432383204317487,0.0,Healthy,HEALTHY,17250.58,0.0
SKU02615,81.36931383167774,410.0,222.0,80.0,Snacks & Confectionery,118.71,80.79,0.0,1.0,High overstock,MARKDOWN / CLEAR,0.0,26550.07
SKU02616,91.63425716095003,154.0,113.0,38.0,Frozen Foods,564.32,438.18,0.0,0.6732470767341593,High overstock,MARKDOWN / CLEAR,0.0,27327.42
SKU02617,97.29167474440722,141.0,57.0,19.0,Personal Care,764.09,579.28,0.0,0.4446798304052682,Healthy,HEALTHY,0.0,25319.36
SKU02618,200.20052682203797,300.0,146.0,53.0,Stationery & Office,245.99,135.73,0.0,0.49601993968054936,Healthy,HEALTHY,0.0,13545.78
SKU02619,76.13281667574078,293.0,228.0,88.0,Home Care,381.92,231.99,0.0,1.0,High overstock,MARKDOWN / CLEAR,0.0,50311.02
SKU02620,63.43087330046189,197.0,109.0,30.0,Stationery & Office,248.89,192.12,0.0,1.0,High overstock,MARKDOWN / CLEAR,0.0,25661.3
SKU02621,69.11327406802539,181.0,85.0,25.0,Health & Wellness,898.35,564.78,0.0,1.0,High overstock,MARKDOWN / CLEAR,0.0,63191.39
SKU02622,166.38294337077662,39.0,90.0,42.0,Grocery,346.96,232.26,0.5389838552557715,0.0,High stockout,REORDER NOW,15472.94,0.0
SKU02623,87.99846928275883,146.0,134.0,41.0,Snacks & Confectionery,63.44,45.6,0.0,0.6517138011999211,High overstock,MARKDOWN / CLEAR,0.0,2644.87
SKU02624,202.37213966546662,125.0,73.0,16.0,Electronics & Accessories,3182.64,2182.78,0.0,0.0,Healthy,HEALTHY,0.0,0.0
SKU02625,76.15246692466859,268.0,211.0,86.0,Frozen Foods,621.46,342.56,0.0,1.0,High overstock,MARKDOWN / CLEAR,0.0,65719.29
SKU02626,64.9731725733126,80.0,122.0,40.0,Dairy & Bakery,197.77,118.99,0.0,0.22777178723652958,Healthy,HEALTHY,0.0,1788.04
SKU02627,81.85979980105265,0.0,0.0,0.0,Frozen Foods,190.96,109.82,1.0,0.0,High stockout,REORDER NOW,3907.99,0.0
SKU02628,65.73835422147224,0.0,0.0,0.0,Home & Kitchen,640.18,378.93,1.0,0.0,High stockout,REORDER NOW,10521.09,0.0
SKU02629,89.22977632334627,265.0,182.0,67.0,Personal Care,521.63,306.11,0.0,1.0,High overstock,MARKDOWN / CLEAR,0.0,53805.02
SKU02630,62.19314330510406,110.0,65.0,17.0,Grocery,257.78,181.91,0.0,0.7565196822712034,High overstock,MARKDOWN / CLEAR,0.0,8696.55
SKU02631,66.90414466321839,199.0,172.0,72.0,Dairy & Bakery,126.79,82.62,0.0,1.0,High overstock,MARKDOWN / CLEAR,0.0,10913.76
SKU02632,71.06062291581412,404.0,162.0,49.0,Stationery & Office,178.45,101.12,0.0,1.0,High overstock,MARKDOWN / CLEAR,0.0,33666.83
SKU02633,64.27346636134271,169.0,95.0,32.0,Apparel & Footwear,2668.63,1522.65,0.0,1.0,High overstock,MARKDOWN / CLEAR,0.0,159461.86
SKU02634,68.72893971367316,121.0,172.0,68.0,Home & Kitchen,2393.41,1885.02,0.0,0.7496322258873672,High overstock,MARKDOWN / CLEAR,0.0,98531.99
SKU02635,72.7474567525235,386.0,236.0,94.0,Home & Kitchen,546.93,321.97,0.0,1.0,High overstock,MARKDOWN / CLEAR,0.0,100857.92
SKU02636,67.88491710740739,151.0,133.0,54.0,Beverages,226.11,138.71,0.0,1.0,High overstock,MARKDOWN / CLEAR,0.0,11528.89
SKU02637,76.47343132665534,509.0,243.0,102.0,Dairy & Bakery,102.28,70.94,0.0,1.0,High overstock,MARKDOWN / CLEAR,0.0,30683.43
SKU02638,96.84686073184032,385.0,262.0,103.0,Grocery,489.91,292.37,0.0,1.0,High overstock,MARKDOWN / CLEAR,0.0,84247.33
SKU02639,65.391766669475,5544.0,1167.0,408.0,Grocery,166.16,99.59,0.0,1.0,High overstock,MARKDOWN / CLEAR,0.0,545614.59
SKU02640,568.3163411044361,0.0,818.0,310.0,Home & Kitchen,1563.22,888.14,1.0,0.0,High stockout,REORDER NOW,706699.07,0.0
SKU02641,72.07742017587721,728.0,344.0,133.0,Stationery & Office,63.06,50.15,0.0,1.0,High overstock,MARKDOWN / CLEAR,0.0,32894.52
SKU02642,265.35385732958594,188.0,135.0,46.0,Beverages,191.59,134.4,0.0,0.0,Healthy,HEALTHY,0.0,0.0
SKU02643,69.83962481890633,0.0,0.0,0.0,Electronics & Accessories,4162.05,2840.33,1.0,0.0,High stockout,REORDER NOW,72669.0,0.0
SKU02644,111.74625840597074,105.0,40.0,19.0,Frozen Foods,721.55,557.16,0.0,0.0,Healthy,HEALTHY,0.0,0.0
SKU02645,156.79987854359317,187.0,180.0,47.0,Grocery,272.08,190.08,0.0,0.1913824125540367,Healthy,HEALTHY,0.0,5740.44
SKU02646,86.51606287773133,0.0,0.0,0.0,Home & Kitchen,561.89,346.0,1.0,0.0,High stockout,REORDER NOW,12153.13,0.0
SKU02647,69.94160648814456,673.0,451.0,178.0,Home & Kitchen,643.88,430.15,0.0,1.0,High overstock,MARKDOWN / CLEAR,0.0,259405.57
SKU02648,708.8755885285132,115.0,1259.0,424.0,Frozen Foods,883.45,591.38,0.80903953604304,0.0,High stockout,REORDER NOW,429550.08,0.0
SKU02649,100.87807339643027,28.0,97.0,23.0,Electronics & Accessories,1521.83,988.46,0.43111999184145433,0.0,Healthy,HEALTHY,30770.67,0.0
SKU02650,98.93006321163784,231.0,132.0,32.0,Personal Care,476.32,351.72,0.0,1.0,High overstock,MARKDOWN / CLEAR,0.0,46451.64
SKU02651,65.23739143459693,396.0,403.0,122.0,Apparel & Footwear,851.41,491.62,0.0,1.0,High overstock,MARKDOWN / CLEAR,0.0,162609.51
SKU02652,63.35129669278281,147.0,62.0,26.0,Home Care,91.11,53.74,0.0,1.0,High overstock,MARKDOWN / CLEAR,0.0,4495.28
SKU02653,89.76267504428583,0.0,0.0,0.0,Stationery & Office,382.55,246.0,1.0,0.0,High stockout,REORDER NOW,8584.68,0.0
SKU02654,174.67153447708566,0.0,0.0,0.0,Grocery,215.5,122.36,1.0,0.0,High stockout,REORDER NOW,9410.43,0.0
SKU02655,223.9114074764998,128.0,74.0,23.0,Snacks & Confectionery,66.91,53.32,0.0,0.0,Healthy,HEALTHY,0.0,0.0
SKU02656,72.26025969392619,99.0,51.0,15.0,Stationery & Office,188.76,127.21,0.0,0.36499652632668367,Healthy,HEALTHY,0.0,3401.56
SKU02657,424.1530066537869,230.0,927.0,330.0,Dairy & Bakery,128.75,72.43,0.47373027618388464,0.0,Healthy,HEALTHY,26527.42,0.0
SKU02658,66.59559643647768,159.0,80.0,16.0,Dairy & Bakery,111.06,77.96,0.0,1.0,High overstock,MARKDOWN / CLEAR,0.0,7203.85
SKU02659,139.95604725572002,251.0,142.0,57.0,Apparel & Footwear,601.35,448.17,0.0,0.7877913357120887,High overstock,MARKDOWN / CLEAR,0.0,49766.57
SKU02660,825.9745704971547,21.0,973.0,374.0,Snacks & Confectionery,81.91,53.4,0.9638861056068873,0.0,High stockout,REORDER NOW,45828.12,0.0
SKU02661,64.78240807015858,125.0,107.0,36.0,Frozen Foods,674.41,451.94,0.0,0.9154057094659389,High overstock,MARKDOWN / CLEAR,0.0,27214.74
SKU02662,69.20539683799386,6858.0,1644.0,544.0,Dairy & Bakery,128.91,93.48,0.0,1.0,High overstock,MARKDOWN / CLEAR,0.0,634616.52
SKU02663,61.089145667963614,93.0,174.0,64.0,Snacks & Confectionery,92.66,56.38,0.0,0.5139522212575967,High overstock,MARKDOWN / CLEAR,0.0,1799.13
SKU02664,66.67696825586361,202.0,164.0,68.0,Stationery & Office,173.01,121.01,0.0,1.0,High overstock,MARKDOWN / CLEAR,0.0,16375.44
SKU02665,137.31801953960155,105.0,51.0,14.0,Snacks & Confectionery,142.5,100.85,0.0,0.0,Healthy,HEALTHY,0.0,0.0
SKU02666,67.35988082884543,0.0,0.0,0.0,Beverages,57.14,42.92,1.0,0.0,High stockout,REORDER NOW,962.24,0.0
SKU02667,65.12676522623555,0.0,0.0,0.0,Electronics & Accessories,1192.04,921.17,1.0,0.0,High stockout,REORDER NOW,19408.43,0.0
SKU02668,279.4778669912268,0.0,0.0,0.0,Home & Kitchen,1122.49,881.4,1.0,0.0,High stockout,REORDER NOW,78427.78,0.0
SKU02669,122.89626507854427,69.0,68.0,27.0,Beverages,67.5,39.26,0.0,0.0,Healthy,HEALTHY,0.0,0.0
SKU02670,62.650074496545315,196.0,67.0,29.0,Electronics & Accessories,2234.92,1685.28,0.0,1.0,High overstock,MARKDOWN / CLEAR,0.0,224731.96
SKU02671,77.37555572232128,3.0,52.0,14.0,Frozen Foods,412.64,296.63,0.9126482150561361,0.0,High stockout,REORDER NOW,12521.1,0.0
SKU02672,61.68044679924576,134.0,51.0,24.0,Apparel & Footwear,1757.36,1129.42,0.0,1.0,High overstock,MARKDOWN / CLEAR,0.0,81679.15
SKU02673,64.50226647983098,144.0,53.0,15.0,Beverages,101.54,79.27,0.0,1.0,High overstock,MARKDOWN / CLEAR,0.0,6301.79
SKU02674,63.15846162146608,412.0,247.0,109.0,Stationery & Office,247.36,189.24,0.0,1.0,High overstock,MARKDOWN / CLEAR,0.0,66014.77
SKU02675,61.32797467503146,171.0,82.0,22.0,Health & Wellness,593.9,441.62,0.0,1.0,High overstock,MARKDOWN / CLEAR,0.0,48433.36
SKU02676,83.70857505942918,190.0,96.0,32.0,Home & Kitchen,1953.1,1102.27,0.0,1.0,High overstock,MARKDOWN / CLEAR,0.0,117161.85
SKU02677,61.06734640531717,415.0,210.0,72.0,Personal Care,412.07,244.87,0.0,1.0,High overstock,MARKDOWN / CLEAR,0.0,86667.49
SKU02678,149.37083416640377,28.0,21.0,10.0,Stationery & Office,159.07,124.01,0.4208020021074157,0.0,Healthy,HEALTHY,3076.84,0.0
SKU02679,64.42623486867018,136.0,147.0,63.0,Health & Wellness,611.77,486.7,0.0,1.0,High overstock,MARKDOWN / CLEAR,0.0,34834.95
SKU02680,67.7993815827189,200.0,221.0,72.0,Beverages,268.34,166.19,0.0,1.0,High overstock,MARKDOWN / CLEAR,0.0,21970.42
SKU02681,63.58789695786365,4226.0,911.0,342.0,Stationery & Office,123.78,76.66,0.0,1.0,High overstock,MARKDOWN / CLEAR,0.0,319090.51
SKU02682,115.80349369127804,168.0,150.0,64.0,Apparel & Footwear,2202.3,1547.28,0.0,0.44687452968386326,Healthy,HEALTHY,0.0,80762.61
SKU02683,414.4343402203768,128.0,953.0,327.0,Dairy & Bakery,371.82,211.58,0.7034350000622416,0.0,High stockout,REORDER NOW,112515.92,0.0
SKU02684,102.73155064305064,413.0,147.0,57.0,Frozen Foods,527.97,368.96,0.0,1.0,High overstock,MARKDOWN / CLEAR,0.0,114476.65
SKU02685,89.4200077082554,138.0,105.0,32.0,Personal Care,296.83,235.14,0.0,0.5372703843212482,High overstock,MARKDOWN / CLEAR,0.0,11423.1
SKU02686,62.3899347753239,27.0,53.0,23.0,Frozen Foods,364.96,227.82,0.3181384905979159,0.0,Healthy,HEALTHY,4232.62,0.0
SKU02687,84.90281472055193,204.0,126.0,62.0,Stationery & Office,96.25,70.81,0.0,1.0,High overstock,MARKDOWN / CLEAR,0.0,8433.27
SKU02688,69.58717122849724,155.0,124.0,28.0,Home & Kitchen,1861.79,1268.3,0.0,1.0,High overstock,MARKDOWN / CLEAR,0.0,108329.09
SKU02689,70.13056826280977,31.0,27.0,10.0,Snacks & Confectionery,49.35,30.69,0.0,0.0,Healthy,HEALTHY,0.0,0.0
SKU02690,157.3202023860658,16.0,62.0,22.0,Stationery & Office,249.77,163.13,0.743301989219078,0.0,High stockout,REORDER NOW,11322.09,0.0
SKU02691,84.6706680014722,151.0,129.0,55.0,Home Care,309.21,212.67,0.0,0.774236194789423,High overstock,MARKDOWN / CLEAR,0.0,14106.26
SKU02692,831.0202165464125,30.0,868.0,279.0,Electronics & Accessories,2095.03,1551.16,0.9384937178086153,0.0,High stockout,REORDER NOW,956915.54,0.0
SKU02693,175.82868245421096,109.0,178.0,45.0,Apparel & Footwear,1518.89,1040.74,0.0,0.0,Healthy,HEALTHY,0.0,0.0
SKU02694,115.6817538188502,5.0,24.0,11.0,Home Care,219.47,171.47,0.8778116709200563,0.0,High stockout,REORDER NOW,7663.99,0.0
SKU02695,64.21388408540207,195.0,207.0,65.0,Home Care,272.52,157.85,0.0,1.0,High overstock,MARKDOWN / CLEAR,0.0,20644.59
SKU02696,64.63240287450283,132.0,48.0,20.0,Home Care,153.52,121.19,0.0,1.0,High overstock,MARKDOWN / CLEAR,0.0,8164.28
SKU02697,62.34101188908359,90.0,82.0,25.0,Home & Kitchen,292.68,201.27,0.0,0.4366679231356463,Healthy,HEALTHY,0.0,5566.92
SKU02698,61.81222552414793,83.0,128.0,46.0,Personal Care,412.28,267.14,0.0,0.3373192766065344,Healthy,HEALTHY,0.0,5660.1
SKU02699,67.71070800200097,78.0,140.0,44.0,Dairy & Bakery,94.86,53.98,0.0,0.14974801304185933,Healthy,HEALTHY,0.0,555.42
SKU02700,61.14593911362675,5727.0,1375.0,502.0,Personal Care,340.42,212.44,0.0,1.0,High overstock,MARKDOWN / CLEAR,0.0,1203654.04
SKU02701,62.715839957277744,80.0,91.0,31.0,Snacks & Confectionery,182.01,120.03,0.0,0.2712694371495612,Healthy,HEALTHY,0.0,2074.62
SKU02702,67.29743977626072,147.0,175.0,52.0,Personal Care,342.08,268.28,0.0,1.0,High overstock,MARKDOWN / CLEAR,0.0,21382.6
SKU02703,85.43111582164573,463.0,299.0,120.0,Beverages,55.42,40.96,0.0,1.0,High overstock,MARKDOWN / CLEAR,0.0,15465.22
SKU02704,64.4212159789738,155.0,100.0,40.0,Beverages,165.3,93.36,0.0,1.0,High overstock,MARKDOWN / CLEAR,0.0,8456.44
SKU02705,353.87927549627284,119.0,50.0,19.0,Electronics & Accessories,3268.55,2065.64,0.0,0.0,Healthy,HEALTHY,0.0,0.0
SKU02706,149.95390591568153,119.0,176.0,49.0,Grocery,232.82,156.65,0.0,0.0,Healthy,HEALTHY,0.0,0.0
SKU02707,67.02970031372166,79.0,49.0,11.0,Frozen Foods,652.02,497.18,0.0,0.175956966311432,Healthy,HEALTHY,0.0,5951.39
SKU02708,83.21823860642161,286.0,169.0,66.0,Apparel & Footwear,1971.33,1466.88,0.0,1.0,High overstock,MARKDOWN / CLEAR,0.0,297456.51
SKU02709,81.46839820391678,252.0,146.0,52.0,Electronics & Accessories,890.88,538.12,0.0,1.0,High overstock,MARKDOWN / CLEAR,0.0,91766.47
SKU02710,61.10290507511816,6103.0,1256.0,437.0,Home Care,460.43,259.04,0.0,1.0,High overstock,MARKDOWN / CLEAR,0.0,1565093.02
SKU02711,90.2229701245617,312.0,279.0,81.0,Snacks & Confectionery,111.55,65.04,0.0,1.0,High overstock,MARKDOWN / CLEAR,0.0,14424.38
SKU02712,173.1750257709108,29.0,59.0,24.0,Stationery & Office,168.07,113.59,0.5753638178576413,0.0,High stockout,REORDER NOW,6436.03,0.0
SKU02713,74.05483439558198,200.0,101.0,47.0,Home & Kitchen,2081.15,1191.39,0.0,1.0,High overstock,MARKDOWN / CLEAR,0.0,150049.81
SKU02714,163.54608811236503,323.0,242.0,61.0,Health & Wellness,694.67,425.44,0.0,0.969053191825182,High overstock,MARKDOWN / CLEAR,0.0,67838.07
SKU02715,66.77627819155934,297.0,164.0,45.0,Beverages,122.27,92.36,0.0,1.0,High overstock,MARKDOWN / CLEAR,0.0,21263.46
SKU02716,68.06808048229468,861.0,408.0,151.0,Grocery,511.85,332.95,0.0,1.0,High overstock,MARKDOWN / CLEAR,0.0,264006.68
SKU02717,107.23151343508685,165.0,85.0,26.0,Dairy & Bakery,188.3,150.46,0.0,0.533749226370751,High overstock,MARKDOWN / CLEAR,0.0,8691.85
SKU02718,65.21788915715133,7986.0,1737.0,632.0,Beverages,136.71,101.03,0.0,1.0,High overstock,MARKDOWN / CLEAR,0.0,800236.62
SKU02719,68.34876534156871,270.0,210.0,91.0,Home & Kitchen,1796.28,1106.92,0.0,1.0,High overstock,MARKDOWN / CLEAR,0.0,223211.78
SKU02720,247.77047219717667,234.0,146.0,51.0,Snacks & Confectionery,139.98,77.25,0.0,0.0,Healthy,HEALTHY,0.0,0.0
SKU02721,70.29086537506863,0.0,0.0,0.0,Dairy & Bakery,259.98,177.25,1.0,0.0,High stockout,REORDER NOW,4568.55,0.0
SKU02722,63.075685971443846,5778.0,1315.0,497.0,Stationery & Office,225.42,163.76,0.0,1.0,High overstock,MARKDOWN / CLEAR,0.0,935876.01
SKU02723,65.37222497638565,86.0,109.0,38.0,Apparel & Footwear,3042.95,2030.93,0.0,0.3107892651022839,Healthy,HEALTHY,0.0,41893.57
SKU02724,80.381309576287,221.0,108.0,35.0,Snacks & Confectionery,44.98,34.93,0.0,1.0,High overstock,MARKDOWN / CLEAR,0.0,4911.81
SKU02725,128.75633865322655,388.0,189.0,48.0,Personal Care,136.0,100.91,0.0,1.0,High overstock,MARKDOWN / CLEAR,0.0,26160.28
SKU02726,84.92528053565496,428.0,190.0,60.0,Frozen Foods,829.86,564.36,0.0,1.0,High overstock,MARKDOWN / CLEAR,0.0,193617.65
SKU02727,61.06734640531717,130.0,100.0,46.0,Health & Wellness,492.28,273.08,0.0,1.0,High overstock,MARKDOWN / CLEAR,0.0,18824.13
SKU02728,68.0902360139124,8435.0,1926.0,647.0,Stationery & Office,247.37,156.97,0.0,1.0,High overstock,MARKDOWN / CLEAR,0.0,1313353.83
SKU02729,63.12233094868247,0.0,0.0,0.0,Home & Kitchen,883.5,595.13,1.0,0.0,High stockout,REORDER NOW,13942.14,0.0
SKU02730,63.98688870146384,0.0,0.0,0.0,Stationery & Office,247.3,151.49,1.0,0.0,High stockout,REORDER NOW,3955.99,0.0
SKU02731,96.27612170225069,372.0,246.0,87.0,Grocery,130.96,99.45,0.0,1.0,High overstock,MARKDOWN / CLEAR,0.0,27420.74
SKU02732,78.95620068914167,16.0,26.0,12.0,Snacks & Confectionery,49.39,32.41,0.511286982493326,0.0,High stockout,REORDER NOW,777.35,0.0
SKU02733,101.69522288351766,73.0,62.0,26.0,Frozen Foods,386.81,232.45,0.0,0.0,Healthy,HEALTHY,0.0,0.0
SKU02734,128.8408706638714,131.0,123.0,28.0,Grocery,202.18,150.58,0.0,0.016629042343054543,Healthy,HEALTHY,0.0,325.12
SKU02735,61.40671076556176,22.0,82.0,24.0,Personal Care,593.63,416.77,0.4547934247429324,0.0,Healthy,HEALTHY,10300.48,0.0
SKU02736,76.60733336133707,257.0,196.0,76.0,Beverages,153.51,91.99,0.0,1.0,High overstock,MARKDOWN / CLEAR,0.0,16594.32
SKU02737,495.41893904706944,39.0,962.0,358.0,Stationery & Office,315.14,215.3,0.9192303664180864,0.0,High stockout,REORDER NOW,139561.24,0.0
SKU02738,384.0387464548359,351.0,160.0,43.0,Grocery,230.16,166.55,0.0,0.0,Healthy,HEALTHY,0.0,0.0
SKU02739,62.21732924783758,325.0,141.0,50.0,Beverages,67.69,44.82,0.0,1.0,High overstock,MARKDOWN / CLEAR,0.0,11777.92
SKU02740,838.3549046335908,0.0,814.0,304.0,Snacks & Confectionery,104.22,65.2,1.0,0.0,High stockout,REORDER NOW,53526.22,0.0
SKU02741,105.10163538128064,198.0,161.0,47.0,Beverages,86.2,62.27,0.0,0.8755601578136398,High overstock,MARKDOWN / CLEAR,0.0,5784.78
SKU02742,78.5201352452396,401.0,224.0,80.0,Frozen Foods,573.61,414.04,0.0,1.0,High overstock,MARKDOWN / CLEAR,0.0,133519.56
SKU02743,83.43159776384103,122.0,49.0,12.0,Personal Care,459.4,254.62,0.0,0.456800572980231,Healthy,HEALTHY,0.0,9820.29
SKU02744,90.86776582616251,56.0,78.0,34.0,Home & Kitchen,1099.36,668.99,0.029747616786545028,0.0,Healthy,HEALTHY,788.18,0.0
SKU02745,274.1951302210623,66.0,38.0,15.0,Dairy & Bakery,241.52,171.86,0.21938556647035223,0.0,Healthy,HEALTHY,4238.38,0.0
SKU02746,62.60585411116834,197.0,94.0,36.0,Frozen Foods,509.02,308.48,0.0,1.0,High overstock,MARKDOWN / CLEAR,0.0,41457.91
SKU02747,552.4115788560831,236.0,1027.0,362.0,Health & Wellness,561.26,443.77,0.52903884114522,0.0,High stockout,REORDER NOW,148230.39,0.0
SKU02748,62.863340267905,100.0,109.0,45.0,Health & Wellness,414.75,244.99,0.0,0.5815019943571336,High overstock,MARKDOWN / CLEAR,0.0,9098.11
SKU02749,68.36094481647731,0.0,0.0,0.0,Apparel & Footwear,1104.61,814.16,1.0,0.0,High stockout,REORDER NOW,18878.05,0.0
SKU02750,65.67141391291074,0.0,0.0,0.0,Snacks & Confectionery,282.92,226.22,1.0,0.0,High stockout,REORDER NOW,4644.94,0.0
SKU02751,158.50171464437938,192.0,106.0,33.0,Frozen Foods,648.07,412.59,0.0,0.210018340118208,Healthy,HEALTHY,0.0,13821.06
SKU02752,76.0728275589999,491.0,350.0,146.0,Apparel & Footwear,705.99,494.74,0.0,1.0,High overstock,MARKDOWN / CLEAR,0.0,205281.07
SKU02753,289.9654262901389,391.0,160.0,38.0,Home & Kitchen,796.75,459.27,0.0,0.34723910327790464,Healthy,HEALTHY,0.0,46402.15
SKU02754,220.17980636034713,268.0,145.0,40.0,Health & Wellness,780.27,550.45,0.0,0.21620506151336438,Healthy,HEALTHY,0.0,26322.63
SKU02755,61.67256225067572,36.0,23.0,10.0,Health & Wellness,805.74,642.08,0.0,0.0,Healthy,HEALTHY,0.0,0.0
SKU02756,96.28782052780728,86.0,196.0,55.0,Home & Kitchen,1906.82,1512.52,0.0,0.0,Healthy,HEALTHY,0.0,0.0
SKU02757,68.36202521205315,380.0,160.0,59.0,Health & Wellness,191.03,124.73,0.0,1.0,High overstock,MARKDOWN / CLEAR,0.0,38870.6
SKU02758,76.65966125615384,495.0,259.0,79.0,Stationery & Office,198.33,149.77,0.0,1.0,High overstock,MARKDOWN / CLEAR,0.0,62654.83
SKU02759,70.78775088782545,93.0,90.0,28.0,Beverages,149.76,113.32,0.0,0.3094155874430876,Healthy,HEALTHY,0.0,2517.09
SKU02760,70.20621976314703,0.0,0.0,0.0,Personal Care,430.99,272.31,1.0,0.0,High stockout,REORDER NOW,7564.54,0.0
SKU02761,67.41677543198529,316.0,153.0,46.0,Beverages,124.14,93.81,0.0,1.0,High overstock,MARKDOWN / CLEAR,0.0,23319.59
SKU02762,67.33522182982081,0.0,0.0,0.0,Beverages,181.06,106.93,1.0,0.0,High stockout,REORDER NOW,3047.93,0.0
SKU02763,65.14221980738718,151.0,90.0,24.0,Home Care,121.73,96.74,0.0,1.0,High overstock,MARKDOWN / CLEAR,0.0,8305.88
SKU02764,156.58095793704973,75.0,61.0,25.0,Snacks & Confectionery,177.05,135.63,0.0,0.0,Healthy,HEALTHY,0.0,0.0
SKU02765,87.01341025127152,172.0,61.0,23.0,Personal Care,480.9,325.88,0.0,0.9656095532044298,High overstock,MARKDOWN / CLEAR,0.0,27695.43
SKU02766,62.9451117678167,383.0,172.0,48.0,Home Care,225.53,145.77,0.0,1.0,High overstock,MARKDOWN / CLEAR,0.0,46654.4
SKU02767,63.3893021594847,289.0,150.0,58.0,Health & Wellness,1557.51,1224.96,0.0,1.0,High overstock,MARKDOWN / CLEAR,0.0,276364.08
SKU02768,63.16565248665612,4583.0,1146.0,392.0,Stationery & Office,216.52,122.94,0.0,1.0,High overstock,MARKDOWN / CLEAR,0.0,555668.43
SKU02769,72.84231185288263,173.0,84.0,30.0,Home & Kitchen,725.22,489.23,0.0,1.0,High overstock,MARKDOWN / CLEAR,0.0,49000.15
SKU02770,87.55850830422683,35.0,83.0,22.0,Personal Care,756.35,508.07,0.22030985152317417,0.0,Healthy,HEALTHY,6723.67,0.0
SKU02771,73.28643903810838,134.0,163.0,70.0,Dairy & Bakery,79.2,51.11,0.0,0.8172899623139295,High overstock,MARKDOWN / CLEAR,0.0,3103.07
SKU02772,74.98102885904589,217.0,79.0,35.0,Apparel & Footwear,2247.26,1299.27,0.0,1.0,High overstock,MARKDOWN / CLEAR,0.0,184520.99
SKU02773,63.17035987228376,186.0,180.0,65.0,Beverages,108.88,66.73,0.0,1.0,High overstock,MARKDOWN / CLEAR,0.0,8196.42
SKU02774,62.088614590885,388.0,145.0,62.0,Frozen Foods,735.28,585.12,0.0,1.0,High overstock,MARKDOWN / CLEAR,0.0,190697.27
SKU02775,69.91864917590678,141.0,193.0,49.0,Home Care,163.46,122.92,0.0,1.0,High overstock,MARKDOWN / CLEAR,0.0,8737.32
SKU02776,400.95984081571424,21.0,650.0,250.0,Snacks & Confectionery,234.93,178.45,0.9402118142030096,0.0,High stockout,REORDER NOW,77348.34,0.0
SKU02777,66.16498908038746,213.0,189.0,87.0,Health & Wellness,702.45,475.83,0.0,1.0,High overstock,MARKDOWN / CLEAR,0.0,69868.5
SKU02778,235.33379253276564,368.0,225.0,80.0,Dairy & Bakery,171.19,122.48,0.0,0.5613509860162775,High overstock,MARKDOWN / CLEAR,0.0,16248.96
SKU02779,61.49698129553196,114.0,168.0,64.0,Snacks & Confectionery,118.72,80.28,0.0,0.8400888749521346,High overstock,MARKDOWN / CLEAR,0.0,4214.94
SKU02780,68.2874210776789,7891.0,1817.0,654.0,Health & Wellness,791.92,569.66,0.0,1.0,High overstock,MARKDOWN / CLEAR,0.0,4456286.45
SKU02781,63.602311744397156,28.0,107.0,46.0,Snacks & Confectionery,35.59,27.26,0.5548530567009224,0.0,High stockout,REORDER NOW,1206.52,0.0
SKU02782,70.71315328709905,221.0,226.0,79.0,Electronics & Accessories,1562.14,953.92,0.0,1.0,High overstock,MARKDOWN / CLEAR,0.0,143361.63
SKU02783,61.47722114823641,42.0,32.0,9.0,Beverages,260.32,205.06,0.0,0.0,Healthy,HEALTHY,0.0,0.0
SKU02784,65.64318461372065,0.0,0.0,0.0,Home Care,149.12,116.08,1.0,0.0,High stockout,REORDER NOW,2447.18,0.0
SKU02785,213.59851468973682,380.0,217.0,63.0,Apparel & Footwear,1136.58,744.26,0.0,0.7754083738689611,High overstock,MARKDOWN / CLEAR,0.0,123845.97
SKU02786,199.4088548760921,14.0,21.0,9.0,Snacks & Confectionery,69.89,55.51,0.7660905231388236,0.0,High stockout,REORDER NOW,3134.72,0.0
SKU02787,61.00568199169564,53.0,108.0,38.0,Apparel & Footwear,1635.08,1260.04,0.02306705495336847,0.0,Healthy,HEALTHY,411.09,0.0
SKU02788,67.1730470381145,87.0,65.0,20.0,Electronics & Accessories,1455.54,815.13,0.0,0.29083272382999914,Healthy,HEALTHY,0.0,16161.54
SKU02789,63.45509599467164,355.0,177.0,67.0,Home & Kitchen,1348.1,755.65,0.0,1.0,High overstock,MARKDOWN / CLEAR,0.0,220305.91
SKU02790,196.88077474493906,164.0,69.0,23.0,Snacks & Confectionery,70.96,51.58,0.0,0.0,Healthy,HEALTHY,0.0,0.0
SKU02791,251.10801874904493,82.0,66.0,30.0,Electronics & Accessories,485.0,361.77,0.12558520851179455,0.0,Healthy,HEALTHY,5226.85,0.0
SKU02792,65.6149601982935,273.0,218.0,65.0,Stationery & Office,333.39,204.09,0.0,1.0,High overstock,MARKDOWN / CLEAR,0.0,42325.21
SKU02793,79.01576077561583,160.0,118.0,48.0,Apparel & Footwear,1908.56,1287.68,0.0,1.0,High overstock,MARKDOWN / CLEAR,0.0,104281.79
SKU02794,62.31951536945012,5277.0,1171.0,414.0,Snacks & Confectionery,91.58,62.72,0.0,1.0,High overstock,MARKDOWN / CLEAR,0.0,327064.76
SKU02795,92.81431034115221,204.0,192.0,73.0,Apparel & Footwear,2010.34,1329.64,0.0,1.0,High overstock,MARKDOWN / CLEAR,0.0,147836.94
SKU02796,102.77354068174029,149.0,109.0,40.0,Beverages,123.09,69.83,0.0,0.44545516144650155,Healthy,HEALTHY,0.0,3227.99
SKU02797,64.64265103149502,162.0,81.0,27.0,Health & Wellness,370.39,223.98,0.0,1.0,High overstock,MARKDOWN / CLEAR,0.0,21806.1
SKU02798,66.73591950341006,336.0,324.0,142.0,Home Care,471.71,355.49,0.0,1.0,High overstock,MARKDOWN / CLEAR,0.0,95720.69
SKU02799,66.82704843367561,332.0,235.0,86.0,Frozen Foods,524.92,298.3,0.0,1.0,High overstock,MARKDOWN / CLEAR,0.0,79101.09
SKU02800,64.9144931278938,366.0,181.0,68.0,Frozen Foods,320.17,225.89,0.0,1.0,High overstock,MARKDOWN / CLEAR,0.0,68012.21
SKU02801,88.7291876799926,259.0,215.0,88.0,Grocery,288.37,204.32,0.0,1.0,High overstock,MARKDOWN / CLEAR,0.0,34789.73
SKU02802,204.099053319044,226.0,163.0,58.0,Frozen Foods,398.56,314.51,0.0,0.1067822904423052,Healthy,HEALTHY,0.0,6888.07
SKU02803,79.99144336673822,452.0,250.0,106.0,Stationery & Office,113.88,90.75,0.0,1.0,High overstock,MARKDOWN / CLEAR,0.0,33759.78
SKU02804,89.39361786325806,237.0,262.0,84.0,Home Care,361.44,284.19,0.0,1.0,High overstock,MARKDOWN / CLEAR,0.0,41948.26
SKU02805,96.97253978931651,136.0,136.0,49.0,Dairy & Bakery,82.43,56.49,0.0,0.3983510103403409,Healthy,HEALTHY,0.0,2204.66
SKU02806,134.45781838232853,238.0,144.0,65.0,Stationery & Office,82.03,45.97,0.0,0.7643868981074577,High overstock,MARKDOWN / CLEAR,0.0,4759.83
SKU02807,78.08877470399548,457.0,282.0,101.0,Beverages,185.26,114.74,0.0,1.0,High overstock,MARKDOWN / CLEAR,0.0,43476.27
SKU02808,148.54247843826658,315.0,163.0,60.0,Home Care,471.71,315.51,0.0,1.0,High overstock,MARKDOWN / CLEAR,0.0,52519.01
SKU02809,65.82536732726935,253.0,185.0,70.0,Frozen Foods,532.18,297.9,0.0,1.0,High overstock,MARKDOWN / CLEAR,0.0,55759.32
SKU02810,69.05572140631415,54.0,70.0,29.0,Home Care,159.93,89.44,0.0,0.0,Healthy,HEALTHY,0.0,0.0
SKU02811,80.64376450187525,491.0,272.0,81.0,Stationery & Office,270.53,170.71,0.0,1.0,High overstock,MARKDOWN / CLEAR,0.0,70051.91
SKU02812,277.4667567526137,402.0,223.0,87.0,Home Care,300.07,194.1,0.0,0.4472104487431511,Healthy,HEALTHY,0.0,24171.9
SKU02813,84.9686403371751,930.0,412.0,124.0,Stationery & Office,250.52,174.16,0.0,1.0,High overstock,MARKDOWN / CLEAR,0.0,147170.66
SKU02814,142.3860155904707,0.0,0.0,0.0,Grocery,154.16,120.74,1.0,0.0,High stockout,REORDER NOW,5487.56,0.0
SKU02815,73.05732961058757,365.0,168.0,48.0,Electronics & Accessories,689.01,446.34,0.0,1.0,High overstock,MARKDOWN / CLEAR,0.0,130305.69
SKU02816,64.43390743158534,294.0,207.0,80.0,Health & Wellness,1306.34,734.19,0.0,1.0,High overstock,MARKDOWN / CLEAR,0.0,168545.13
SKU02817,112.87816927352857,226.0,159.0,46.0,Snacks & Confectionery,142.98,97.94,0.0,0.9933583534765082,High overstock,MARKDOWN / CLEAR,0.0,11079.15
SKU02818,62.61917833469083,58.0,65.0,28.0,Snacks & Confectionery,76.92,49.19,0.0,0.0,Healthy,HEALTHY,0.0,0.0
SKU02819,255.19779338371876,87.0,114.0,36.0,Electronics & Accessories,1160.88,900.0,0.13690003836699483,0.0,Healthy,HEALTHY,14858.62,0.0
SKU02820,234.6977023916671,100.0,182.0,60.0,Health & Wellness,859.3,565.31,0.16439958244728992,0.0,Healthy,HEALTHY,16046.93,0.0
SKU02821,375.9347648269287,216.0,184.0,57.0,Health & Wellness,965.81,608.89,0.0,0.0,Healthy,HEALTHY,0.0,0.0
SKU02822,64.92044604154214,7709.0,1898.0,642.0,Grocery,332.18,242.81,0.0,1.0,High overstock,MARKDOWN / CLEAR,0.0,1856058.96
SKU02823,68.34352582764619,8.0,27.0,11.0,Health & Wellness,596.63,401.72,0.7249524649321227,0.0,High stockout,REORDER NOW,11983.84,0.0
SKU02824,85.36659787893176,179.0,106.0,37.0,Stationery & Office,54.13,37.28,0.0,1.0,High overstock,MARKDOWN / CLEAR,0.0,3490.65
SKU02825,163.97789812150663,232.0,159.0,64.0,Grocery,212.23,124.79,0.0,0.4123103921980805,Healthy,HEALTHY,0.0,8488.48
SKU02826,414.4797610675048,214.0,974.0,276.0,Home Care,438.33,282.2,0.4377593568798541,0.0,Healthy,HEALTHY,72596.19,0.0
SKU02827,208.8778413641457,100.0,72.0,21.0,Home Care,129.22,72.57,0.0,0.0,Healthy,HEALTHY,0.0,0.0
SKU02828,68.06791143357326,587.0,248.0,77.0,Home & Kitchen,1658.99,1225.53,0.0,1.0,High overstock,MARKDOWN / CLEAR,0.0,635966.84
SKU02829,63.8707669778078,15.0,33.0,16.0,Dairy & Bakery,445.62,272.45,0.5450090920446587,0.0,High stockout,REORDER NOW,7561.14,0.0
SKU02830,217.3898356307206,162.0,148.0,63.0,Home Care,150.61,87.37,0.0,0.0,Healthy,HEALTHY,0.0,0.0
SKU02831,65.28757176654949,295.0,200.0,92.0,Electronics & Accessories,2870.32,2001.7,0.0,1.0,High overstock,MARKDOWN / CLEAR,0.0,459815.37
SKU02832,66.96102256671202,521.0,246.0,79.0,Grocery,389.88,270.91,0.0,1.0,High overstock,MARKDOWN / CLEAR,0.0,123003.7
SKU02833,395.2105690390815,143.0,1018.0,373.0,Apparel & Footwear,3924.53,2468.33,0.6975482215654962,0.0,High stockout,REORDER NOW,1290395.83,0.0
SKU02834,79.60189331409424,100.0,36.0,11.0,Apparel & Footwear,1819.31,1438.32,0.0,0.2530723019919297,Healthy,HEALTHY,0.0,29339.0
SKU02835,104.80747713061949,169.0,175.0,66.0,Electronics & Accessories,1538.54,1090.64,0.0,0.6066917443852738,High overstock,MARKDOWN / CLEAR,0.0,70010.93
SKU02836,99.41072009596552,369.0,230.0,83.0,Health & Wellness,1144.77,894.75,0.0,1.0,High overstock,MARKDOWN / CLEAR,0.0,241215.01
SKU02837,224.9617702783752,91.0,140.0,49.0,Electronics & Accessories,2677.22,1673.66,0.1434523633465702,0.0,Healthy,HEALTHY,38124.8,0.0
SKU02838,61.68791048798277,604.0,245.0,87.0,Apparel & Footwear,655.85,451.19,0.0,1.0,High overstock,MARKDOWN / CLEAR,0.0,244685.79
SKU02839,67.86183609431578,53.0,37.0,16.0,Home & Kitchen,1889.13,1234.32,0.0,0.0,Healthy,HEALTHY,0.0,0.0
SKU02840,734.1844639923338,296.0,483.0,151.0,Home Care,267.04,174.46,0.11785597899249511,0.0,Healthy,HEALTHY,10293.35,0.0
SKU02841,61.37484414407015,419.0,192.0,52.0,Home Care,271.96,152.83,0.0,1.0,High overstock,MARKDOWN / CLEAR,0.0,54655.85
SKU02842,60.99589870401115,6460.0,1521.0,538.0,Health & Wellness,535.34,323.83,0.0,1.0,High overstock,MARKDOWN / CLEAR,0.0,2072189.5
SKU02843,135.11423603866774,44.0,37.0,17.0,Snacks & Confectionery,87.14,66.87,0.15022741378752347,0.0,Healthy,HEALTHY,590.68,0.0
SKU02844,126.86753288192736,108.0,81.0,29.0,Home & Kitchen,1381.98,1053.71,0.0,0.0,Healthy,HEALTHY,0.0,0.0
SKU02845,61.14593911362675,260.0,182.0,65.0,Apparel & Footwear,3553.49,2047.79,0.0,1.0,High overstock,MARKDOWN / CLEAR,0.0,407211.36
SKU02846,80.29392786086447,265.0,92.0,43.0,Health & Wellness,1875.69,1040.14,0.0,1.0,High overstock,MARKDOWN / CLEAR,0.0,192120.17
SKU02847,62.43593849402106,64.0,50.0,12.0,Dairy & Bakery,259.88,149.56,0.0,0.02465576364297592,Healthy,HEALTHY,0.0,233.92
SKU02848,416.1344118582939,398.0,145.0,52.0,Personal Care,334.01,237.05,0.0,0.0,Healthy,HEALTHY,0.0,0.0
SKU02849,326.00918626274296,168.0,91.0,25.0,Home Care,73.3,44.71,0.0,0.0,Healthy,HEALTHY,0.0,0.0
SKU02850,131.91500712264326,46.0,71.0,22.0,Health & Wellness,261.58,193.74,0.17825963357954355,0.0,Healthy,HEALTHY,2348.66,0.0
SKU02851,70.01478974235944,253.0,93.0,25.0,Apparel & Footwear,2854.29,1574.02,0.0,1.0,High overstock,MARKDOWN / CLEAR,0.0,288022.38
SKU02852,89.47695005545809,0.0,0.0,0.0,Electronics & Accessories,1937.58,1412.39,1.0,0.0,High stockout,REORDER NOW,43342.19,0.0
SKU02853,67.52855388221965,36.0,69.0,24.0,Stationery & Office,149.61,115.44,0.14044503660409624,0.0,Healthy,HEALTHY,730.42,0.0
SKU02854,189.55343227763146,0.0,0.0,0.0,Stationery & Office,173.3,97.26,1.0,0.0,High stockout,REORDER NOW,8212.4,0.0
SKU02855,64.84307669373703,246.0,197.0,62.0,Electronics & Accessories,3150.9,2416.26,0.0,1.0,High overstock,MARKDOWN / CLEAR,0.0,437722.23
SKU02856,73.42963285667982,553.0,319.0,119.0,Personal Care,211.45,164.82,0.0,1.0,High overstock,MARKDOWN / CLEAR,0.0,79042.79
SKU02857,67.8387767314884,419.0,244.0,91.0,Health & Wellness,527.76,360.97,0.0,1.0,High overstock,MARKDOWN / CLEAR,0.0,126758.67
SKU02858,6260.633679775716,211.0,869.0,293.0,Home Care,90.7,56.34,0.8865077888271815,0.0,High stockout,REORDER NOW,149397.27,0.0
SKU02859,61.66792778728226,168.0,84.0,29.0,Health & Wellness,253.49,175.09,0.0,1.0,High overstock,MARKDOWN / CLEAR,0.0,18617.68
SKU02860,133.19081932857432,405.0,173.0,60.0,Apparel & Footwear,1859.24,1166.95,0.0,1.0,High overstock,MARKDOWN / CLEAR,0.0,317187.72
SKU02861,64.86365426186613,388.0,161.0,52.0,Personal Care,585.54,458.65,0.0,1.0,High overstock,MARKDOWN / CLEAR,0.0,148206.48
SKU02862,68.27479041192338,0.0,0.0,0.0,Frozen Foods,684.84,469.74,1.0,0.0,High stockout,REORDER NOW,11689.33,0.0
SKU02863,114.5983620271825,200.0,217.0,76.0,Grocery,110.89,83.13,0.0,0.7387789625664042,High overstock,MARKDOWN / CLEAR,0.0,7099.44
SKU02864,80.04470593272382,22.0,35.0,17.0,Electronics & Accessories,274.66,192.95,0.4212228603412347,0.0,Healthy,HEALTHY,4122.97,0.0
SKU02865,64.08209767267864,52.0,31.0,15.0,Home Care,522.75,325.2,0.0,0.0,Healthy,HEALTHY,0.0,0.0
SKU02866,129.6603572143118,45.0,47.0,19.0,Home Care,94.26,63.63,0.14146860001766293,0.0,Healthy,HEALTHY,604.69,0.0
SKU02867,62.91290046192713,301.0,146.0,49.0,Frozen Foods,930.15,716.19,0.0,1.0,High overstock,MARKDOWN / CLEAR,0.0,170515.6
SKU02868,77.160434700474,141.0,96.0,42.0,Snacks & Confectionery,181.68,117.31,0.0,0.8167759755197325,High overstock,MARKDOWN / CLEAR,0.0,7489.02
SKU02869,69.38001640346295,50.0,79.0,28.0,Health & Wellness,1023.67,650.37,0.0,0.0,Healthy,HEALTHY,0.0,0.0
SKU02870,287.67329931377935,1.0,45.0,18.0,Electronics & Accessories,794.71,627.11,0.9890011171907653,0.0,High stockout,REORDER NOW,70664.28,0.0
SKU02871,64.76960965036382,8264.0,1872.0,670.0,Personal Care,377.93,239.42,0.0,1.0,High overstock,MARKDOWN / CLEAR,0.0,1963059.74
SKU02872,64.35610544197283,121.0,146.0,40.0,Beverages,77.44,59.23,0.0,0.8666962967724432,High overstock,MARKDOWN / CLEAR,0.0,3355.02
SKU02873,64.05170634757445,21.0,78.0,18.0,Personal Care,382.88,227.65,0.40022151681942153,0.0,Healthy,HEALTHY,4982.39,0.0
SKU02874,74.46548036295981,102.0,159.0,61.0,Snacks & Confectionery,169.6,126.85,0.0,0.36486244445287813,Healthy,HEALTHY,0.0,3492.75
SKU02875,65.5527618475214,68.0,28.0,7.0,Personal Care,150.02,105.59,0.0,0.0367713988802667,Healthy,HEALTHY,0.0,258.4
SKU02876,75.717138282166,317.0,139.0,52.0,Health & Wellness,809.36,469.47,0.0,1.0,High overstock,MARKDOWN / CLEAR,0.0,113275.07
SKU02877,61.90597967733871,354.0,257.0,85.0,Beverages,92.7,52.47,0.0,1.0,High overstock,MARKDOWN / CLEAR,0.0,15326.17
SKU02878,142.81702402466513,306.0,128.0,45.0,Electronics & Accessories,2895.0,1808.15,0.0,1.0,High overstock,MARKDOWN / CLEAR,0.0,295059.3
SKU02879,73.78239792103088,142.0,57.0,13.0,Snacks & Confectionery,131.72,94.1,0.0,0.9122146918985657,High overstock,MARKDOWN / CLEAR,0.0,6419.28
SKU02880,62.170947845417565,79.0,185.0,66.0,Home & Kitchen,2899.44,1855.72,0.04292003260096722,0.26640493341597404,Healthy,HEALTHY,7372.51,31230.01
SKU02881,103.68491261301345,183.0,63.0,29.0,Electronics & Accessories,1773.86,1095.87,0.0,0.7576553813460111,High overstock,MARKDOWN / CLEAR,0.0,86919.02
SKU02882,62.39602548594094,378.0,235.0,83.0,Dairy & Bakery,147.14,102.33,0.0,1.0,High overstock,MARKDOWN / CLEAR,0.0,32295.75
SKU02883,239.201667607559,185.0,144.0,37.0,Frozen Foods,1040.02,819.68,0.0,0.0,Healthy,HEALTHY,0.0,0.0
SKU02884,64.0405969066205,270.0,316.0,136.0,Beverages,173.65,100.8,0.0,1.0,High overstock,MARKDOWN / CLEAR,0.0,20760.71
SKU02885,105.01980437195891,117.0,50.0,18.0,Beverages,118.94,84.58,0.0,0.11299960133872611,Healthy,HEALTHY,0.0,1013.28
SKU02886,61.86288826627718,66.0,87.0,30.0,Stationery & Office,274.35,213.47,0.0,0.06581167120732144,Healthy,HEALTHY,0.0,883.15
SKU02887,67.67892315664518,67.0,97.0,44.0,Apparel & Footwear,2074.48,1421.59,0.0,0.0,Healthy,HEALTHY,0.0,0.0
SKU02888,150.00488184576102,529.0,301.0,115.0,Beverages,138.67,109.69,0.0,1.0,High overstock,MARKDOWN / CLEAR,0.0,41571.97
SKU02889,78.67367246147147,64.0,55.0,14.0,Dairy & Bakery,184.37,128.96,0.0,0.0,Healthy,HEALTHY,0.0,0.0
SKU02890,63.75861063384512,376.0,170.0,62.0,Snacks & Confectionery,158.62,113.91,0.0,1.0,High overstock,MARKDOWN / CLEAR,0.0,35567.42
SKU02891,264.6982507931408,145.0,52.0,24.0,Personal Care,514.58,384.81,0.0,0.0,Healthy,HEALTHY,0.0,0.0
SKU02892,839.9232360567415,0.0,1010.0,367.0,Dairy & Bakery,77.05,46.22,1.0,0.0,High stockout,REORDER NOW,44456.37,0.0
SKU02893,86.46572404535448,77.0,121.0,34.0,Dairy & Bakery,327.2,225.78,0.0,0.0,Healthy,HEALTHY,0.0,0.0
SKU02894,147.27602889763455,187.0,98.0,39.0,Frozen Foods,276.72,194.69,0.0,0.267905550193752,Healthy,HEALTHY,0.0,7733.86
SKU02895,72.93622219078327,7.0,93.0,46.0,Snacks & Confectionery,119.21,69.15,0.8926940853020865,0.0,High stockout,REORDER NOW,6822.87,0.0
SKU02896,113.4310380153349,174.0,149.0,50.0,Home & Kitchen,1512.83,1004.33,0.0,0.5293053618595005,High overstock,MARKDOWN / CLEAR,0.0,60831.23
SKU02897,64.95076282875736,0.0,0.0,0.0,Electronics & Accessories,2337.3,1735.84,1.0,0.0,High stockout,REORDER NOW,37952.35,0.0
SKU02898,344.26493833503355,51.0,878.0,333.0,Apparel & Footwear,989.39,554.23,0.8785905750064971,0.0,High stockout,REORDER NOW,364161.05,0.0
SKU02899,86.64111038321353,0.0,0.0,0.0,Snacks & Confectionery,205.36,134.18,1.0,0.0,High stockout,REORDER NOW,4448.15,0.0
SKU02900,72.86849393661396,93.0,33.0,9.0,Electronics & Accessories,1839.94,1078.99,0.0,0.272531697758191,Healthy,HEALTHY,0.0,21721.69
SKU02901,74.96606945011878,139.0,101.0,44.0,Home & Kitchen,1081.76,642.5,0.0,0.8429280468687076,High overstock,MARKDOWN / CLEAR,0.0,41141.8
SKU02902,99.97190986311048,227.0,85.0,18.0,Snacks & Confectionery,84.54,57.33,0.0,1.0,High overstock,MARKDOWN / CLEAR,0.0,7282.52
SKU02903,126.8204373128528,0.0,0.0,0.0,Apparel & Footwear,2155.76,1201.56,1.0,0.0,High stockout,REORDER NOW,68348.61,0.0
SKU02904,160.7602563827258,59.0,31.0,9.0,Personal Care,312.58,205.13,0.0,0.0,Healthy,HEALTHY,0.0,0.0
SKU02905,74.11271829773044,282.0,227.0,91.0,Apparel & Footwear,867.68,482.8,0.0,1.0,High overstock,MARKDOWN / CLEAR,0.0,100367.98
SKU02906,61.89805301710789,357.0,165.0,45.0,Home Care,159.53,124.66,0.0,1.0,High overstock,MARKDOWN / CLEAR,0.0,36787.41
SKU02907,61.02748125434208,5528.0,1320.0,467.0,Apparel & Footwear,1495.16,1152.38,0.0,1.0,High overstock,MARKDOWN / CLEAR,0.0,6300029.79
SKU02908,72.10127054929387,85.0,139.0,49.0,Beverages,326.35,196.76,0.0,0.1764501403844714,Healthy,HEALTHY,0.0,2537.95
SKU02909,89.95796025258082,154.0,127.0,49.0,Personal Care,592.56,335.66,0.0,0.7040839478983597,High overstock,MARKDOWN / CLEAR,0.0,21496.35
SKU02910,70.80251746375225,198.0,104.0,42.0,Dairy & Bakery,143.97,88.2,0.0,1.0,High overstock,MARKDOWN / CLEAR,0.0,11218.82
SKU02911,62.857871520713516,352.0,237.0,88.0,Snacks & Confectionery,133.23,74.22,0.0,1.0,High overstock,MARKDOWN / CLEAR,0.0,21460.13
SKU02912,258.67502984707994,225.0,149.0,44.0,Dairy & Bakery,156.0,114.46,0.0,0.0,Healthy,HEALTHY,0.0,0.0
SKU02913,76.06539109174881,6.0,60.0,22.0,Personal Care,348.62,241.76,0.8571984401779773,0.0,High stockout,REORDER NOW,12207.4,0.0
SKU02914,76.06351491278508,0.0,0.0,0.0,Beverages,152.94,104.91,1.0,0.0,High stockout,REORDER NOW,2908.29,0.0
SKU02915,62.52997526128035,5779.0,1396.0,424.0,Electronics & Accessories,2288.75,1746.3,0.0,1.0,High overstock,MARKDOWN / CLEAR,0.0,9982671.6
SKU02916,80.37166164433403,163.0,132.0,58.0,Frozen Foods,811.15,610.25,0.0,1.0,High overstock,MARKDOWN / CLEAR,0.0,50423.94
SKU02917,63.49815252437668,125.0,164.0,52.0,Apparel & Footwear,1064.57,694.33,0.0,0.9535443275275067,High overstock,MARKDOWN / CLEAR,0.0,42702.58
SKU02918,67.78787588695924,541.0,297.0,91.0,Electronics & Accessories,2294.61,1612.16,0.0,1.0,High overstock,MARKDOWN / CLEAR,0.0,762893.66
SKU02919,88.45833680232744,186.0,78.0,20.0,Beverages,117.84,77.83,0.0,1.0,High overstock,MARKDOWN / CLEAR,0.0,7591.67
SKU02920,212.30472372812403,143.0,90.0,24.0,Grocery,68.47,48.34,0.0,0.0,Healthy,HEALTHY,0.0,0.0
SKU02921,168.99714803213163,229.0,215.0,85.0,Home Care,319.54,187.85,0.0,0.35296387417350705,Healthy,HEALTHY,0.0,11271.54
SKU02922,114.97585967107392,112.0,154.0,62.0,Home Care,213.14,133.22,0.0,0.0,Healthy,HEALTHY,0.0,0.0
SKU02923,454.62957799260874,146.0,914.0,318.0,Snacks & Confectionery,124.18,76.12,0.6625505495650935,0.0,High stockout,REORDER NOW,35472.94,0.0
SKU02924,89.34051811657663,274.0,261.0,98.0,Apparel & Footwear,1530.37,905.78,0.0,1.0,High overstock,MARKDOWN / CLEAR,0.0,167260.87
SKU02925,61.49250415943793,343.0,128.0,48.0,Frozen Foods,531.55,347.35,0.0,1.0,High overstock,MARKDOWN / CLEAR,0.0,97781.63
SKU02926,63.19271552625757,87.0,112.0,42.0,Electronics & Accessories,2188.09,1600.86,0.0,0.3708720573443295,Healthy,HEALTHY,0.0,38112.13
SKU02927,68.42602409268925,735.0,396.0,149.0,Beverages,192.51,124.94,0.0,1.0,High overstock,MARKDOWN / CLEAR,0.0,83281.75
SKU02928,192.3238491415948,0.0,0.0,0.0,Apparel & Footwear,1846.27,1469.0,1.0,0.0,High stockout,REORDER NOW,88770.44,0.0
SKU02929,71.5081197036557,463.0,251.0,86.0,Snacks & Confectionery,114.61,71.69,0.0,1.0,High overstock,MARKDOWN / CLEAR,0.0,28066.05
SKU02930,6317.2287681332455,0.0,522.0,202.0,Home Care,170.16,133.92,1.0,0.0,High stockout,REORDER NOW,303107.23,0.0
SKU02931,243.94181276435222,249.0,194.0,57.0,Home Care,127.7,76.41,0.0,0.020650566673620724,Healthy,HEALTHY,0.0,386.5
SKU02932,99.39090399193682,185.0,90.0,31.0,Apparel & Footwear,606.53,382.23,0.0,0.8527574969833832,High overstock,MARKDOWN / CLEAR,0.0,32722.36
SKU02933,96.45995520612965,17.0,43.0,12.0,Dairy & Bakery,92.06,54.41,0.5419640272315507,0.0,High stockout,REORDER NOW,1759.73,0.0
SKU02934,70.2149667200768,170.0,91.0,28.0,Snacks & Confectionery,112.59,68.62,0.0,1.0,High overstock,MARKDOWN / CLEAR,0.0,6847.25
SKU02935,62.74325575747757,316.0,151.0,48.0,Personal Care,432.23,254.7,0.0,1.0,High overstock,MARKDOWN / CLEAR,0.0,64504.49
SKU02936,90.22943760532914,191.0,95.0,31.0,Personal Care,198.13,139.92,0.0,1.0,High overstock,MARKDOWN / CLEAR,0.0,14099.82
SKU02937,86.8590487773413,465.0,226.0,73.0,Snacks & Confectionery,175.74,105.47,0.0,1.0,High overstock,MARKDOWN / CLEAR,0.0,39882.53
SKU02938,62.690953950990085,8249.0,1819.0,676.0,Snacks & Confectionery,83.54,47.72,0.0,1.0,High overstock,MARKDOWN / CLEAR,0.0,390650.67
SKU02939,68.6713183571898,18.0,21.0,6.0,Snacks & Confectionery,82.66,50.97,0.2552082538693847,0.0,Healthy,HEALTHY,427.17,0.0
SKU02940,67.62689637536155,283.0,146.0,52.0,Home Care,322.25,231.89,0.0,1.0,High overstock,MARKDOWN / CLEAR,0.0,49942.87
SKU02941,90.92796812194578,55.0,22.0,7.0,Personal Care,251.94,165.56,0.0,0.0,Healthy,HEALTHY,0.0,0.0
SKU02942,62.244391382914614,375.0,225.0,83.0,Personal Care,622.94,366.94,0.0,1.0,High overstock,MARKDOWN / CLEAR,0.0,114762.54
SKU02943,138.03327062419106,231.0,226.0,83.0,Electronics & Accessories,909.95,514.91,0.0,0.6686653414570053,High overstock,MARKDOWN / CLEAR,0.0,47869.5
SKU02944,61.62343923579034,343.0,173.0,43.0,Snacks & Confectionery,168.3,123.25,0.0,1.0,High overstock,MARKDOWN / CLEAR,0.0,34679.66
SKU02945,106.38107643617786,141.0,54.0,17.0,Home & Kitchen,866.32,628.97,0.0,0.32239315075592445,Healthy,HEALTHY,0.0,21774.26
SKU02946,63.563345889014,4371.0,930.0,355.0,Apparel & Footwear,2029.87,1350.64,0.0,1.0,High overstock,MARKDOWN / CLEAR,0.0,5817796.24
SKU02947,124.70579653598296,21.0,27.0,9.0,Snacks & Confectionery,134.5,91.72,0.4899997342737802,0.0,Healthy,HEALTHY,2579.23,0.0
SKU02948,99.91369828176,108.0,122.0,58.0,Dairy & Bakery,367.9,224.46,0.0,0.08013086286524077,Healthy,HEALTHY,0.0,1815.05
SKU02949,140.68735899972708,238.0,176.0,66.0,Snacks & Confectionery,157.02,105.41,0.0,0.6868124417539632,High overstock,MARKDOWN / CLEAR,0.0,10257.73
SKU02950,498.75088344097463,0.0,851.0,248.0,Dairy & Bakery,251.09,183.84,1.0,0.0,High stockout,REORDER NOW,93578.16,0.0
SKU02951,189.8341122027011,98.0,74.0,32.0,Personal Care,384.02,285.28,0.0,0.0,Healthy,HEALTHY,0.0,0.0
SKU02952,192.01415905500608,0.0,0.0,0.0,Beverages,158.78,100.84,1.0,0.0,High stockout,REORDER NOW,7622.0,0.0
SKU02953,119.9673571850012,354.0,231.0,101.0,Grocery,206.97,148.96,0.0,1.0,High overstock,MARKDOWN / CLEAR,0.0,34861.5
SKU02954,1391.3217362791897,10.0,752.0,256.0,Home Care,603.3,405.19,0.9834664404489176,0.0,High stockout,REORDER NOW,358257.9,0.0
SKU02955,66.33807528956314,100.0,77.0,19.0,Electronics & Accessories,641.96,471.73,0.0,0.4998943698002339,Healthy,HEALTHY,0.0,15879.34
SKU02956,93.93983050473395,324.0,156.0,59.0,Dairy & Bakery,261.17,188.75,0.0,1.0,High overstock,MARKDOWN / CLEAR,0.0,43423.86
SKU02957,84.91458864435373,311.0,241.0,78.0,Home & Kitchen,1043.91,769.98,0.0,1.0,High overstock,MARKDOWN / CLEAR,0.0,174081.25
SKU02958,61.377279456461096,0.0,0.0,0.0,Personal Care,521.69,308.43,1.0,0.0,High stockout,REORDER NOW,8004.98,0.0
SKU02959,74.54108948565666,65.0,100.0,26.0,Home & Kitchen,1901.51,1198.96,0.0,0.0,Healthy,HEALTHY,0.0,0.0
SKU02960,97.69580592126563,100.0,44.0,19.0,Snacks & Confectionery,61.77,38.07,0.0,0.02334642345970137,Healthy,HEALTHY,0.0,87.72
SKU02961,145.711095486463,234.0,137.0,57.0,Frozen Foods,1130.98,748.45,0.0,0.6017875077599936,High overstock,MARKDOWN / CLEAR,0.0,66079.83
SKU02962,90.2856279219845,251.0,98.0,29.0,Apparel & Footwear,706.08,470.41,0.0,1.0,High overstock,MARKDOWN / CLEAR,0.0,75601.65
SKU02963,63.04640546506379,165.0,243.0,74.0,Grocery,276.15,197.95,0.0,1.0,High overstock,MARKDOWN / CLEAR,0.0,20181.71
SKU02964,63.4290803077933,5389.0,1299.0,466.0,Stationery & Office,215.02,148.88,0.0,1.0,High overstock,MARKDOWN / CLEAR,0.0,792871.0
SKU02965,77.34695134299078,283.0,153.0,51.0,Personal Care,150.68,104.72,0.0,1.0,High overstock,MARKDOWN / CLEAR,0.0,21535.99
SKU02966,92.8492002118831,74.0,39.0,9.0,Home Care,66.34,46.99,0.0,0.0,Healthy,HEALTHY,0.0,0.0
SKU02967,83.50738609315118,421.0,230.0,71.0,Health & Wellness,735.42,454.65,0.0,1.0,High overstock,MARKDOWN / CLEAR,0.0,153441.02
SKU02968,167.53313852721067,90.0,86.0,22.0,Health & Wellness,1011.61,613.57,0.0,0.0,Healthy,HEALTHY,0.0,0.0
SKU02969,61.06734640531717,310.0,165.0,72.0,Grocery,125.0,75.47,0.0,1.0,High overstock,MARKDOWN / CLEAR,0.0,18786.95
SKU02970,67.89139236394905,354.0,246.0,70.0,Home & Kitchen,562.41,418.92,0.0,1.0,High overstock,MARKDOWN / CLEAR,0.0,119856.62
SKU02971,85.20344373983656,351.0,237.0,73.0,Health & Wellness,867.83,498.41,0.0,1.0,High overstock,MARKDOWN / CLEAR,0.0,132475.66
SKU02972,123.00429086993253,177.0,98.0,48.0,Stationery & Office,98.84,62.17,0.0,0.43543419950446144,Healthy,HEALTHY,0.0,3356.91
SKU02973,279.04721298749405,30.0,37.0,7.0,Home Care,242.96,150.65,0.6142064773786458,0.0,High stockout,REORDER NOW,11361.25,0.0
SKU02974,108.17668826920799,233.0,111.0,28.0,Health & Wellness,817.03,570.27,0.0,1.0,High overstock,MARKDOWN / CLEAR,0.0,71182.99
SKU02975,78.21423514083443,0.0,0.0,0.0,Home Care,606.78,473.92,1.0,0.0,High stockout,REORDER NOW,11864.71,0.0
SKU02976,62.656724619692866,129.0,86.0,37.0,Home & Kitchen,837.64,644.69,0.0,1.0,High overstock,MARKDOWN / CLEAR,0.0,42770.85
SKU02977,87.84613739924887,237.0,146.0,59.0,Apparel & Footwear,2254.18,1299.19,0.0,1.0,High overstock,MARKDOWN / CLEAR,0.0,193779.21
SKU02978,91.50744481797477,35.0,31.0,10.0,Home & Kitchen,1811.96,1241.29,0.0,0.0,Healthy,HEALTHY,0.0,0.0
SKU02979,100.77149380823928,0.0,0.0,0.0,Frozen Foods,473.94,265.07,1.0,0.0,High stockout,REORDER NOW,11939.91,0.0
SKU02980,160.10159261951088,234.0,82.0,31.0,Apparel & Footwear,1789.14,1338.46,0.0,0.4587068704840311,Healthy,HEALTHY,0.0,98910.06
SKU02981,121.61151714618018,250.0,163.0,53.0,Personal Care,361.07,232.41,0.0,1.0,High overstock,MARKDOWN / CLEAR,0.0,29838.77
SKU02982,73.08696301617978,103.0,119.0,54.0,Home Care,413.73,249.78,0.0,0.40375574549178833,Healthy,HEALTHY,0.0,7471.68
SKU02983,344.66802811685545,146.0,882.0,271.0,Apparel & Footwear,1062.71,713.11,0.5923689308767306,0.0,High stockout,REORDER NOW,224409.29,0.0
SKU02984,90.68570683708134,54.0,61.0,25.0,Grocery,365.1,240.52,0.0,0.0,Healthy,HEALTHY,0.0,0.0
SKU02985,72.97274598097412,0.0,0.0,0.0,Electronics & Accessories,720.58,566.22,1.0,0.0,High stockout,REORDER NOW,13145.68,0.0
SKU02986,67.09826401951142,267.0,168.0,72.0,Grocery,366.41,204.57,0.0,1.0,High overstock,MARKDOWN / CLEAR,0.0,40893.9
SKU02987,100.32071698754976,346.0,187.0,57.0,Frozen Foods,701.69,552.58,0.0,1.0,High overstock,MARKDOWN / CLEAR,0.0,135757.46
SKU02988,184.0468607150155,688.0,388.0,143.0,Home Care,252.98,153.96,0.0,1.0,High overstock,MARKDOWN / CLEAR,0.0,77588.63
SKU02989,77.97922605394393,162.0,125.0,45.0,Home Care,186.36,109.26,0.0,1.0,High overstock,MARKDOWN / CLEAR,0.0,9180.11
SKU02990,75.29814877310355,93.0,160.0,48.0,Home Care,321.24,236.26,0.0,0.23200892173070217,Healthy,HEALTHY,0.0,4182.24
SKU02991,162.56127710654437,230.0,99.0,35.0,Home Care,106.67,72.6,0.0,0.412314724404639,Healthy,HEALTHY,0.0,4896.05
SKU02992,70.9759340438042,37.0,20.0,7.0,Personal Care,368.13,284.9,0.0,0.0,Healthy,HEALTHY,0.0,0.0
SKU02993,84.44401555217073,0.0,0.0,0.0,Home Care,391.51,268.44,1.0,0.0,High stockout,REORDER NOW,8265.17,0.0
SKU02994,65.55140087115728,80.0,74.0,18.0,Frozen Foods,708.55,479.24,0.0,0.21710435752982918,Healthy,HEALTHY,0.0,6924.35
SKU02995,79.5956494092041,159.0,60.0,19.0,Apparel & Footwear,676.72,407.07,0.0,0.9852188197856725,High overstock,MARKDOWN / CLEAR,0.0,32323.13
SKU02996,71.75794022960824,112.0,112.0,50.0,Frozen Foods,543.13,427.68,0.0,0.5530950937230572,High overstock,MARKDOWN / CLEAR,0.0,17210.72
SKU02997,64.91829623413513,6620.0,1434.0,509.0,Health & Wellness,1164.54,833.95,0.0,1.0,High overstock,MARKDOWN / CLEAR,0.0,5466610.39
SKU02998,327.93961313912354,0.0,0.0,0.0,Home & Kitchen,891.24,624.22,1.0,0.0,High stockout,REORDER NOW,73068.23,0.0
SKU02999,69.85819090831842,5152.0,1225.0,431.0,Stationery & Office,307.71,230.02,0.0,1.0,High overstock,MARKDOWN / CLEAR,0.0,1168994.26
SKU03000,91.65618792493731,45.0,26.0,12.0,Beverages,172.96,99.51,0.0,0.0,Healthy,HEALTHY,0.0,0.0
SKU03001,61.66648656982484,102.0,77.0,22.0,Electronics & Accessories,2715.32,2081.57,0.0,0.6436217448577458,High overstock,MARKDOWN / CLEAR,0.0,83957.03
SKU03002,108.78896549173963,193.0,158.0,40.0,Snacks & Confectionery,52.44,35.4,0.0,0.7670263958776102,High overstock,MARKDOWN / CLEAR,0.0,2981.07
SKU03003,77.91266530318133,321.0,152.0,44.0,Snacks & Confectionery,141.34,106.08,0.0,1.0,High overstock,MARKDOWN / CLEAR,0.0,25786.7
SKU03004,235.812929250662,279.0,249.0,104.0,Apparel & Footwear,2087.35,1519.92,0.0,0.18236787529292925,Healthy,HEALTHY,0.0,65640.89
SKU03005,61.955615116999354,7094.0,1558.0,546.0,Grocery,133.21,88.29,0.0,1.0,High overstock,MARKDOWN / CLEAR,0.0,620859.2
SKU03006,62.025740856933496,173.0,64.0,20.0,Home & Kitchen,1088.75,808.32,0.0,1.0,High overstock,MARKDOWN / CLEAR,0.0,89702.71
SKU03007,63.51274944053103,226.0,100.0,40.0,Apparel & Footwear,2447.79,1787.31,0.0,1.0,High overstock,MARKDOWN / CLEAR,0.0,290415.09
SKU03008,61.743072633350366,0.0,0.0,0.0,Stationery & Office,281.2,154.92,1.0,0.0,High stockout,REORDER NOW,4340.54,0.0
SKU03009,144.59435008249957,405.0,278.0,94.0,Electronics & Accessories,2815.76,2047.94,0.0,1.0,High overstock,MARKDOWN / CLEAR,0.0,533295.15
SKU03010,237.94505000868298,294.0,129.0,37.0,Home & Kitchen,768.67,520.54,0.0,0.234593476572459,Healthy,HEALTHY,0.0,29178.84
SKU03011,63.094624984953384,198.0,80.0,28.0,Beverages,109.09,82.89,0.0,1.0,High overstock,MARKDOWN / CLEAR,0.0,11182.31
SKU03012,60.960340034210155,10.0,93.0,38.0,Home & Kitchen,1138.11,856.33,0.8156345072390059,0.0,High stockout,REORDER NOW,49211.97,0.0
SKU03013,61.25261512302973,215.0,139.0,56.0,Beverages,101.21,59.98,0.0,1.0,High overstock,MARKDOWN / CLEAR,0.0,9221.77
SKU03014,71.72410302983573,5426.0,1271.0,425.0,Dairy & Bakery,150.16,83.4,0.0,1.0,High overstock,MARKDOWN / CLEAR,0.0,446546.61
SKU03015,66.56137452396314,395.0,213.0,79.0,Beverages,62.87,37.66,0.0,1.0,High overstock,MARKDOWN / CLEAR,0.0,12369.0
SKU03016,104.29001517404119,5.0,45.0,18.0,Personal Care,233.3,171.54,0.8890676226262825,0.0,High stockout,REORDER NOW,9115.62,0.0
SKU03017,61.339983407997366,194.0,194.0,85.0,Electronics & Accessories,3156.34,2423.56,0.0,1.0,High overstock,MARKDOWN / CLEAR,0.0,321509.51
SKU03018,68.53061890897419,93.0,75.0,20.0,Dairy & Bakery,171.53,124.38,0.0,0.35192238290097533,Healthy,HEALTHY,0.0,3043.5
SKU03019,86.3035796849745,0.0,0.0,0.0,Apparel & Footwear,1094.04,826.16,1.0,0.0,High stockout,REORDER NOW,23604.89,0.0
SKU03020,74.59351302420875,497.0,237.0,94.0,Health & Wellness,276.62,192.75,0.0,1.0,High overstock,MARKDOWN / CLEAR,0.0,81418.85
SKU03021,192.20372286389056,252.0,146.0,41.0,Health & Wellness,1165.36,788.52,0.0,0.3094985761647829,Healthy,HEALTHY,0.0,47150.56
SKU03022,64.44374808446052,532.0,307.0,102.0,Stationery & Office,86.56,68.61,0.0,1.0,High overstock,MARKDOWN / CLEAR,0.0,32079.03
SKU03023,61.764839425429976,178.0,96.0,29.0,Home Care,497.92,283.89,0.0,1.0,High overstock,MARKDOWN / CLEAR,0.0,32998.0
SKU03024,273.0285654420486,132.0,48.0,13.0,Personal Care,280.12,183.57,0.0,0.0,Healthy,HEALTHY,0.0,0.0
SKU03025,144.34502535791776,192.0,166.0,64.0,Stationery & Office,396.16,245.43,0.0,0.3278748242310324,Healthy,HEALTHY,0.0,11695.96
SKU03026,94.75347270419843,200.0,147.0,47.0,Frozen Foods,747.22,433.77,0.0,1.0,High overstock,MARKDOWN / CLEAR,0.0,45652.79
SKU03027,121.56709752164586,226.0,202.0,90.0,Health & Wellness,724.38,508.08,0.0,0.8520467938788454,High overstock,MARKDOWN / CLEAR,0.0,53060.27
SKU03028,120.27504818719228,56.0,77.0,29.0,Dairy & Bakery,242.32,149.22,0.0677350740744116,0.0,Healthy,HEALTHY,743.62,0.0
SKU03029,97.89206871438273,670.0,361.0,125.0,Snacks & Confectionery,67.29,44.8,0.0,1.0,High overstock,MARKDOWN / CLEAR,0.0,25630.44
SKU03030,615.0058106046898,56.0,934.0,310.0,Snacks & Confectionery,108.63,63.46,0.8795054868993991,0.0,High stockout,REORDER NOW,44294.04,0.0
SKU03031,65.49348326839552,8024.0,1771.0,648.0,Snacks & Confectionery,175.91,113.9,0.0,1.0,High overstock,MARKDOWN / CLEAR,0.0,906473.89
SKU03032,63.42903017195676,309.0,167.0,48.0,Snacks & Confectionery,110.49,66.3,0.0,1.0,High overstock,MARKDOWN / CLEAR,0.0,16281.36
SKU03033,70.94849327323531,165.0,87.0,39.0,Electronics & Accessories,1391.33,1077.22,0.0,1.0,High overstock,MARKDOWN / CLEAR,0.0,101314.16
SKU03034,288.8322274202507,0.0,0.0,0.0,Grocery,232.5,158.24,1.0,0.0,High stockout,REORDER NOW,16788.37,0.0
SKU03035,62.40263052821071,104.0,36.0,11.0,Health & Wellness,1367.96,1025.81,0.0,0.6560827070618267,High overstock,MARKDOWN / CLEAR,0.0,42671.0
SKU03036,67.26836347350715,6860.0,1517.0,508.0,Stationery & Office,219.56,147.42,0.0,1.0,High overstock,MARKDOWN / CLEAR,0.0,1001384.5
SKU03037,69.78641666480527,158.0,72.0,18.0,Apparel & Footwear,1595.26,894.3,0.0,1.0,High overstock,MARKDOWN / CLEAR,0.0,78889.41
SKU03038,89.58963816659636,135.0,78.0,21.0,Personal Care,204.05,147.66,0.0,0.5012754521647717,High overstock,MARKDOWN / CLEAR,0.0,6705.29
SKU03039,61.46762419048245,0.0,0.0,0.0,Grocery,135.27,76.02,1.0,0.0,High stockout,REORDER NOW,2078.68,0.0
SKU03040,129.31122720978516,413.0,156.0,44.0,Home & Kitchen,2390.56,1550.9,0.0,1.0,High overstock,MARKDOWN / CLEAR,0.0,439972.92
SKU03041,69.68433158451606,168.0,61.0,28.0,Grocery,320.56,220.14,0.0,1.0,High overstock,MARKDOWN / CLEAR,0.0,21643.21
SKU03042,90.9926255205078,194.0,99.0,44.0,Electronics & Accessories,2656.05,1978.64,0.0,1.0,High overstock,MARKDOWN / CLEAR,0.0,203814.51
SKU03043,62.70583848545667,5107.0,1235.0,420.0,Electronics & Accessories,4386.71,3398.16,0.0,1.0,High overstock,MARKDOWN / CLEAR,0.0,17141318.65
SKU03044,155.8664090234909,0.0,0.0,0.0,Snacks & Confectionery,74.7,44.91,1.0,0.0,High stockout,REORDER NOW,2910.81,0.0
SKU03045,68.48771856023791,31.0,100.0,50.0,Electronics & Accessories,3615.67,2588.43,0.5449336188244105,0.0,High stockout,REORDER NOW,130604.98,0.0
SKU03046,75.90152812095548,160.0,115.0,44.0,Snacks & Confectionery,109.87,73.34,0.0,1.0,High overstock,MARKDOWN / CLEAR,0.0,6167.78
SKU03047,72.00991975147406,0.0,0.0,0.0,Snacks & Confectionery,196.79,145.99,1.0,0.0,High stockout,REORDER NOW,3542.71,0.0
SKU03048,79.00941360479398,106.0,102.0,29.0,Apparel & Footwear,1226.44,962.71,0.0,0.3373426348120218,Healthy,HEALTHY,0.0,25984.11
SKU03049,264.65923868511703,148.0,100.0,42.0,Stationery & Office,267.4,182.7,0.0,0.0,Healthy,HEALTHY,0.0,0.0
SKU03050,157.16537582211888,48.0,65.0,20.0,Dairy & Bakery,274.23,170.49,0.203865814711241,0.0,Healthy,HEALTHY,3096.43,0.0
SKU03051,99.18359206806656,313.0,159.0,54.0,Stationery & Office,202.67,151.93,0.0,1.0,High overstock,MARKDOWN / CLEAR,0.0,32485.13
SKU03052,158.28435911727252,555.0,269.0,83.0,Home & Kitchen,2242.35,1528.57,0.0,1.0,High overstock,MARKDOWN / CLEAR,0.0,606407.63
SKU03053,744.5312809435329,31.0,694.0,238.0,Apparel & Footwear,4086.72,3149.1,0.9270816118529739,0.0,High stockout,REORDER NOW,1606623.76,0.0
SKU03054,90.75830704755225,585.0,509.0,163.0,Beverages,90.66,62.69,0.0,1.0,High overstock,MARKDOWN / CLEAR,0.0,30984.01
SKU03055,290.6776356877265,118.0,82.0,30.0,Dairy & Bakery,130.59,102.42,0.0,0.0,Healthy,HEALTHY,0.0,0.0
SKU03056,69.05327959995985,188.0,154.0,45.0,Electronics & Accessories,1070.06,593.22,0.0,1.0,High overstock,MARKDOWN / CLEAR,0.0,70561.57
SKU03057,441.2771694028672,253.0,1149.0,365.0,Stationery & Office,206.34,151.61,0.46884368518562003,0.0,Healthy,HEALTHY,45873.36,0.0
SKU03058,61.253509971518056,8412.0,1863.0,654.0,Apparel & Footwear,1202.99,765.86,0.0,1.0,High overstock,MARKDOWN / CLEAR,0.0,6395502.71
SKU03059,76.45934764952159,70.0,60.0,22.0,Home Care,567.73,407.15,0.0,0.0,Healthy,HEALTHY,0.0,0.0
SKU03060,121.56471168240395,157.0,127.0,60.0,Snacks & Confectionery,116.18,91.27,0.0,0.28911493227690044,Healthy,HEALTHY,0.0,3234.18
SKU03061,89.63888155890281,98.0,136.0,33.0,Stationery & Office,234.65,167.42,0.0,0.0922464873495114,Healthy,HEALTHY,0.0,1399.82
SKU03062,96.17359336119091,545.0,312.0,91.0,Dairy & Bakery,250.47,184.41,0.0,1.0,High overstock,MARKDOWN / CLEAR,0.0,82768.08
SKU03063,457.2712896475578,4.0,555.0,179.0,Personal Care,363.59,214.34,0.9864092498129382,0.0,High stockout,REORDER NOW,105193.07,0.0
SKU03064,163.57319698147697,0.0,0.0,0.0,Stationery & Office,247.54,146.7,1.0,0.0,High stockout,REORDER NOW,10122.73,0.0
SKU03065,65.09562395678677,166.0,183.0,70.0,Frozen Foods,209.91,145.54,0.0,1.0,High overstock,MARKDOWN / CLEAR,0.0,14685.62
SKU03066,81.34065264188361,507.0,229.0,76.0,Dairy & Bakery,214.65,141.16,0.0,1.0,High overstock,MARKDOWN / CLEAR,0.0,60086.07
SKU03067,68.79733323978871,129.0,80.0,27.0,Grocery,102.08,58.98,0.0,0.8625353429103809,High overstock,MARKDOWN / CLEAR,0.0,3550.75
SKU03068,74.6876282272842,284.0,152.0,51.0,Home Care,187.88,137.54,0.0,1.0,High overstock,MARKDOWN / CLEAR,0.0,28788.82
SKU03069,95.67705443040049,402.0,197.0,63.0,Stationery & Office,296.3,214.74,0.0,1.0,High overstock,MARKDOWN / CLEAR,0.0,65779.79
SKU03070,61.30091219343293,205.0,99.0,25.0,Home Care,524.48,300.47,0.0,1.0,High overstock,MARKDOWN / CLEAR,0.0,43177.26
SKU03071,69.5415629392194,1.0,62.0,19.0,Electronics & Accessories,1229.09,690.95,0.9732515835639234,0.0,High stockout,REORDER NOW,43491.83,0.0
SKU03072,68.8613460977922,56.0,49.0,15.0,Dairy & Bakery,201.4,129.84,0.0,0.0,Healthy,HEALTHY,0.0,0.0
SKU03073,61.53555934702502,6327.0,1363.0,535.0,Apparel & Footwear,1595.17,1129.75,0.0,1.0,High overstock,MARKDOWN / CLEAR,0.0,7078408.45
SKU03074,64.14168276825745,0.0,0.0,0.0,Apparel & Footwear,2911.21,2251.51,1.0,0.0,High stockout,REORDER NOW,46682.48,0.0
SKU03075,70.78245632976946,132.0,79.0,27.0,Health & Wellness,1310.56,863.17,0.0,0.852820407663349,High overstock,MARKDOWN / CLEAR,0.0,52841.15
SKU03076,140.29576636718372,48.0,87.0,22.0,Apparel & Footwear,1091.52,623.29,0.1734675022165031,0.0,Healthy,HEALTHY,9904.39,0.0
SKU03077,350.20515918911525,56.0,47.0,17.0,Frozen Foods,377.75,287.13,0.4694522434775239,0.0,Healthy,HEALTHY,18340.25,0.0
SKU03078,75.47201846141733,275.0,216.0,82.0,Personal Care,362.84,210.89,0.0,1.0,High overstock,MARKDOWN / CLEAR,0.0,42078.46
SKU03079,77.93224170463482,0.0,0.0,0.0,Electronics & Accessories,1312.41,930.96,1.0,0.0,High stockout,REORDER NOW,25569.76,0.0
SKU03080,68.34457958787416,315.0,173.0,63.0,Home & Kitchen,524.39,342.62,0.0,1.0,High overstock,MARKDOWN / CLEAR,0.0,84509.08
SKU03081,118.34043292641752,179.0,193.0,77.0,Home & Kitchen,1594.44,1239.51,0.0,0.5082901543602052,High overstock,MARKDOWN / CLEAR,0.0,75188.14
SKU03082,87.30168646069205,210.0,83.0,32.0,Snacks & Confectionery,29.69,21.56,0.0,1.0,High overstock,MARKDOWN / CLEAR,0.0,2645.38
SKU03083,87.11187328695354,448.0,225.0,85.0,Electronics & Accessories,763.32,419.85,0.0,1.0,High overstock,MARKDOWN / CLEAR,0.0,151518.88
SKU03084,223.08352555995725,352.0,144.0,38.0,Grocery,114.28,73.5,0.0,0.5753054541510639,High overstock,MARKDOWN / CLEAR,0.0,9475.36
SKU03085,66.82311751298028,42.0,75.0,25.0,Frozen Foods,460.85,274.24,0.016526554216327094,0.0,Healthy,HEALTHY,0.0,0.0
SKU03086,67.63144334899957,197.0,151.0,52.0,Frozen Foods,410.21,254.69,0.0,1.0,High overstock,MARKDOWN / CLEAR,0.0,32948.88
SKU03087,61.308994519067866,236.0,128.0,54.0,Personal Care,330.63,214.82,0.0,1.0,High overstock,MARKDOWN / CLEAR,0.0,37527.12
SKU03088,1542.8810309454952,114.0,986.0,407.0,Stationery & Office,223.55,153.21,0.8563725709545088,0.0,High stockout,REORDER NOW,151727.91,0.0
SKU03089,61.731807937598546,7782.0,1745.0,589.0,Home & Kitchen,1571.55,1178.03,0.0,1.0,High overstock,MARKDOWN / CLEAR,0.0,9094707.54
SKU03090,63.34637542971495,7415.0,1695.0,630.0,Grocery,140.89,80.53,0.0,1.0,High overstock,MARKDOWN / CLEAR,0.0,592028.67
SKU03091,64.1904511080227,194.0,146.0,49.0,Snacks & Confectionery,90.07,59.47,0.0,1.0,High overstock,MARKDOWN / CLEAR,0.0,7719.77
SKU03092,66.4868683593797,78.0,34.0,14.0,Snacks & Confectionery,108.22,82.54,0.0,0.17059810183087482,Healthy,HEALTHY,0.0,950.29
SKU03093,62.364171661319354,307.0,128.0,45.0,Home & Kitchen,416.0,273.75,0.0,1.0,High overstock,MARKDOWN / CLEAR,0.0,66969.06
SKU03094,76.25406861207306,12.0,53.0,22.0,Frozen Foods,339.49,230.79,0.7147171512941604,0.0,High stockout,REORDER NOW,9866.77,0.0
SKU03095,69.97051859137997,174.0,140.0,60.0,Electronics & Accessories,1606.55,1196.32,0.0,1.0,High overstock,MARKDOWN / CLEAR,0.0,124452.55
SKU03096,70.03560998116365,292.0,231.0,93.0,Apparel & Footwear,1689.66,1230.45,0.0,1.0,High overstock,MARKDOWN / CLEAR,0.0,273116.08
SKU03097,70.28053403326805,393.0,410.0,154.0,Apparel & Footwear,1659.8,1124.51,0.0,1.0,High overstock,MARKDOWN / CLEAR,0.0,362901.27
SKU03098,78.90640585258541,3.0,67.0,14.0,Beverages,142.36,112.72,0.9136108955786026,0.0,High stockout,REORDER NOW,4374.24,0.0
SKU03099,62.95065208071053,187.0,168.0,55.0,Beverages,189.1,105.72,0.0,1.0,High overstock,MARKDOWN / CLEAR,0.0,13114.5
SKU03100,92.0412083647171,420.0,238.0,74.0,Personal Care,403.04,227.16,0.0,1.0,High overstock,MARKDOWN / CLEAR,0.0,74499.12
SKU03101,68.47027997046362,296.0,287.0,113.0,Personal Care,242.48,159.27,0.0,1.0,High overstock,MARKDOWN / CLEAR,0.0,36238.66
SKU03102,61.958050429390305,74.0,50.0,20.0,Electronics & Accessories,1334.54,786.66,0.0,0.1912694165159255,Healthy,HEALTHY,0.0,9472.92
SKU03103,75.16834233842489,223.0,77.0,24.0,Beverages,225.45,136.2,0.0,1.0,High overstock,MARKDOWN / CLEAR,0.0,20134.67
SKU03104,98.09496658144715,172.0,61.0,27.0,Personal Care,480.01,282.02,0.0,0.7458000740916498,High overstock,MARKDOWN / CLEAR,0.0,20842.7
SKU03105,64.19875356998548,7376.0,1621.0,529.0,Snacks & Confectionery,160.13,115.79,0.0,1.0,High overstock,MARKDOWN / CLEAR,0.0,846633.47
SKU03106,95.65534964187309,261.0,208.0,77.0,Snacks & Confectionery,127.35,83.45,0.0,1.0,High overstock,MARKDOWN / CLEAR,0.0,13798.01
SKU03107,92.33496244104964,207.0,139.0,32.0,Snacks & Confectionery,135.95,103.12,0.0,1.0,High overstock,MARKDOWN / CLEAR,0.0,11824.26
SKU03108,71.05558115272628,4577.0,982.0,334.0,Snacks & Confectionery,124.21,76.09,0.0,1.0,High overstock,MARKDOWN / CLEAR,0.0,342857.31
SKU03109,91.15283547071928,70.0,115.0,35.0,Frozen Foods,312.25,220.4,0.0,0.0,Healthy,HEALTHY,0.0,0.0
SKU03110,143.7451054354768,0.0,20.0,5.0,Personal Care,304.91,183.97,1.0,0.0,High stockout,REORDER NOW,12481.88,0.0
SKU03111,69.65176488861957,576.0,326.0,140.0,Home Care,546.67,302.65,0.0,1.0,High overstock,MARKDOWN / CLEAR,0.0,153246.29
SKU03112,68.58299560242445,859.0,397.0,131.0,Home Care,382.71,276.4,0.0,1.0,High overstock,MARKDOWN / CLEAR,0.0,218471.26
SKU03113,68.93849238052935,75.0,38.0,19.0,Electronics & Accessories,1211.82,710.59,0.0,0.08666912043929259,Healthy,HEALTHY,0.0,4307.25
SKU03114,63.41366862079215,50.0,45.0,15.0,Home & Kitchen,513.11,371.21,0.0,0.0,Healthy,HEALTHY,0.0,0.0
SKU03115,63.01078451677573,9759.0,2073.0,745.0,Frozen Foods,804.38,581.3,0.0,1.0,High overstock,MARKDOWN / CLEAR,0.0,5636278.53
SKU03116,67.45872373322523,12.0,84.0,41.0,Health & Wellness,804.33,576.73,0.7961426137075982,0.0,High stockout,REORDER NOW,36890.34,0.0
SKU03117,102.19669605378803,99.0,163.0,52.0,Electronics & Accessories,4755.47,3319.27,0.0,0.0,Healthy,HEALTHY,0.0,0.0
SKU03118,63.5473861085012,171.0,77.0,35.0,Electronics & Accessories,1561.39,1204.19,0.0,1.0,High overstock,MARKDOWN / CLEAR,0.0,129393.36
SKU03119,156.32284454573255,366.0,134.0,47.0,Beverages,37.56,21.37,0.0,1.0,High overstock,MARKDOWN / CLEAR,0.0,4480.8
SKU03120,70.64085624677429,7.0,37.0,17.0,Stationery & Office,188.39,147.5,0.8037028048152004,0.0,High stockout,REORDER NOW,5210.91,0.0
SKU03121,82.71063453447682,259.0,88.0,42.0,Beverages,50.11,28.39,0.0,1.0,High overstock,MARKDOWN / CLEAR,0.0,5004.86
SKU03122,68.04178368693273,106.0,161.0,39.0,Personal Care,263.85,177.79,0.0,0.549786148127159,High overstock,MARKDOWN / CLEAR,0.0,6748.59
SKU03123,78.01224836388208,247.0,96.0,42.0,Health & Wellness,356.02,277.98,0.0,1.0,High overstock,MARKDOWN / CLEAR,0.0,46975.22
SKU03124,62.399415782490735,227.0,220.0,56.0,Personal Care,428.6,264.55,0.0,1.0,High overstock,MARKDOWN / CLEAR,0.0,43545.08
SKU03125,65.2267671316944,331.0,223.0,76.0,Snacks & Confectionery,59.03,44.83,0.0,1.0,High overstock,MARKDOWN / CLEAR,0.0,11914.61
SKU03126,90.33957438499021,18.0,75.0,25.0,Stationery & Office,130.29,90.98,0.6295144711114438,0.0,High stockout,REORDER NOW,3854.62,0.0
SKU03127,61.22031284033929,41.0,50.0,15.0,Grocery,248.14,189.9,0.0,0.0,Healthy,HEALTHY,0.0,0.0
SKU03128,65.81154959723474,69.0,89.0,21.0,Snacks & Confectionery,58.56,32.92,0.0,0.04772304222827398,Healthy,HEALTHY,0.0,104.96
SKU03129,66.32226383652107,504.0,182.0,73.0,Stationery & Office,72.61,50.03,0.0,1.0,High overstock,MARKDOWN / CLEAR,0.0,21897.02
SKU03130,213.1692229775571,387.0,181.0,62.0,Electronics & Accessories,4194.16,2504.6,0.0,0.811651527729821,High overstock,MARKDOWN / CLEAR,0.0,435376.56
SKU03131,70.10645293720894,69.0,77.0,31.0,Beverages,51.77,28.71,0.0,0.0,Healthy,HEALTHY,0.0,0.0
SKU03132,102.4640445678456,237.0,172.0,65.0,Apparel & Footwear,1920.29,1386.91,0.0,1.0,High overstock,MARKDOWN / CLEAR,0.0,186589.26
SKU03133,296.3088779870356,199.0,164.0,44.0,Stationery & Office,262.89,193.86,0.0,0.0,Healthy,HEALTHY,0.0,0.0
SKU03134,315.4454397444031,170.0,125.0,44.0,Beverages,196.94,144.57,0.0,0.0,Healthy,HEALTHY,0.0,0.0
SKU03135,134.73731018005304,151.0,93.0,34.0,Personal Care,393.82,288.18,0.0,0.11981001979761348,Healthy,HEALTHY,0.0,4686.58
SKU03136,83.56526776452668,166.0,153.0,64.0,Home Care,224.84,168.63,0.0,0.9748060216046868,High overstock,MARKDOWN / CLEAR,0.0,13900.97
SKU03137,101.40558779299788,309.0,228.0,77.0,Beverages,165.23,110.27,0.0,1.0,High overstock,MARKDOWN / CLEAR,0.0,22891.44
SKU03138,150.16955581592023,203.0,83.0,23.0,Snacks & Confectionery,99.25,63.21,0.0,0.3494780671870969,Healthy,HEALTHY,0.0,3339.41
SKU03139,60.99606388486317,7277.0,1566.0,580.0,Snacks & Confectionery,39.88,29.62,0.0,1.0,High overstock,MARKDOWN / CLEAR,0.0,213738.04
SKU03140,96.57796314893103,229.0,177.0,72.0,Snacks & Confectionery,119.93,85.94,0.0,1.0,High overstock,MARKDOWN / CLEAR,0.0,11380.35
SKU03141,71.99281800581446,0.0,0.0,0.0,Personal Care,584.62,350.77,1.0,0.0,High stockout,REORDER NOW,10522.11,0.0
SKU03142,62.454502503564015,0.0,0.0,0.0,Home Care,315.7,207.99,1.0,0.0,High stockout,REORDER NOW,4929.22,0.0
SKU03143,68.82089362916362,190.0,134.0,45.0,Snacks & Confectionery,76.2,45.38,0.0,1.0,High overstock,MARKDOWN / CLEAR,0.0,5499.11
SKU03144,92.8403443103209,267.0,118.0,44.0,Dairy & Bakery,383.01,285.24,0.0,1.0,High overstock,MARKDOWN / CLEAR,0.0,49677.3
SKU03145,92.73231674078646,0.0,0.0,0.0,Snacks & Confectionery,47.44,29.02,1.0,0.0,High stockout,REORDER NOW,1099.81,0.0
SKU03146,117.68195299889297,343.0,157.0,67.0,Apparel & Footwear,1279.79,903.11,0.0,1.0,High overstock,MARKDOWN / CLEAR,0.0,203486.98
SKU03147,81.72398376355233,303.0,154.0,44.0,Snacks & Confectionery,151.39,111.1,0.0,1.0,High overstock,MARKDOWN / CLEAR,0.0,24583.77
SKU03148,61.41817554926533,47.0,52.0,16.0,Home & Kitchen,1814.77,1448.01,0.0,0.0,Healthy,HEALTHY,0.0,0.0
SKU03149,300.1678014448296,133.0,112.0,38.0,Frozen Foods,610.58,401.94,0.0,0.0,Healthy,HEALTHY,0.0,0.0
SKU03150,63.62144189512682,7072.0,1556.0,527.0,Apparel & Footwear,3570.59,2742.62,0.0,1.0,High overstock,MARKDOWN / CLEAR,0.0,19221319.2
SKU03151,62.68567600869331,0.0,0.0,0.0,Health & Wellness,331.86,237.64,1.0,0.0,High stockout,REORDER NOW,5200.72,0.0
SKU03152,64.3935140770025,5165.0,1376.0,501.0,Dairy & Bakery,87.77,48.46,0.0,1.0,High overstock,MARKDOWN / CLEAR,0.0,247175.39
SKU03153,112.25354003886795,4.0,20.0,8.0,Health & Wellness,315.02,204.08,0.8920767760702022,0.0,High stockout,REORDER NOW,10100.61,0.0
SKU03154,181.1102571455204,170.0,207.0,78.0,Dairy & Bakery,110.82,71.87,0.0,0.0,Healthy,HEALTHY,0.0,0.0
SKU03155,70.33339211943483,130.0,56.0,15.0,Beverages,124.9,72.43,0.0,0.8364470847070367,High overstock,MARKDOWN / CLEAR,0.0,4321.65
SKU03156,67.24780849404097,608.0,312.0,131.0,Dairy & Bakery,200.11,131.93,0.0,1.0,High overstock,MARKDOWN / CLEAR,0.0,71341.44
SKU03157,69.82474800590295,0.0,0.0,0.0,Dairy & Bakery,167.25,96.86,1.0,0.0,High stockout,REORDER NOW,2919.55,0.0
SKU03158,66.89841444789829,0.0,0.0,0.0,Beverages,100.01,75.89,1.0,0.0,High stockout,REORDER NOW,1672.63,0.0
SKU03159,189.6151081001295,136.0,122.0,41.0,Grocery,134.99,86.46,0.0,0.0,Healthy,HEALTHY,0.0,0.0
SKU03160,97.24461516640228,41.0,65.0,21.0,Stationery & Office,254.64,151.71,0.11468411725392713,0.0,Healthy,HEALTHY,1097.79,0.0
SKU03161,63.44711405139294,145.0,181.0,48.0,Frozen Foods,223.8,156.76,0.0,1.0,High overstock,MARKDOWN / CLEAR,0.0,12784.23
SKU03162,109.2699176679393,216.0,100.0,40.0,Personal Care,365.6,279.46,0.0,0.9678984494525673,High overstock,MARKDOWN / CLEAR,0.0,29826.79
SKU03163,63.17240287536673,83.0,102.0,32.0,Stationery & Office,301.01,235.91,0.0,0.3089738927672959,Healthy,HEALTHY,0.0,4677.53
SKU03164,65.0368619233737,345.0,211.0,84.0,Snacks & Confectionery,55.88,43.23,0.0,1.0,High overstock,MARKDOWN / CLEAR,0.0,12102.81
SKU03165,61.474667720735646,179.0,66.0,20.0,Personal Care,319.76,246.38,0.0,1.0,High overstock,MARKDOWN / CLEAR,0.0,28955.89
SKU03166,181.57097465829492,234.0,102.0,39.0,Home & Kitchen,333.83,212.65,0.0,0.2871706493314874,Healthy,HEALTHY,0.0,11149.03
SKU03167,84.61573019048748,159.0,60.0,17.0,Health & Wellness,1255.71,849.31,0.0,0.8688154576736546,High overstock,MARKDOWN / CLEAR,0.0,63175.3
SKU03168,181.64383483604962,616.0,285.0,109.0,Personal Care,171.75,110.41,0.0,1.0,High overstock,MARKDOWN / CLEAR,0.0,47957.26
SKU03169,116.42550400384572,27.0,39.0,15.0,Dairy & Bakery,347.71,271.41,0.40141500174111744,0.0,Healthy,HEALTHY,5948.06,0.0
SKU03170,80.917469577907,71.0,91.0,45.0,Grocery,324.84,186.2,0.0,0.0,Healthy,HEALTHY,0.0,0.0
SKU03171,394.27585033628793,70.0,1111.0,415.0,Beverages,144.79,99.7,0.8639638122585693,0.0,High stockout,REORDER NOW,64224.35,0.0
SKU03172,165.1599577776746,600.0,283.0,94.0,Beverages,96.27,58.89,0.0,1.0,High overstock,MARKDOWN / CLEAR,0.0,25607.73
SKU03173,62.64301177101119,5479.0,1195.0,405.0,Apparel & Footwear,1889.92,1441.24,0.0,1.0,High overstock,MARKDOWN / CLEAR,0.0,7806270.35
SKU03174,165.04894022242195,117.0,57.0,23.0,Health & Wellness,1052.39,668.06,0.0,0.0,Healthy,HEALTHY,0.0,0.0
SKU03175,114.9168007849174,25.0,66.0,30.0,Home Care,160.68,123.07,0.5814442530978637,0.0,High stockout,REORDER NOW,5419.61,0.0
SKU03176,125.22642142551439,0.0,0.0,0.0,Apparel & Footwear,1236.65,967.07,1.0,0.0,High stockout,REORDER NOW,38715.31,0.0
SKU03177,61.124704337764605,5510.0,1279.0,468.0,Beverages,60.33,35.78,0.0,1.0,High overstock,MARKDOWN / CLEAR,0.0,194960.76
SKU03178,94.16530362153026,169.0,62.0,15.0,Snacks & Confectionery,141.29,104.35,0.0,0.7863653404195002,High overstock,MARKDOWN / CLEAR,0.0,7809.0
SKU03179,64.86007983187659,5814.0,1353.0,521.0,Personal Care,294.42,187.69,0.0,1.0,High overstock,MARKDOWN / CLEAR,0.0,1079056.07
SKU03180,98.55141586135215,256.0,134.0,47.0,Stationery & Office,355.01,231.05,0.0,1.0,High overstock,MARKDOWN / CLEAR,0.0,36378.5
SKU03181,97.56998437524891,7.0,65.0,17.0,Health & Wellness,500.79,309.79,0.8348764369875887,0.0,High stockout,REORDER NOW,17223.42,0.0
SKU03182,84.1226152324892,354.0,175.0,63.0,Home & Kitchen,857.46,603.79,0.0,1.0,High overstock,MARKDOWN / CLEAR,0.0,162949.27
SKU03183,78.25388250681506,47.0,65.0,32.0,Snacks & Confectionery,204.79,130.2,0.10584290878002556,0.0,Healthy,HEALTHY,934.55,0.0
SKU03184,61.894238735656295,335.0,233.0,81.0,Home & Kitchen,1264.26,929.43,0.0,1.0,High overstock,MARKDOWN / CLEAR,0.0,253832.69
SKU03185,62.544915174747686,254.0,137.0,44.0,Grocery,329.11,245.06,0.0,1.0,High overstock,MARKDOWN / CLEAR,0.0,46917.98
SKU03186,61.957840562280765,228.0,194.0,82.0,Snacks & Confectionery,66.0,42.82,0.0,1.0,High overstock,MARKDOWN / CLEAR,0.0,7109.93
SKU03187,81.17387710472835,279.0,94.0,31.0,Frozen Foods,538.03,296.55,0.0,1.0,High overstock,MARKDOWN / CLEAR,0.0,58665.34
SKU03188,67.6334361905805,254.0,95.0,28.0,Grocery,482.57,273.39,0.0,1.0,High overstock,MARKDOWN / CLEAR,0.0,50950.75
SKU03189,77.99887726992282,88.0,44.0,16.0,Home & Kitchen,300.85,186.06,0.0,0.12659828944030962,Healthy,HEALTHY,0.0,1860.81
SKU03190,181.3375069521377,423.0,292.0,90.0,Home & Kitchen,1003.94,791.57,0.0,1.0,High overstock,MARKDOWN / CLEAR,0.0,191292.78
SKU03191,69.16707834721643,0.0,0.0,0.0,Frozen Foods,417.04,270.43,1.0,0.0,High stockout,REORDER NOW,7211.36,0.0
SKU03192,70.24938372957386,5974.0,1336.0,469.0,Dairy & Bakery,285.92,210.45,0.0,1.0,High overstock,MARKDOWN / CLEAR,0.0,1242444.32
SKU03193,389.58365071438243,281.0,197.0,71.0,Beverages,259.16,203.19,0.0,0.0,Healthy,HEALTHY,0.0,0.0
SKU03194,195.62038295853915,217.0,101.0,31.0,Health & Wellness,649.38,412.63,0.0,0.10873550707084684,Healthy,HEALTHY,0.0,8821.87
SKU03195,99.50920784340069,0.0,0.0,0.0,Frozen Foods,610.08,421.15,1.0,0.0,High stockout,REORDER NOW,15177.14,0.0
SKU03196,246.69310930465957,76.0,31.0,14.0,Apparel & Footwear,837.3,638.93,0.00878112100648576,0.0,Healthy,HEALTHY,0.0,0.0
SKU03197,89.42294386433254,274.0,216.0,79.0,Health & Wellness,516.84,363.7,0.0,1.0,High overstock,MARKDOWN / CLEAR,0.0,67130.68
SKU03198,151.6694811836328,27.0,61.0,18.0,Beverages,128.85,74.48,0.5256281191553743,0.0,High stockout,REORDER NOW,3726.0,0.0
SKU03199,381.4532047524246,0.0,1207.0,398.0,Beverages,78.08,57.97,1.0,0.0,High stockout,REORDER NOW,38521.81,0.0
SKU03200,79.49226499703319,325.0,160.0,53.0,Apparel & Footwear,2207.48,1713.06,0.0,1.0,High overstock,MARKDOWN / CLEAR,0.0,420569.48
SKU03201,99.51576715356039,94.0,116.0,32.0,Beverages,107.6,79.86,0.0,0.0,Healthy,HEALTHY,0.0,0.0
SKU03202,73.82125460321362,325.0,193.0,71.0,Stationery & Office,144.15,106.4,0.0,1.0,High overstock,MARKDOWN / CLEAR,0.0,26725.42
SKU03203,183.39827017300126,162.0,143.0,43.0,Beverages,182.62,134.94,0.0,0.0,Healthy,HEALTHY,0.0,0.0
SKU03204,94.51320959675132,183.0,201.0,90.0,Electronics & Accessories,1690.3,1188.51,0.0,0.9264351054354932,High overstock,MARKDOWN / CLEAR,0.0,105167.44
SKU03205,82.47632645806905,44.0,129.0,37.0,Stationery & Office,57.49,35.18,0.24939117454369641,0.0,Healthy,HEALTHY,782.96,0.0
SKU03206,106.54746673865719,242.0,266.0,101.0,Home Care,293.85,228.53,0.0,1.0,High overstock,MARKDOWN / CLEAR,0.0,30954.97
SKU03207,164.48642154057958,125.0,120.0,34.0,Grocery,196.37,114.33,0.0,0.0,Healthy,HEALTHY,0.0,0.0
SKU03208,107.8346340426969,600.0,253.0,85.0,Home & Kitchen,1141.07,863.59,0.0,1.0,High overstock,MARKDOWN / CLEAR,0.0,425029.09
SKU03209,146.894164148095,190.0,76.0,28.0,Snacks & Confectionery,76.6,49.01,0.0,0.29146407568009663,Healthy,HEALTHY,0.0,2112.62
SKU03210,64.10656314472776,5438.0,1187.0,475.0,Frozen Foods,1127.93,810.37,0.0,1.0,High overstock,MARKDOWN / CLEAR,0.0,4354842.02
SKU03211,64.85151285403208,154.0,105.0,28.0,Stationery & Office,133.34,100.17,0.0,1.0,High overstock,MARKDOWN / CLEAR,0.0,8930.0
SKU03212,81.43294277469957,146.0,72.0,30.0,Electronics & Accessories,1989.37,1491.33,0.0,0.7832676482479943,High overstock,MARKDOWN / CLEAR,0.0,96290.79
SKU03213,322.31010900992453,179.0,201.0,79.0,Grocery,226.59,133.75,0.0,0.0,Healthy,HEALTHY,0.0,0.0
SKU03214,93.53551465169681,313.0,196.0,64.0,Apparel & Footwear,1764.51,1239.97,0.0,1.0,High overstock,MARKDOWN / CLEAR,0.0,272129.38
SKU03215,84.70202987608357,300.0,155.0,60.0,Beverages,169.43,102.27,0.0,1.0,High overstock,MARKDOWN / CLEAR,0.0,22018.52
SKU03216,68.31084921756648,122.0,72.0,28.0,Electronics & Accessories,2157.51,1247.1,0.0,0.7746139513296609,High overstock,MARKDOWN / CLEAR,0.0,66955.74
SKU03217,207.5050263613795,0.0,0.0,0.0,Health & Wellness,683.2,463.48,1.0,0.0,High stockout,REORDER NOW,35441.86,0.0
SKU03218,71.4234459105788,129.0,154.0,58.0,Dairy & Bakery,177.98,141.83,0.0,0.7949988206928311,High overstock,MARKDOWN / CLEAR,0.0,8166.08
SKU03219,110.80969331250941,11.0,24.0,9.0,Home Care,139.02,110.58,0.70824156568754,0.0,High stockout,REORDER NOW,3573.15,0.0
SKU03220,64.32453497430657,5440.0,1308.0,431.0,Beverages,83.11,57.62,0.0,1.0,High overstock,MARKDOWN / CLEAR,0.0,309746.42
SKU03221,76.58561504746939,99.0,48.0,18.0,Stationery & Office,117.16,87.05,0.0,0.28889872096543623,Healthy,HEALTHY,0.0,1951.17
SKU03222,62.21541579166048,522.0,350.0,141.0,Snacks & Confectionery,61.79,37.84,0.0,1.0,High overstock,MARKDOWN / CLEAR,0.0,17398.25
SKU03223,83.4331522249577,323.0,230.0,92.0,Dairy & Bakery,207.4,125.7,0.0,1.0,High overstock,MARKDOWN / CLEAR,0.0,30113.55
SKU03224,63.11756800892496,14.0,25.0,7.0,Frozen Foods,318.78,231.64,0.4112549219640953,0.0,Healthy,HEALTHY,2798.69,0.0
SKU03225,92.57129472764889,0.0,0.0,0.0,Electronics & Accessories,1644.59,1227.69,1.0,0.0,High stockout,REORDER NOW,38060.46,0.0
SKU03226,86.49776306622138,0.0,0.0,0.0,Frozen Foods,375.15,275.91,1.0,0.0,High stockout,REORDER NOW,8112.41,0.0
SKU03227,73.52949922274823,253.0,290.0,105.0,Frozen Foods,383.56,220.98,0.0,1.0,High overstock,MARKDOWN / CLEAR,0.0,39659.39
SKU03228,171.57171998521906,270.0,122.0,44.0,Frozen Foods,398.21,254.48,0.0,0.5703615866099696,High overstock,MARKDOWN / CLEAR,0.0,25048.03
SKU03229,64.53925951593752,231.0,190.0,62.0,Home & Kitchen,1284.76,720.81,0.0,1.0,High overstock,MARKDOWN / CLEAR,0.0,119986.57
SKU03230,64.46588556244936,0.0,0.0,0.0,Personal Care,622.02,464.36,1.0,0.0,High stockout,REORDER NOW,10024.77,0.0
SKU03231,68.71285945354589,219.0,141.0,39.0,Apparel & Footwear,1705.55,1070.98,0.0,1.0,High overstock,MARKDOWN / CLEAR,0.0,160954.52
SKU03232,309.74144807755914,41.0,69.0,23.0,Apparel & Footwear,2223.84,1462.03,0.5958017087555454,0.0,High stockout,REORDER NOW,132174.74,0.0
SKU03233,208.5467975070595,304.0,299.0,98.0,Stationery & Office,334.11,232.11,0.0,0.4555221250266292,Healthy,HEALTHY,0.0,22155.64
SKU03234,91.21013769175704,364.0,227.0,77.0,Home & Kitchen,769.12,423.12,0.0,1.0,High overstock,MARKDOWN / CLEAR,0.0,115422.85
SKU03235,62.10689358897086,7099.0,1629.0,527.0,Apparel & Footwear,1648.55,1052.65,0.0,1.0,High overstock,MARKDOWN / CLEAR,0.0,7407385.53
SKU03236,68.10343184136205,130.0,216.0,83.0,Snacks & Confectionery,160.9,117.75,0.0,0.895709033680576,High overstock,MARKDOWN / CLEAR,0.0,7288.32
SKU03237,71.5329807394292,202.0,258.0,83.0,Apparel & Footwear,1413.17,878.31,0.0,1.0,High overstock,MARKDOWN / CLEAR,0.0,114590.49
SKU03238,73.7329423848365,159.0,129.0,42.0,Electronics & Accessories,1110.29,769.01,0.0,1.0,High overstock,MARKDOWN / CLEAR,0.0,65571.22
SKU03239,62.39780998043207,147.0,220.0,65.0,Dairy & Bakery,165.27,131.27,0.0,1.0,High overstock,MARKDOWN / CLEAR,0.0,11105.73
SKU03240,188.46225797559822,351.0,213.0,73.0,Electronics & Accessories,1042.33,604.07,0.0,0.8578898180625284,High overstock,MARKDOWN / CLEAR,0.0,98184.17
SKU03241,67.01885380515198,281.0,227.0,73.0,Dairy & Bakery,112.19,69.23,0.0,1.0,High overstock,MARKDOWN / CLEAR,0.0,14813.91
SKU03242,193.1194627633044,271.0,108.0,46.0,Frozen Foods,245.93,177.31,0.0,0.40119901491617893,Healthy,HEALTHY,0.0,13809.0
SKU03243,80.97932002848935,10.0,64.0,24.0,Apparel & Footwear,1144.93,800.99,0.7789802724769698,0.0,High stockout,REORDER NOW,39207.93,0.0
SKU03244,70.02455776347298,2.0,43.0,9.0,Snacks & Confectionery,116.8,92.8,0.9272889601865237,0.0,High stockout,REORDER NOW,2862.32,0.0
SKU03245,66.73969393632585,68.0,66.0,13.0,Personal Care,388.05,216.78,0.0,0.018605133717592766,Healthy,HEALTHY,0.0,273.21
SKU03246,256.1403039006701,64.0,38.0,14.0,Apparel & Footwear,2508.18,1930.04,0.1902329540353891,0.0,Healthy,HEALTHY,35202.5,0.0
SKU03247,82.37445816302758,125.0,119.0,46.0,Home Care,300.98,202.3,0.0,0.5112541991412272,High overstock,MARKDOWN / CLEAR,0.0,8623.15
SKU03248,62.26725810212077,493.0,266.0,88.0,Stationery & Office,165.37,100.33,0.0,1.0,High overstock,MARKDOWN / CLEAR,0.0,43215.42
SKU03249,61.88862739774886,117.0,128.0,50.0,Grocery,442.88,299.32,0.0,0.8763328901057218,High overstock,MARKDOWN / CLEAR,0.0,16495.94
SKU03250,65.88253060280299,194.0,168.0,46.0,Electronics & Accessories,972.67,635.2,0.0,1.0,High overstock,MARKDOWN / CLEAR,0.0,81380.22
SKU03251,62.28236629915121,4674.0,1086.0,350.0,Apparel & Footwear,2046.55,1217.36,0.0,1.0,High overstock,MARKDOWN / CLEAR,0.0,5614120.58
SKU03252,89.4672371008998,139.0,53.0,19.0,Stationery & Office,478.33,289.32,0.0,0.5475215612460387,High overstock,MARKDOWN / CLEAR,0.0,14330.82
SKU03253,72.09868886946735,0.0,0.0,0.0,Beverages,94.95,59.06,1.0,0.0,High stockout,REORDER NOW,1711.44,0.0
SKU03254,66.12161752709225,7464.0,1654.0,599.0,Stationery & Office,196.07,134.91,0.0,1.0,High overstock,MARKDOWN / CLEAR,0.0,998047.77
SKU03255,89.83057264878916,436.0,196.0,77.0,Personal Care,402.87,229.95,0.0,1.0,High overstock,MARKDOWN / CLEAR,0.0,79601.66
SKU03256,69.07525978555132,114.0,41.0,16.0,Personal Care,454.99,260.35,0.0,0.641092738748742,High overstock,MARKDOWN / CLEAR,0.0,11696.16
SKU03257,61.985425426777695,8338.0,1752.0,666.0,Personal Care,358.81,227.1,0.0,1.0,High overstock,MARKDOWN / CLEAR,0.0,1879482.91
SKU03258,61.90425456678793,8.0,45.0,11.0,Health & Wellness,1275.38,926.98,0.7088374774376559,0.0,High stockout,REORDER NOW,23564.0,0.0
SKU03259,475.87621618550514,103.0,914.0,286.0,Health & Wellness,602.04,478.37,0.7462860802482898,0.0,High stockout,REORDER NOW,181797.45,0.0
SKU03260,102.50635002206864,52.0,33.0,16.0,Home Care,199.9,110.54,0.0,0.0,Healthy,HEALTHY,0.0,0.0
SKU03261,63.63758537832304,143.0,187.0,68.0,Grocery,92.36,73.25,0.0,1.0,High overstock,MARKDOWN / CLEAR,0.0,5813.3
SKU03262,63.912860210353195,160.0,192.0,52.0,Stationery & Office,239.42,172.74,0.0,1.0,High overstock,MARKDOWN / CLEAR,0.0,16598.09
SKU03263,76.6853873591241,156.0,145.0,49.0,Snacks & Confectionery,74.64,57.86,0.0,1.0,High overstock,MARKDOWN / CLEAR,0.0,4589.14
SKU03264,98.43727570569388,234.0,92.0,37.0,Beverages,225.45,154.23,0.0,1.0,High overstock,MARKDOWN / CLEAR,0.0,20907.84
SKU03265,75.8398992720136,70.0,115.0,38.0,Health & Wellness,616.83,410.65,0.0,0.0,Healthy,HEALTHY,0.0,0.0
SKU03266,61.336007288527306,7895.0,1685.0,666.0,Personal Care,419.02,312.71,0.0,1.0,High overstock,MARKDOWN / CLEAR,0.0,2449665.07
SKU03267,68.76200988851828,328.0,178.0,82.0,Health & Wellness,216.74,149.07,0.0,1.0,High overstock,MARKDOWN / CLEAR,0.0,38644.61
SKU03268,88.9806925917877,145.0,77.0,27.0,Home & Kitchen,734.99,569.13,0.0,0.6225703069696646,High overstock,MARKDOWN / CLEAR,0.0,31882.27
SKU03269,61.09541641088465,68.0,86.0,22.0,Beverages,147.74,114.24,0.0,0.11119312806323413,Healthy,HEALTHY,0.0,788.78
SKU03270,74.78709827482312,42.0,130.0,32.0,Dairy & Bakery,147.5,100.69,0.18757020432326243,0.0,Healthy,HEALTHY,1282.77,0.0
SKU03271,173.23891201045177,407.0,249.0,107.0,Frozen Foods,587.02,407.06,0.0,1.0,High overstock,MARKDOWN / CLEAR,0.0,95154.79
SKU03272,62.113390117020515,0.0,0.0,0.0,Apparel & Footwear,857.58,569.49,1.0,0.0,High stockout,REORDER NOW,13316.8,0.0
SKU03273,62.497534807832345,284.0,108.0,27.0,Health & Wellness,1262.9,912.26,0.0,1.0,High overstock,MARKDOWN / CLEAR,0.0,202067.84
SKU03274,464.1229660212589,164.0,1015.0,359.0,Personal Care,156.95,113.1,0.6554844347207585,0.0,High stockout,REORDER NOW,48816.27,0.0
SKU03275,90.32093148540066,188.0,158.0,54.0,Health & Wellness,849.13,605.13,0.0,1.0,High overstock,MARKDOWN / CLEAR,0.0,59108.53
SKU03276,208.90087848728876,230.0,110.0,43.0,Stationery & Office,273.21,154.52,0.0,0.10051945310933495,Healthy,HEALTHY,0.0,3260.24
SKU03277,62.88953285542258,4910.0,1123.0,393.0,Home Care,224.28,177.38,0.0,1.0,High overstock,MARKDOWN / CLEAR,0.0,859780.45
SKU03278,70.73235369645391,17.0,24.0,10.0,Home & Kitchen,1619.2,1026.41,0.40731626425178347,0.0,Healthy,HEALTHY,17298.06,0.0
SKU03279,69.57951980926828,244.0,166.0,57.0,Apparel & Footwear,1970.77,1205.23,0.0,1.0,High overstock,MARKDOWN / CLEAR,0.0,210216.8
SKU03280,81.86063942196996,0.0,0.0,0.0,Dairy & Bakery,211.26,127.34,1.0,0.0,High stockout,REORDER NOW,4323.47,0.0
SKU03281,61.758502316938944,423.0,286.0,88.0,Snacks & Confectionery,170.76,96.88,0.0,1.0,High overstock,MARKDOWN / CLEAR,0.0,34997.08
SKU03282,111.00117052320702,45.0,27.0,13.0,Apparel & Footwear,1550.85,1030.17,0.0,0.0,Healthy,HEALTHY,0.0,0.0
SKU03283,63.475109575603675,269.0,165.0,45.0,Snacks & Confectionery,93.64,52.48,0.0,1.0,High overstock,MARKDOWN / CLEAR,0.0,10785.95
SKU03284,63.18687580867526,3557.0,839.0,327.0,Personal Care,248.67,146.77,0.0,1.0,High overstock,MARKDOWN / CLEAR,0.0,512786.95
SKU03285,187.95307359400954,188.0,81.0,22.0,Snacks & Confectionery,61.67,34.0,0.0,0.0002483495245559713,Healthy,HEALTHY,0.0,1.6
SKU03286,63.05562539244928,3833.0,938.0,311.0,Health & Wellness,731.23,434.11,0.0,1.0,High overstock,MARKDOWN / CLEAR,0.0,1636570.55
SKU03287,92.53533604969527,295.0,138.0,38.0,Dairy & Bakery,160.51,128.22,0.0,1.0,High overstock,MARKDOWN / CLEAR,0.0,25960.02
SKU03288,88.26235875109802,91.0,56.0,14.0,Health & Wellness,1290.49,884.45,0.0,0.030669604603836487,Healthy,HEALTHY,0.0,2421.31
SKU03289,76.57911000539504,0.0,0.0,0.0,Stationery & Office,47.01,26.64,1.0,0.0,High stockout,REORDER NOW,900.0,0.0
SKU03290,60.9028169209107,196.0,185.0,75.0,Apparel & Footwear,1672.77,1155.95,0.0,1.0,High overstock,MARKDOWN / CLEAR,0.0,156165.59
SKU03291,63.09792633972119,3880.0,852.0,315.0,Stationery & Office,28.88,20.22,0.0,1.0,High overstock,MARKDOWN / CLEAR,0.0,77177.76
SKU03292,6332.734626760068,369.0,887.0,345.0,Grocery,164.03,112.68,0.8087273864671293,0.0,High stockout,REORDER NOW,255752.9,0.0
SKU03293,67.11171781954765,0.0,0.0,0.0,Home Care,274.48,174.02,1.0,0.0,High stockout,REORDER NOW,4605.21,0.0
SKU03294,65.55177682722717,347.0,169.0,69.0,Snacks & Confectionery,96.06,68.62,0.0,1.0,High overstock,MARKDOWN / CLEAR,0.0,19312.98
SKU03295,78.25897300594927,4460.0,993.0,352.0,Stationery & Office,106.45,62.34,0.0,1.0,High overstock,MARKDOWN / CLEAR,0.0,273157.74
SKU03296,62.0889905316243,0.0,0.0,0.0,Electronics & Accessories,3683.62,2228.19,1.0,0.0,High stockout,REORDER NOW,57178.06,0.0
SKU03297,87.53951201299827,385.0,176.0,74.0,Dairy & Bakery,185.56,148.2,0.0,1.0,High overstock,MARKDOWN / CLEAR,0.0,44083.64
SKU03298,69.74586137202171,447.0,196.0,63.0,Frozen Foods,380.92,249.08,0.0,1.0,High overstock,MARKDOWN / CLEAR,0.0,93966.46
SKU03299,98.38680372720225,189.0,109.0,47.0,Health & Wellness,1035.55,607.81,0.0,0.9117226118018005,High overstock,MARKDOWN / CLEAR,0.0,55075.61
SKU03300,69.24301778158318,251.0,138.0,56.0,Home Care,279.78,169.06,0.0,1.0,High overstock,MARKDOWN / CLEAR,0.0,30727.84
SKU03301,60.902982101762724,230.0,146.0,54.0,Home Care,296.26,216.58,0.0,1.0,High overstock,MARKDOWN / CLEAR,0.0,36623.03
SKU03302,233.1993905388735,640.0,395.0,158.0,Grocery,426.07,246.72,0.0,1.0,High overstock,MARKDOWN / CLEAR,0.0,100365.85
SKU03303,82.66698677542021,259.0,95.0,45.0,Home Care,240.49,153.55,0.0,1.0,High overstock,MARKDOWN / CLEAR,0.0,27075.93
SKU03304,72.1548409764903,169.0,116.0,49.0,Personal Care,305.66,193.21,0.0,1.0,High overstock,MARKDOWN / CLEAR,0.0,18711.45
SKU03305,65.18113968527273,137.0,103.0,29.0,Apparel & Footwear,1428.81,867.28,0.0,1.0,High overstock,MARKDOWN / CLEAR,0.0,62287.06
SKU03306,84.62988776694725,293.0,152.0,56.0,Home & Kitchen,1549.76,1037.11,0.0,1.0,High overstock,MARKDOWN / CLEAR,0.0,216102.73
SKU03307,83.95011146090711,85.0,121.0,43.0,Apparel & Footwear,732.34,422.95,0.0,0.012358883596945426,Healthy,HEALTHY,0.0,444.05
SKU03308,62.69675051906914,174.0,150.0,55.0,Grocery,274.59,182.37,0.0,1.0,High overstock,MARKDOWN / CLEAR,0.0,20298.37
SKU03309,141.28118162411567,99.0,119.0,52.0,Home & Kitchen,983.01,548.67,0.0,0.0,Healthy,HEALTHY,0.0,0.0
SKU03310,69.46795324906013,234.0,80.0,32.0,Personal Care,724.69,574.38,0.0,1.0,High overstock,MARKDOWN / CLEAR,0.0,94503.92
SKU03311,68.41514519124127,6242.0,1439.0,532.0,Personal Care,320.36,224.64,0.0,1.0,High overstock,MARKDOWN / CLEAR,0.0,1386834.1
SKU03312,72.77749485812652,337.0,194.0,70.0,Stationery & Office,229.18,130.35,0.0,1.0,High overstock,MARKDOWN / CLEAR,0.0,34441.4
SKU03313,90.13985127455999,526.0,348.0,105.0,Home & Kitchen,322.08,192.5,0.0,1.0,High overstock,MARKDOWN / CLEAR,0.0,83903.08
SKU03314,61.98049125953684,748.0,346.0,121.0,Grocery,199.25,146.27,0.0,1.0,High overstock,MARKDOWN / CLEAR,0.0,100344.07
SKU03315,61.365457053425715,175.0,65.0,26.0,Personal Care,283.47,207.76,0.0,1.0,High overstock,MARKDOWN / CLEAR,0.0,23608.71
SKU03316,60.902982101762724,1.0,34.0,15.0,Electronics & Accessories,1032.58,662.14,0.9679751441263342,0.0,High stockout,REORDER NOW,30177.92,0.0
SKU03317,63.1027704918651,187.0,100.0,41.0,Frozen Foods,498.63,292.75,0.0,1.0,High overstock,MARKDOWN / CLEAR,0.0,36270.91
SKU03318,86.16922861130969,345.0,167.0,66.0,Dairy & Bakery,348.98,238.7,0.0,1.0,High overstock,MARKDOWN / CLEAR,0.0,61782.91
SKU03319,124.7105353617494,62.0,33.0,12.0,Frozen Foods,397.04,245.81,0.0,0.0,Healthy,HEALTHY,0.0,0.0
SKU03320,61.06303992414307,5726.0,1258.0,432.0,Home & Kitchen,626.69,359.85,0.0,1.0,High overstock,MARKDOWN / CLEAR,0.0,2038527.57
SKU03321,64.12097818060198,201.0,163.0,57.0,Snacks & Confectionery,86.3,54.93,0.0,1.0,High overstock,MARKDOWN / CLEAR,0.0,7518.76
SKU03322,93.61861079692937,199.0,124.0,43.0,Electronics & Accessories,3565.54,2630.49,0.0,1.0,High overstock,MARKDOWN / CLEAR,0.0,277204.69
SKU03323,632.759153467281,151.0,1033.0,304.0,Electronics & Accessories,3001.52,1916.58,0.673999721512823,0.0,High stockout,REORDER NOW,934042.37,0.0
SKU03324,84.73754528220839,96.0,139.0,43.0,Home & Kitchen,1776.24,995.04,0.0,0.13135965907025698,Healthy,HEALTHY,0.0,11206.59
SKU03325,121.07658775800603,191.0,109.0,49.0,Dairy & Bakery,62.69,36.37,0.0,0.5727831480726185,High overstock,MARKDOWN / CLEAR,0.0,2543.11
SKU03326,62.269573180150175,15.0,46.0,18.0,Snacks & Confectionery,42.13,29.45,0.5660650523465018,0.0,High stockout,REORDER NOW,782.24,0.0
SKU03327,93.07186467331799,354.0,154.0,53.0,Frozen Foods,1118.06,760.88,0.0,1.0,High overstock,MARKDOWN / CLEAR,0.0,198535.0
SKU03328,151.44575559779497,279.0,144.0,56.0,Frozen Foods,617.66,443.92,0.0,0.8367188965151485,High overstock,MARKDOWN / CLEAR,0.0,56623.88
SKU03329,61.67396193853244,263.0,190.0,75.0,Personal Care,357.82,247.95,0.0,1.0,High overstock,MARKDOWN / CLEAR,0.0,49918.79
SKU03330,64.54226605405925,93.0,51.0,25.0,Apparel & Footwear,1155.58,779.22,0.0,0.4341890456223898,Healthy,HEALTHY,0.0,22174.84
SKU03331,97.92450609756064,0.0,0.0,0.0,Apparel & Footwear,1582.87,1058.59,1.0,0.0,High stockout,REORDER NOW,38750.44,0.0
SKU03332,67.68357071550288,423.0,226.0,80.0,Snacks & Confectionery,37.58,29.7,0.0,1.0,High overstock,MARKDOWN / CLEAR,0.0,10552.9
SKU03333,62.06419368591709,27.0,48.0,17.0,Apparel & Footwear,1220.63,934.48,0.19441577179794745,0.0,Healthy,HEALTHY,6733.05,0.0
SKU03334,83.26084812244534,274.0,221.0,82.0,Snacks & Confectionery,42.39,27.37,0.0,1.0,High overstock,MARKDOWN / CLEAR,0.0,5220.53
SKU03335,62.6470416812635,193.0,156.0,45.0,Personal Care,401.36,286.32,0.0,1.0,High overstock,MARKDOWN / CLEAR,0.0,37322.66
SKU03336,61.43163368222705,0.0,0.0,0.0,Grocery,114.85,63.75,1.0,0.0,High stockout,REORDER NOW,1763.86,0.0
SKU03337,102.49034942803749,357.0,134.0,42.0,Personal Care,501.41,278.4,0.0,1.0,High overstock,MARKDOWN / CLEAR,0.0,70855.49
SKU03338,62.34104905918164,289.0,276.0,107.0,Stationery & Office,154.69,97.4,0.0,1.0,High overstock,MARKDOWN / CLEAR,0.0,22076.58
SKU03339,122.52888715385296,157.0,71.0,28.0,Home Care,89.68,66.25,0.0,0.2790530509937639,Healthy,HEALTHY,0.0,2283.71
SKU03340,174.23137542074065,14.0,27.0,12.0,Electronics & Accessories,2111.32,1649.71,0.7524658111817943,0.0,High stockout,REORDER NOW,87741.91,0.0
SKU03341,122.69921359402875,187.0,100.0,28.0,Beverages,163.6,117.91,0.0,0.5198156442368458,High overstock,MARKDOWN / CLEAR,0.0,7581.71
SKU03342,71.31065537887267,299.0,121.0,39.0,Health & Wellness,445.26,323.52,0.0,1.0,High overstock,MARKDOWN / CLEAR,0.0,73662.06
SKU03343,76.7884837087515,136.0,68.0,26.0,Personal Care,294.71,164.46,0.0,0.7611861482342659,High overstock,MARKDOWN / CLEAR,0.0,9737.93
SKU03344,71.96969013855858,0.0,0.0,0.0,Electronics & Accessories,941.86,737.04,1.0,0.0,High stockout,REORDER NOW,16946.34,0.0
SKU03345,66.5222881998721,0.0,0.0,0.0,Stationery & Office,132.54,75.77,1.0,0.0,High stockout,REORDER NOW,2204.22,0.0
SKU03346,77.50524051016897,231.0,96.0,48.0,Frozen Foods,612.84,482.14,0.0,1.0,High overstock,MARKDOWN / CLEAR,0.0,74005.96
SKU03347,62.58872445374671,5452.0,1308.0,484.0,Beverages,90.7,53.1,0.0,1.0,High overstock,MARKDOWN / CLEAR,0.0,286177.74
SKU03348,183.26281066815426,214.0,232.0,93.0,Home Care,285.9,159.63,0.0,0.16681168175167743,Healthy,HEALTHY,0.0,4906.58
SKU03349,61.253509971518056,6948.0,1539.0,583.0,Beverages,54.49,37.65,0.0,1.0,High overstock,MARKDOWN / CLEAR,0.0,259286.01
SKU03350,93.85069907743862,30.0,22.0,11.0,Home Care,143.76,83.15,0.1540401226046123,0.0,Healthy,HEALTHY,641.55,0.0
SKU03351,69.49555118816797,12.0,24.0,10.0,Grocery,192.83,107.45,0.577075933836215,0.0,High stockout,REORDER NOW,2964.55,0.0
SKU03352,62.36073608226127,90.0,39.0,16.0,Health & Wellness,538.86,386.34,0.0,0.4362206885010721,Healthy,HEALTHY,0.0,10678.15
SKU03353,527.9655285488046,1.0,1077.0,405.0,Dairy & Bakery,48.61,35.71,0.9981412341661916,0.0,High stockout,REORDER NOW,26054.54,0.0
SKU03354,68.91255259960928,0.0,0.0,0.0,Snacks & Confectionery,47.44,29.57,1.0,0.0,High stockout,REORDER NOW,817.3,0.0
SKU03355,248.8789057235688,0.0,0.0,0.0,Grocery,127.47,87.11,1.0,0.0,High stockout,REORDER NOW,7931.15,0.0
SKU03356,62.692946279750004,132.0,147.0,45.0,Home & Kitchen,1150.81,801.55,0.0,1.0,High overstock,MARKDOWN / CLEAR,0.0,55553.07
SKU03357,64.08992339568765,94.0,60.0,17.0,Home & Kitchen,731.86,431.95,0.0,0.4595193087336459,Healthy,HEALTHY,0.0,12919.66
SKU03358,61.508197947121275,79.0,66.0,22.0,Apparel & Footwear,1876.25,1238.35,0.0,0.2798321280622406,Healthy,HEALTHY,0.0,21660.97
SKU03359,63.41008188845723,170.0,112.0,41.0,Grocery,379.91,269.45,0.0,1.0,High overstock,MARKDOWN / CLEAR,0.0,28720.65
SKU03360,66.14994025942337,91.0,38.0,11.0,Personal Care,346.96,267.65,0.0,0.3700682330404506,Healthy,HEALTHY,0.0,6651.12
SKU03361,76.1289259260087,31.0,45.0,18.0,Stationery & Office,296.27,193.97,0.18490188999092683,0.0,Healthy,HEALTHY,1787.17,0.0
SKU03362,68.70189612031326,157.0,139.0,43.0,Frozen Foods,722.06,523.37,0.0,1.0,High overstock,MARKDOWN / CLEAR,0.0,46212.58
SKU03363,137.37712700778232,343.0,253.0,90.0,Beverages,111.1,75.04,0.0,1.0,High overstock,MARKDOWN / CLEAR,0.0,15429.94
SKU03364,81.92563187305379,0.0,0.0,0.0,Beverages,136.35,99.1,1.0,0.0,High stockout,REORDER NOW,2792.64,0.0
SKU03365,64.82663141601971,255.0,106.0,33.0,Dairy & Bakery,236.1,176.42,0.0,1.0,High overstock,MARKDOWN / CLEAR,0.0,33550.39
SKU03366,73.4955619436897,0.0,0.0,0.0,Stationery & Office,123.42,84.25,1.0,0.0,High stockout,REORDER NOW,2267.71,0.0
SKU03367,175.74146798432005,189.0,98.0,36.0,Snacks & Confectionery,124.08,70.14,0.0,0.07501653215224059,Healthy,HEALTHY,0.0,929.95
SKU03368,201.9611806317447,212.0,78.0,22.0,Home & Kitchen,1766.25,1357.98,0.0,0.049461770654901066,Healthy,HEALTHY,0.0,13632.52
SKU03369,69.40562036535087,126.0,122.0,39.0,Electronics & Accessories,1198.4,839.18,0.0,0.8038332641764669,High overstock,MARKDOWN / CLEAR,0.0,47492.87
SKU03370,76.54681821933923,316.0,145.0,49.0,Stationery & Office,56.2,39.35,0.0,1.0,High overstock,MARKDOWN / CLEAR,0.0,9422.48
SKU03371,90.64502033319215,27.0,38.0,15.0,Apparel & Footwear,1424.23,964.73,0.30162639723343565,0.0,Healthy,HEALTHY,15184.08,0.0
SKU03372,91.71672637333805,110.0,41.0,11.0,Dairy & Bakery,279.34,165.79,0.0,0.19719498672808572,Healthy,HEALTHY,0.0,3031.18
SKU03373,90.82755789604498,133.0,151.0,50.0,Apparel & Footwear,1636.4,1098.91,0.0,0.4592569275521525,Healthy,HEALTHY,0.0,46343.72
SKU03374,304.7047424556984,63.0,85.0,41.0,Snacks & Confectionery,70.93,48.53,0.4668976691647698,0.0,Healthy,HEALTHY,3842.72,0.0
SKU03375,64.36848034579081,7074.0,1634.0,627.0,Dairy & Bakery,103.36,66.76,0.0,1.0,High overstock,MARKDOWN / CLEAR,0.0,467963.0
SKU03376,60.902982101762724,5352.0,1185.0,399.0,Snacks & Confectionery,68.38,40.16,0.0,1.0,High overstock,MARKDOWN / CLEAR,0.0,212490.46
SKU03377,88.75784432713495,52.0,40.0,12.0,Beverages,169.11,125.24,0.0,0.0,Healthy,HEALTHY,0.0,0.0
SKU03378,98.18805965879987,91.0,138.0,53.0,Beverages,119.38,79.29,0.0,0.0,Healthy,HEALTHY,0.0,0.0
SKU03379,338.74453975485335,264.0,164.0,67.0,Snacks & Confectionery,57.39,41.62,0.0,0.0,Healthy,HEALTHY,0.0,0.0
SKU03380,77.3313889263345,178.0,66.0,30.0,Beverages,41.15,23.12,0.0,1.0,High overstock,MARKDOWN / CLEAR,0.0,2327.46
SKU03381,90.82480597559429,101.0,39.0,18.0,Personal Care,176.04,119.02,0.0,0.11081095044306581,Healthy,HEALTHY,0.0,1211.05
SKU03382,63.05422079591484,0.0,0.0,0.0,Grocery,255.94,145.49,1.0,0.0,High stockout,REORDER NOW,4034.52,0.0
SKU03383,87.49075255150265,427.0,228.0,55.0,Grocery,214.46,157.28,0.0,1.0,High overstock,MARKDOWN / CLEAR,0.0,53398.01
SKU03384,74.77369294881215,255.0,231.0,89.0,Stationery & Office,150.88,104.9,0.0,1.0,High overstock,MARKDOWN / CLEAR,0.0,18905.74
SKU03385,218.50653024231926,430.0,231.0,64.0,Beverages,153.8,101.95,0.0,0.9634951157225587,High overstock,MARKDOWN / CLEAR,0.0,21561.76
SKU03386,76.67900756916735,55.0,96.0,31.0,Grocery,290.62,230.52,0.0,0.0,Healthy,HEALTHY,0.0,0.0
SKU03387,66.96860669934097,72.0,85.0,30.0,Grocery,137.3,86.71,0.0,0.07402525290705743,Healthy,HEALTHY,0.0,436.27
SKU03388,79.21604364167975,231.0,221.0,81.0,Beverages,148.3,97.24,0.0,1.0,High overstock,MARKDOWN / CLEAR,0.0,14759.47
SKU03389,70.75062543511626,63.0,50.0,18.0,Frozen Foods,580.11,426.02,0.0,0.0,Healthy,HEALTHY,0.0,0.0
SKU03390,84.56704585014761,139.0,56.0,24.0,Apparel & Footwear,1913.05,1303.29,0.0,0.6361438987291915,High overstock,MARKDOWN / CLEAR,0.0,70941.92
SKU03391,116.33786212184063,437.0,193.0,58.0,Electronics & Accessories,1440.2,1029.21,0.0,1.0,High overstock,MARKDOWN / CLEAR,0.0,330028.68
SKU03392,182.18965874420059,74.0,33.0,15.0,Frozen Foods,1170.37,929.36,0.0,0.0,Healthy,HEALTHY,0.0,0.0
SKU03393,72.69080154547612,11.0,69.0,15.0,Beverages,70.49,51.03,0.6781056259637084,0.0,High stockout,REORDER NOW,1562.95,0.0
SKU03394,104.58573803411039,536.0,296.0,109.0,Apparel & Footwear,1013.75,595.76,0.0,1.0,High overstock,MARKDOWN / CLEAR,0.0,257019.36
SKU03395,152.7685962808525,256.0,123.0,47.0,Grocery,271.84,163.74,0.0,0.6713425641904102,High overstock,MARKDOWN / CLEAR,0.0,16903.11
SKU03396,71.58425438833333,112.0,50.0,14.0,Health & Wellness,661.74,507.86,0.0,0.5568114731252622,High overstock,MARKDOWN / CLEAR,0.0,20525.54
SKU03397,145.93295606723498,136.0,95.0,27.0,Personal Care,393.07,220.9,0.0,0.0,Healthy,HEALTHY,0.0,0.0
SKU03398,92.93774174680368,61.0,23.0,9.0,Home & Kitchen,1438.97,974.61,0.0,0.0,Healthy,HEALTHY,0.0,0.0
SKU03399,61.2390208967272,0.0,0.0,0.0,Dairy & Bakery,159.0,123.46,1.0,0.0,High stockout,REORDER NOW,2434.25,0.0
SKU03400,70.61450944918569,357.0,245.0,76.0,Health & Wellness,256.16,190.6,0.0,1.0,High overstock,MARKDOWN / CLEAR,0.0,54585.07
SKU03401,81.21587567621732,192.0,193.0,71.0,Home Care,341.39,197.64,0.0,1.0,High overstock,MARKDOWN / CLEAR,0.0,21895.37
SKU03402,93.00588185601586,261.0,191.0,67.0,Frozen Foods,612.66,450.38,0.0,1.0,High overstock,MARKDOWN / CLEAR,0.0,75661.19
SKU03403,92.51829083729243,245.0,117.0,48.0,Stationery & Office,97.13,62.7,0.0,1.0,High overstock,MARKDOWN / CLEAR,0.0,9560.6
SKU03404,69.58458080037182,256.0,153.0,67.0,Electronics & Accessories,2511.82,1947.47,0.0,1.0,High overstock,MARKDOWN / CLEAR,0.0,363038.44
SKU03405,70.33219175331736,154.0,94.0,27.0,Personal Care,395.68,274.28,0.0,1.0,High overstock,MARKDOWN / CLEAR,0.0,22948.41
SKU03406,65.26182901603669,302.0,200.0,55.0,Home Care,256.16,176.03,0.0,1.0,High overstock,MARKDOWN / CLEAR,0.0,41673.02
SKU03407,70.79089691439627,131.0,57.0,24.0,Electronics & Accessories,2410.17,1330.84,0.0,0.8386732256235395,High overstock,MARKDOWN / CLEAR,0.0,80128.68
SKU03408,97.02257207312337,235.0,259.0,77.0,Personal Care,250.13,153.18,0.0,1.0,High overstock,MARKDOWN / CLEAR,0.0,21135.38
SKU03409,85.0595578992763,85.0,53.0,19.0,Snacks & Confectionery,117.67,76.86,0.0,0.0,Healthy,HEALTHY,0.0,0.0
SKU03410,71.27766708783167,176.0,61.0,25.0,Home Care,470.86,344.19,0.0,1.0,High overstock,MARKDOWN / CLEAR,0.0,36044.38
SKU03411,76.32988893059267,82.0,66.0,20.0,Grocery,207.68,141.22,0.0,0.07332366757304573,Healthy,HEALTHY,0.0,800.73
SKU03412,75.18822378687567,513.0,247.0,75.0,Snacks & Confectionery,131.71,100.51,0.0,1.0,High overstock,MARKDOWN / CLEAR,0.0,44004.46
SKU03413,71.59072933058732,161.0,88.0,31.0,Home Care,314.95,175.93,0.0,1.0,High overstock,MARKDOWN / CLEAR,0.0,15729.77
SKU03414,62.71653502452129,6622.0,1473.0,503.0,Apparel & Footwear,958.95,604.83,0.0,1.0,High overstock,MARKDOWN / CLEAR,0.0,3967251.42
SKU03415,93.61872887226707,181.0,98.0,39.0,Apparel & Footwear,1197.64,837.63,0.0,0.92350924779063,High overstock,MARKDOWN / CLEAR,0.0,73193.17
SKU03416,61.5454619875135,5080.0,1223.0,403.0,Dairy & Bakery,176.91,126.44,0.0,1.0,High overstock,MARKDOWN / CLEAR,0.0,634533.39
SKU03417,64.45136963210565,334.0,176.0,67.0,Home Care,471.5,318.55,0.0,1.0,High overstock,MARKDOWN / CLEAR,0.0,85864.72
SKU03418,99.85802667404218,137.0,72.0,25.0,Beverages,144.08,93.61,0.0,0.36825996453405774,Healthy,HEALTHY,0.0,3476.86
SKU03419,78.13894658412255,143.0,165.0,53.0,Apparel & Footwear,851.34,483.47,0.0,0.8195844930401229,High overstock,MARKDOWN / CLEAR,0.0,31358.37
SKU03420,62.688851142191794,215.0,115.0,37.0,Snacks & Confectionery,143.9,104.19,0.0,1.0,High overstock,MARKDOWN / CLEAR,0.0,15869.3
SKU03421,120.91389431242749,261.0,148.0,59.0,Apparel & Footwear,2151.7,1669.57,0.0,1.0,High overstock,MARKDOWN / CLEAR,0.0,233883.56
SKU03422,198.04448593764587,190.0,118.0,30.0,Home & Kitchen,1121.44,843.56,0.0,0.0,Healthy,HEALTHY,0.0,0.0
SKU03423,277.62634264030913,187.0,84.0,30.0,Electronics & Accessories,387.84,281.3,0.0,0.0,Healthy,HEALTHY,0.0,0.0
SKU03424,73.41691593966921,292.0,162.0,74.0,Dairy & Bakery,150.83,106.87,0.0,1.0,High overstock,MARKDOWN / CLEAR,0.0,23359.97
SKU03425,431.9944183089709,97.0,685.0,241.0,Stationery & Office,202.48,150.44,0.7228560379057378,0.0,High stockout,REORDER NOW,51024.68,0.0
SKU03426,189.25654400874498,8.0,28.0,12.0,Electronics & Accessories,1315.65,979.08,0.867361110839588,0.0,High stockout,REORDER NOW,67511.44,0.0
SKU03427,151.63461068414605,0.0,0.0,0.0,Health & Wellness,807.12,445.32,1.0,0.0,High stockout,REORDER NOW,30596.83,0.0
SKU03428,62.11457628786058,6614.0,1514.0,520.0,Home & Kitchen,399.86,255.7,0.0,1.0,High overstock,MARKDOWN / CLEAR,0.0,1675317.1
SKU03429,84.0067787106895,14.0,65.0,15.0,Home & Kitchen,1112.21,853.08,0.6216389513519254,0.0,High stockout,REORDER NOW,24470.5,0.0
SKU03430,76.80564347488547,203.0,139.0,44.0,Grocery,348.18,265.56,0.0,1.0,High overstock,MARKDOWN / CLEAR,0.0,33512.17
SKU03431,64.98235806236764,0.0,0.0,0.0,Home & Kitchen,738.15,537.0,1.0,0.0,High stockout,REORDER NOW,11991.68,0.0
SKU03432,111.72214379965801,519.0,360.0,124.0,Apparel & Footwear,2629.94,1649.68,0.0,1.0,High overstock,MARKDOWN / CLEAR,0.0,671878.13
SKU03433,304.42614199298373,111.0,259.0,107.0,Snacks & Confectionery,162.07,121.47,0.39708821471436817,0.0,Healthy,HEALTHY,11686.31,0.0
SKU03434,79.34018235280747,266.0,156.0,38.0,Dairy & Bakery,108.68,66.07,0.0,1.0,High overstock,MARKDOWN / CLEAR,0.0,12332.61
SKU03435,61.84724641519115,207.0,160.0,47.0,Apparel & Footwear,833.81,505.31,0.0,1.0,High overstock,MARKDOWN / CLEAR,0.0,73347.14
SKU03436,63.59684220344721,7774.0,1688.0,560.0,Snacks & Confectionery,186.38,127.47,0.0,1.0,High overstock,MARKDOWN / CLEAR,0.0,982845.09
SKU03437,92.13002191543755,498.0,197.0,56.0,Home Care,275.11,190.61,0.0,1.0,High overstock,MARKDOWN / CLEAR,0.0,77362.88
SKU03438,67.39707447147809,126.0,156.0,42.0,Electronics & Accessories,1292.78,824.58,0.0,0.8568045633729496,High overstock,MARKDOWN / CLEAR,0.0,48322.8
SKU03439,66.26803072021436,186.0,154.0,46.0,Health & Wellness,1316.84,923.03,0.0,1.0,High overstock,MARKDOWN / CLEAR,0.0,110516.2
SKU03440,73.80900551168924,86.0,58.0,21.0,Home & Kitchen,1688.83,1228.25,0.0,0.16296159005089123,Healthy,HEALTHY,0.0,14973.59
SKU03441,62.34097593496572,7065.0,1709.0,637.0,Beverages,275.82,164.13,0.0,1.0,High overstock,MARKDOWN / CLEAR,0.0,1149346.43
SKU03442,92.57347972121556,102.0,40.0,10.0,Dairy & Bakery,157.67,98.09,0.0,0.10073922982098098,Healthy,HEALTHY,0.0,924.65
SKU03443,71.76267376578168,41.0,54.0,18.0,Stationery & Office,100.22,72.66,0.0,0.0,Healthy,HEALTHY,0.0,0.0
SKU03444,64.18791249526886,343.0,143.0,43.0,Frozen Foods,386.65,302.29,0.0,1.0,High overstock,MARKDOWN / CLEAR,0.0,84282.11
SKU03445,116.66144167644728,126.0,46.0,15.0,Snacks & Confectionery,53.18,41.01,0.0,0.07936804266968328,Healthy,HEALTHY,0.0,382.97
SKU03446,111.84859167972454,244.0,93.0,31.0,Dairy & Bakery,142.94,83.25,0.0,1.0,High overstock,MARKDOWN / CLEAR,0.0,11001.6
SKU03447,61.85371073003876,313.0,193.0,72.0,Personal Care,329.78,228.35,0.0,1.0,High overstock,MARKDOWN / CLEAR,0.0,57349.26
SKU03448,98.27369638252831,156.0,169.0,70.0,Frozen Foods,445.39,334.06,0.0,0.5814863928813195,High overstock,MARKDOWN / CLEAR,0.0,19284.05
SKU03449,64.68456381451898,225.0,93.0,23.0,Dairy & Bakery,350.83,213.77,0.0,1.0,High overstock,MARKDOWN / CLEAR,0.0,34270.63
SKU03450,218.3209964219834,70.0,27.0,12.0,Health & Wellness,288.17,204.83,0.0,0.0,Healthy,HEALTHY,0.0,0.0
SKU03451,65.7618038375325,15.0,33.0,10.0,Home Care,145.02,95.27,0.45336175333988726,0.0,Healthy,HEALTHY,1659.09,0.0
SKU03452,64.59004711871165,353.0,215.0,70.0,Health & Wellness,1169.31,836.86,0.0,1.0,High overstock,MARKDOWN / CLEAR,0.0,241358.75
SKU03453,69.57162813208393,171.0,75.0,29.0,Beverages,219.01,122.21,0.0,1.0,High overstock,MARKDOWN / CLEAR,0.0,12395.56
SKU03454,65.00136767526824,7548.0,1610.0,561.0,Health & Wellness,849.48,533.68,0.0,1.0,High overstock,MARKDOWN / CLEAR,0.0,3993526.71
SKU03455,189.84299434804075,49.0,23.0,6.0,Stationery & Office,309.96,194.29,0.1002694367721686,0.0,Healthy,HEALTHY,1382.65,0.0
SKU03456,97.74289250051226,486.0,295.0,99.0,Beverages,234.0,153.19,0.0,1.0,High overstock,MARKDOWN / CLEAR,0.0,59477.11
SKU03457,63.510203123620556,5156.0,1130.0,434.0,Dairy & Bakery,207.73,120.2,0.0,1.0,High overstock,MARKDOWN / CLEAR,0.0,612117.27
SKU03458,61.27457956652819,185.0,99.0,35.0,Electronics & Accessories,1311.02,864.17,0.0,1.0,High overstock,MARKDOWN / CLEAR,0.0,106919.8
SKU03459,145.1700834660503,2.0,72.0,34.0,Health & Wellness,797.02,546.26,0.9719465664042827,0.0,High stockout,REORDER NOW,54430.5,0.0
SKU03460,329.7597949629655,134.0,70.0,18.0,Electronics & Accessories,3034.93,1689.44,0.0,0.0,Healthy,HEALTHY,0.0,0.0
SKU03461,267.2954582987018,192.0,185.0,64.0,Frozen Foods,861.75,538.79,0.0,0.0,Healthy,HEALTHY,0.0,0.0
SKU03462,72.29866524093225,317.0,201.0,61.0,Electronics & Accessories,1587.45,943.46,0.0,1.0,High overstock,MARKDOWN / CLEAR,0.0,230865.92
SKU03463,63.55357308423046,119.0,96.0,40.0,Health & Wellness,683.91,542.37,0.0,0.8589211141484332,High overstock,MARKDOWN / CLEAR,0.0,30072.48
SKU03464,208.0765530100371,103.0,121.0,30.0,Grocery,244.37,142.36,0.0,0.0,Healthy,HEALTHY,0.0,0.0
SKU03465,68.21140127867966,240.0,169.0,59.0,Apparel & Footwear,2905.8,2053.98,0.0,1.0,High overstock,MARKDOWN / CLEAR,0.0,352850.35
SKU03466,126.47730652742484,396.0,247.0,80.0,Home Care,352.05,229.0,0.0,1.0,High overstock,MARKDOWN / CLEAR,0.0,61720.7
SKU03467,63.03781144494345,40.0,66.0,22.0,Grocery,277.32,172.45,0.0,0.0,Healthy,HEALTHY,0.0,0.0
SKU03468,92.39630248869953,79.0,130.0,54.0,Personal Care,662.07,505.5,0.0,0.0,Healthy,HEALTHY,0.0,0.0
SKU03469,78.48062035206272,247.0,151.0,47.0,Home Care,539.19,386.07,0.0,1.0,High overstock,MARKDOWN / CLEAR,0.0,65060.28
SKU03470,61.802855802504,62.0,80.0,29.0,Beverages,86.06,60.68,0.0,0.003139096064611464,Healthy,HEALTHY,0.0,11.96
SKU03471,66.18029922321863,224.0,148.0,63.0,Stationery & Office,281.87,161.63,0.0,1.0,High overstock,MARKDOWN / CLEAR,0.0,25508.4
SKU03472,62.372839809874556,241.0,136.0,51.0,Snacks & Confectionery,195.92,120.44,0.0,1.0,High overstock,MARKDOWN / CLEAR,0.0,21513.86
SKU03473,68.68678878294371,0.0,0.0,0.0,Dairy & Bakery,195.88,121.27,1.0,0.0,High stockout,REORDER NOW,3363.59,0.0
SKU03474,159.17277696275696,182.0,95.0,27.0,Home Care,521.03,343.15,0.0,0.14251624695594048,Healthy,HEALTHY,0.0,7833.16
SKU03475,87.53787995076254,391.0,143.0,49.0,Apparel & Footwear,2304.28,1798.18,0.0,1.0,High overstock,MARKDOWN / CLEAR,0.0,545679.52
SKU03476,453.28764456268294,6.0,1060.0,376.0,Electronics & Accessories,681.44,443.56,0.9877631411860797,0.0,High stockout,REORDER NOW,329354.88,0.0
SKU03477,93.82699329350635,29.0,54.0,18.0,Apparel & Footwear,1607.13,1015.71,0.31695193001785615,0.0,Healthy,HEALTHY,20019.61,0.0
SKU03478,67.34953821168176,412.0,158.0,43.0,Snacks & Confectionery,66.84,37.95,0.0,1.0,High overstock,MARKDOWN / CLEAR,0.0,13079.49
SKU03479,62.56720135501436,80.0,77.0,24.0,Home & Kitchen,1227.13,793.02,0.0,0.2742420347818331,Healthy,HEALTHY,0.0,13824.56
SKU03480,78.02623540433514,238.0,146.0,57.0,Apparel & Footwear,1003.83,565.25,0.0,1.0,High overstock,MARKDOWN / CLEAR,0.0,90425.17
SKU03481,73.03295497923696,36.0,73.0,27.0,Home Care,492.83,316.05,0.22176025337671001,0.0,Healthy,HEALTHY,4562.74,0.0
SKU03482,62.24935723518012,0.0,0.0,0.0,Frozen Foods,333.71,264.28,1.0,0.0,High stockout,REORDER NOW,5193.31,0.0
SKU03483,62.719612217786974,125.0,77.0,30.0,Grocery,487.7,336.03,0.0,0.9774131639305207,High overstock,MARKDOWN / CLEAR,0.0,20928.08
SKU03484,63.50896899890934,7719.0,1637.0,562.0,Apparel & Footwear,1430.82,861.67,0.0,1.0,High overstock,MARKDOWN / CLEAR,0.0,6596506.96
SKU03485,103.92679644118287,265.0,220.0,64.0,Stationery & Office,94.18,58.84,0.0,1.0,High overstock,MARKDOWN / CLEAR,0.0,9477.55
SKU03486,92.33407071125133,92.0,84.0,20.0,Home Care,494.17,342.35,0.0,0.0,Healthy,HEALTHY,0.0,0.0
SKU03487,102.0534070469069,317.0,158.0,51.0,Frozen Foods,190.24,105.55,0.0,1.0,High overstock,MARKDOWN / CLEAR,0.0,22687.61
SKU03488,133.57523307890267,421.0,184.0,65.0,Home Care,136.44,105.73,0.0,1.0,High overstock,MARKDOWN / CLEAR,0.0,30389.42
SKU03489,86.77866339581337,30.0,120.0,45.0,Grocery,62.41,43.35,0.5568336201416697,0.0,High stockout,REORDER NOW,2290.11,0.0
SKU03490,69.673813221087,110.0,48.0,13.0,Health & Wellness,1217.06,819.17,0.0,0.570595881854594,High overstock,MARKDOWN / CLEAR,0.0,33034.0
SKU03491,62.32691084507667,5071.0,1214.0,450.0,Electronics & Accessories,2647.6,1930.26,0.0,1.0,High overstock,MARKDOWN / CLEAR,0.0,9668041.32
SKU03492,62.48844973518238,7719.0,1667.0,628.0,Stationery & Office,71.49,42.9,0.0,1.0,High overstock,MARKDOWN / CLEAR,0.0,328464.35
SKU03493,62.63229195317215,6441.0,1529.0,603.0,Stationery & Office,216.47,120.23,0.0,1.0,High overstock,MARKDOWN / CLEAR,0.0,766871.15
SKU03494,96.98979789336154,513.0,246.0,90.0,Home Care,72.09,50.74,0.0,1.0,High overstock,MARKDOWN / CLEAR,0.0,21108.36
SKU03495,91.4379738271221,467.0,288.0,120.0,Stationery & Office,77.84,45.93,0.0,1.0,High overstock,MARKDOWN / CLEAR,0.0,17249.56
SKU03496,157.3240297122878,246.0,143.0,46.0,Frozen Foods,377.16,208.59,0.0,0.5600916705370461,High overstock,MARKDOWN / CLEAR,0.0,18496.92
SKU03497,69.85224907298885,0.0,0.0,0.0,Health & Wellness,524.06,409.94,1.0,0.0,High stockout,REORDER NOW,9151.69,0.0
SKU03498,75.35501927834989,597.0,307.0,116.0,Health & Wellness,715.4,534.48,0.0,1.0,High overstock,MARKDOWN / CLEAR,0.0,278808.81
SKU03499,61.322570954196884,0.0,0.0,0.0,Stationery & Office,189.82,109.82,1.0,0.0,High stockout,REORDER NOW,2910.06,0.0
SKU03500,171.19156467902098,366.0,180.0,75.0,Electronics & Accessories,1732.5,1341.11,0.0,1.0,High overstock,MARKDOWN / CLEAR,0.0,261259.54
SKU03501,65.98590005601949,131.0,57.0,22.0,Beverages,168.06,95.27,0.0,0.9705639528558998,High overstock,MARKDOWN / CLEAR,0.0,6193.89
SKU03502,63.551779112858554,101.0,76.0,21.0,Grocery,100.1,75.15,0.0,0.5801268594265879,High overstock,MARKDOWN / CLEAR,0.0,2814.23
SKU03503,72.38245729083849,450.0,206.0,83.0,Personal Care,225.31,147.27,0.0,1.0,High overstock,MARKDOWN / CLEAR,0.0,55611.74
SKU03504,61.23728351806445,7523.0,1581.0,516.0,Frozen Foods,847.78,576.1,0.0,1.0,High overstock,MARKDOWN / CLEAR,0.0,4298721.5
SKU03505,123.53443315268404,280.0,114.0,47.0,Electronics & Accessories,3317.78,2379.12,0.0,1.0,High overstock,MARKDOWN / CLEAR,0.0,372250.36
SKU03506,158.3953606090859,194.0,149.0,58.0,Home Care,541.05,310.94,0.0,0.22337312237232418,Healthy,HEALTHY,0.0,11070.91
SKU03507,237.16037751901925,89.0,58.0,21.0,Frozen Foods,695.35,540.24,0.0,0.0,Healthy,HEALTHY,0.0,0.0
SKU03508,69.64489897269345,107.0,97.0,45.0,Stationery & Office,63.24,37.05,0.0,0.5287727998839025,High overstock,MARKDOWN / CLEAR,0.0,1384.01
SKU03509,98.17870358725298,0.0,0.0,0.0,Personal Care,493.07,387.26,1.0,0.0,High stockout,REORDER NOW,12102.24,0.0
SKU03510,121.45954823508917,0.0,0.0,0.0,Home Care,143.24,82.06,1.0,0.0,High stockout,REORDER NOW,4349.47,0.0
SKU03511,72.76127125122368,7.0,78.0,38.0,Frozen Foods,709.78,420.9,0.8776016593768154,0.0,High stockout,REORDER NOW,34914.3,0.0
SKU03512,250.5540384822533,131.0,77.0,37.0,Home Care,439.58,248.09,0.0,0.0,Healthy,HEALTHY,0.0,0.0
SKU03513,71.27924759732136,249.0,110.0,30.0,Stationery & Office,216.89,140.86,0.0,1.0,High overstock,MARKDOWN / CLEAR,0.0,25033.75
SKU03514,64.62934803286369,213.0,125.0,51.0,Stationery & Office,318.97,222.55,0.0,1.0,High overstock,MARKDOWN / CLEAR,0.0,33019.89
SKU03515,72.47607771794418,586.0,287.0,85.0,Frozen Foods,266.34,188.11,0.0,1.0,High overstock,MARKDOWN / CLEAR,0.0,96598.99
SKU03516,66.52943055732119,248.0,191.0,85.0,Home Care,143.34,108.53,0.0,1.0,High overstock,MARKDOWN / CLEAR,0.0,19695.0
SKU03517,61.85998949849845,168.0,141.0,59.0,Health & Wellness,986.38,672.8,0.0,1.0,High overstock,MARKDOWN / CLEAR,0.0,71411.0
SKU03518,95.53619289263136,659.0,251.0,93.0,Snacks & Confectionery,126.26,85.54,0.0,1.0,High overstock,MARKDOWN / CLEAR,0.0,48198.69
SKU03519,72.8711168332948,490.0,226.0,61.0,Home Care,140.28,88.59,0.0,1.0,High overstock,MARKDOWN / CLEAR,0.0,36953.45
SKU03520,69.70478037811037,6580.0,1527.0,526.0,Snacks & Confectionery,101.31,72.21,0.0,1.0,High overstock,MARKDOWN / CLEAR,0.0,470108.42
SKU03521,127.58723599745693,474.0,163.0,59.0,Beverages,44.89,34.89,0.0,1.0,High overstock,MARKDOWN / CLEAR,0.0,12086.34
SKU03522,261.36653042904464,44.0,38.0,14.0,Beverages,112.92,72.14,0.4523387368154709,0.0,Healthy,HEALTHY,3990.78,0.0
SKU03523,70.58915106362957,6707.0,1453.0,445.0,Health & Wellness,348.18,222.52,0.0,1.0,High overstock,MARKDOWN / CLEAR,0.0,1476734.14
SKU03524,244.35356144196805,0.0,0.0,0.0,Grocery,141.25,89.81,1.0,0.0,High stockout,REORDER NOW,8628.74,0.0
SKU03525,81.50398913592521,395.0,239.0,69.0,Health & Wellness,880.36,534.25,0.0,1.0,High overstock,MARKDOWN / CLEAR,0.0,167485.24
SKU03526,62.360179209911315,48.0,23.0,11.0,Home Care,154.53,106.88,0.0,0.0,Healthy,HEALTHY,0.0,0.0
SKU03527,61.077388497051444,8.0,23.0,11.0,Personal Care,419.97,242.07,0.7066303067856725,0.0,High stockout,REORDER NOW,7672.58,0.0
SKU03528,172.78492771054428,185.0,79.0,22.0,Apparel & Footwear,1680.2,1274.77,0.0,0.0702884447482184,Healthy,HEALTHY,0.0,15571.41
SKU03529,69.73808175028356,24.0,29.0,10.0,Frozen Foods,253.11,147.93,0.15595552059008888,0.0,Healthy,HEALTHY,869.31,0.0
SKU03530,103.38329636471143,204.0,71.0,18.0,Electronics & Accessories,2126.37,1261.96,0.0,0.963915752226654,High overstock,MARKDOWN / CLEAR,0.0,126974.26
SKU03531,114.46483859298304,375.0,234.0,81.0,Electronics & Accessories,1772.13,1005.05,0.0,1.0,High overstock,MARKDOWN / CLEAR,0.0,261850.86
SKU03532,252.05396059315373,190.0,99.0,23.0,Grocery,94.55,61.02,0.0,0.0,Healthy,HEALTHY,0.0,0.0
SKU03533,64.4916855297975,149.0,178.0,60.0,Snacks & Confectionery,33.3,24.62,0.0,1.0,High overstock,MARKDOWN / CLEAR,0.0,2080.59
SKU03534,77.79681274241896,321.0,265.0,87.0,Frozen Foods,333.74,259.49,0.0,1.0,High overstock,MARKDOWN / CLEAR,0.0,63108.8
SKU03535,395.7419600011376,267.0,761.0,264.0,Stationery & Office,178.62,117.63,0.26635349578082823,0.0,Healthy,HEALTHY,17136.0,0.0
SKU03536,125.7297921528987,52.0,84.0,34.0,Beverages,127.11,77.38,0.21724998046015653,0.0,Healthy,HEALTHY,1707.4,0.0
SKU03537,76.10971229458991,181.0,118.0,50.0,Beverages,150.25,109.89,0.0,1.0,High overstock,MARKDOWN / CLEAR,0.0,11526.39
SKU03538,143.1852840343778,208.0,91.0,24.0,Stationery & Office,85.84,61.98,0.0,0.44952379432958345,Healthy,HEALTHY,0.0,4017.22
SKU03539,61.973162311207346,270.0,134.0,39.0,Stationery & Office,68.39,49.27,0.0,1.0,High overstock,MARKDOWN / CLEAR,0.0,10249.48
SKU03540,80.38457526268573,261.0,122.0,40.0,Snacks & Confectionery,203.99,134.81,0.0,1.0,High overstock,MARKDOWN / CLEAR,0.0,24348.77
SKU03541,65.11852472441127,265.0,159.0,77.0,Personal Care,711.13,491.62,0.0,1.0,High overstock,MARKDOWN / CLEAR,0.0,98265.73
SKU03542,85.53143806204855,390.0,271.0,104.0,Health & Wellness,1566.44,885.81,0.0,1.0,High overstock,MARKDOWN / CLEAR,0.0,269701.3
SKU03543,62.71305109637206,31.0,66.0,33.0,Snacks & Confectionery,203.21,124.47,0.37598462045725245,0.0,Healthy,HEALTHY,3592.4,0.0
SKU03544,127.81793514231772,489.0,170.0,47.0,Dairy & Bakery,184.75,144.43,0.0,1.0,High overstock,MARKDOWN / CLEAR,0.0,52165.53
SKU03545,84.48118408867224,137.0,84.0,25.0,Personal Care,401.05,224.77,0.0,0.61439036521591,High overstock,MARKDOWN / CLEAR,0.0,11804.65
SKU03546,566.5267417519249,0.0,828.0,299.0,Health & Wellness,496.17,310.3,1.0,0.0,High stockout,REORDER NOW,218628.22,0.0
SKU03547,70.03607145432426,210.0,119.0,27.0,Dairy & Bakery,99.34,60.27,0.0,1.0,High overstock,MARKDOWN / CLEAR,0.0,8435.63
SKU03548,81.36983090164885,160.0,107.0,51.0,Personal Care,170.33,99.23,0.0,0.9545991322021417,High overstock,MARKDOWN / CLEAR,0.0,7802.47
SKU03549,67.84694258013127,479.0,313.0,121.0,Dairy & Bakery,173.56,135.57,0.0,1.0,High overstock,MARKDOWN / CLEAR,0.0,55740.02
SKU03550,288.7656220482149,162.0,128.0,43.0,Apparel & Footwear,865.57,503.31,0.0,0.0,Healthy,HEALTHY,0.0,0.0
SKU03551,67.8501053179889,421.0,198.0,69.0,Beverages,177.14,119.1,0.0,1.0,High overstock,MARKDOWN / CLEAR,0.0,42060.15
SKU03552,78.78452748767214,154.0,78.0,29.0,Snacks & Confectionery,93.62,71.14,0.0,0.94273256834102,High overstock,MARKDOWN / CLEAR,0.0,5350.83
SKU03553,84.34203021343049,91.0,58.0,28.0,Snacks & Confectionery,236.82,130.48,0.0,0.0780151324021552,Healthy,HEALTHY,0.0,868.73
SKU03554,64.31180150697806,0.0,0.0,0.0,Home & Kitchen,1617.45,933.48,1.0,0.0,High stockout,REORDER NOW,26005.28,0.0
SKU03555,61.61000290145993,0.0,0.0,0.0,Stationery & Office,213.41,135.62,1.0,0.0,High stockout,REORDER NOW,3287.05,0.0
SKU03556,92.97494376311256,194.0,101.0,47.0,Frozen Foods,656.88,385.51,0.0,1.0,High overstock,MARKDOWN / CLEAR,0.0,38946.17
SKU03557,88.44795466950774,72.0,27.0,8.0,Beverages,154.56,92.07,0.0,0.0,Healthy,HEALTHY,0.0,0.0
SKU03558,67.30474919834573,22.0,29.0,14.0,Apparel & Footwear,1950.04,1360.72,0.30874534882518334,0.0,Healthy,HEALTHY,17211.42,0.0
SKU03559,68.59572827715034,21.0,29.0,14.0,Home Care,121.55,72.04,0.3467901218385523,0.0,Healthy,HEALTHY,1233.6,0.0
SKU03560,62.666789016617585,248.0,143.0,44.0,Home & Kitchen,3326.74,2361.03,0.0,1.0,High overstock,MARKDOWN / CLEAR,0.0,437577.27
SKU03561,67.51092431139747,190.0,217.0,78.0,Personal Care,616.36,480.07,0.0,1.0,High overstock,MARKDOWN / CLEAR,0.0,58803.33
SKU03562,63.8707669778078,6516.0,1531.0,596.0,Stationery & Office,51.41,31.22,0.0,1.0,High overstock,MARKDOWN / CLEAR,0.0,201435.47
SKU03563,74.40154726925053,178.0,162.0,48.0,Apparel & Footwear,793.38,478.46,0.0,1.0,High overstock,MARKDOWN / CLEAR,0.0,49567.72
SKU03564,160.79215908387775,122.0,150.0,60.0,Snacks & Confectionery,105.88,58.54,0.0,0.0,Healthy,HEALTHY,0.0,0.0
SKU03565,90.6050322099839,0.0,0.0,0.0,Electronics & Accessories,1015.46,562.23,1.0,0.0,High stockout,REORDER NOW,23001.45,0.0
SKU03566,338.16633895024836,209.0,241.0,68.0,Dairy & Bakery,120.06,77.94,0.0,0.0,Healthy,HEALTHY,0.0,0.0
SKU03567,156.7157439676877,260.0,105.0,34.0,Personal Care,458.98,308.55,0.0,0.654876003079774,High overstock,MARKDOWN / CLEAR,0.0,31868.36
SKU03568,111.77097915839678,658.0,340.0,105.0,Dairy & Bakery,252.26,150.27,0.0,1.0,High overstock,MARKDOWN / CLEAR,0.0,82081.83
SKU03569,73.16294764025635,47.0,23.0,5.0,Electronics & Accessories,3079.29,1942.25,0.0,0.0,Healthy,HEALTHY,0.0,0.0
SKU03570,63.67456634146472,376.0,192.0,85.0,Dairy & Bakery,208.44,121.95,0.0,1.0,High overstock,MARKDOWN / CLEAR,0.0,38088.09
SKU03571,351.47952786272367,50.0,20.0,5.0,Health & Wellness,1043.87,751.91,0.4673477908677872,0.0,Healthy,HEALTHY,44750.58,0.0
SKU03572,272.6523355578864,73.0,55.0,20.0,Frozen Foods,654.81,424.47,0.18127551430934896,0.0,Healthy,HEALTHY,9928.94,0.0
SKU03573,61.59871659413429,108.0,37.0,8.0,Apparel & Footwear,1738.69,1275.47,0.0,0.7412497560726935,High overstock,MARKDOWN / CLEAR,0.0,59183.44
SKU03574,63.95415208168293,6128.0,1277.0,474.0,Stationery & Office,130.96,90.05,0.0,1.0,High overstock,MARKDOWN / CLEAR,0.0,546067.33
SKU03575,62.125076975069426,791.0,467.0,151.0,Grocery,162.88,104.95,0.0,1.0,High overstock,MARKDOWN / CLEAR,0.0,76495.42
SKU03576,108.31388299851784,14.0,21.0,5.0,Stationery & Office,61.97,43.79,0.5767639893039244,0.0,High stockout,REORDER NOW,1120.32,0.0
SKU03577,65.67956553110227,79.0,199.0,50.0,Beverages,88.75,48.97,0.0,0.19976786535425903,Healthy,HEALTHY,0.0,652.3
SKU03578,475.48221375351784,0.0,880.0,290.0,Frozen Foods,225.73,163.11,1.0,0.0,High stockout,REORDER NOW,92294.35,0.0
SKU03579,91.28787047554273,590.0,339.0,135.0,Personal Care,573.52,368.64,0.0,1.0,High overstock,MARKDOWN / CLEAR,0.0,183845.24
SKU03580,62.55569336076868,3329.0,773.0,249.0,Health & Wellness,659.95,447.71,0.0,1.0,High overstock,MARKDOWN / CLEAR,0.0,1462419.78
SKU03581,84.50811078513483,62.0,48.0,22.0,Electronics & Accessories,2270.43,1545.83,0.0,0.0,Healthy,HEALTHY,0.0,0.0
SKU03582,62.02716038754949,3820.0,870.0,302.0,Home & Kitchen,1131.96,780.6,0.0,1.0,High overstock,MARKDOWN / CLEAR,0.0,2933473.6
SKU03583,61.06734640531717,4131.0,962.0,354.0,Personal Care,306.2,222.18,0.0,1.0,High overstock,MARKDOWN / CLEAR,0.0,904257.64
SKU03584,211.53629575088846,115.0,61.0,26.0,Stationery & Office,48.59,28.07,0.0,0.0,Healthy,HEALTHY,0.0,0.0
SKU03585,75.9133718613336,112.0,125.0,53.0,Dairy & Bakery,95.51,64.21,0.0,0.4691853609503253,Healthy,HEALTHY,0.0,2317.12
SKU03586,64.42662157044069,0.0,0.0,0.0,Snacks & Confectionery,140.05,79.94,1.0,0.0,High stockout,REORDER NOW,2255.74,0.0
SKU03587,265.6436094443727,305.0,216.0,85.0,Personal Care,252.72,153.79,0.0,0.14759922668927802,Healthy,HEALTHY,0.0,6052.62
SKU03588,63.51431470387088,150.0,153.0,58.0,Frozen Foods,609.28,363.93,0.0,1.0,High overstock,MARKDOWN / CLEAR,0.0,31474.74
SKU03589,69.0242593047377,41.0,75.0,28.0,Electronics & Accessories,1456.54,1019.11,0.11362974446561869,0.0,Healthy,HEALTHY,6199.13,0.0
SKU03590,67.42782575588333,70.0,51.0,18.0,Apparel & Footwear,3078.0,2159.29,0.0,0.03758959481326958,Healthy,HEALTHY,0.0,5554.07
SKU03591,64.96544011145568,343.0,192.0,72.0,Snacks & Confectionery,128.36,97.26,0.0,1.0,High overstock,MARKDOWN / CLEAR,0.0,27041.64
SKU03592,62.29028883467986,5884.0,1242.0,449.0,Dairy & Bakery,297.65,202.54,0.0,1.0,High overstock,MARKDOWN / CLEAR,0.0,1179129.08
SKU03593,65.45066991255452,119.0,46.0,15.0,Stationery & Office,25.67,18.9,0.0,0.8058508688913671,High overstock,MARKDOWN / CLEAR,0.0,1012.08
SKU03594,102.91508343468723,84.0,71.0,21.0,Home Care,477.39,368.67,0.0,0.0,Healthy,HEALTHY,0.0,0.0
SKU03595,84.07084454160105,134.0,77.0,34.0,Snacks & Confectionery,164.86,96.18,0.0,0.586912657649505,High overstock,MARKDOWN / CLEAR,0.0,4802.19
SKU03596,107.67172594920751,125.0,122.0,39.0,Stationery & Office,222.89,162.76,0.0,0.15945522075255908,Healthy,HEALTHY,0.0,2820.35
SKU03597,67.9829731706953,378.0,204.0,73.0,Home Care,411.9,260.31,0.0,1.0,High overstock,MARKDOWN / CLEAR,0.0,80700.53
SKU03598,62.448785887903,485.0,283.0,100.0,Stationery & Office,83.08,51.47,0.0,1.0,High overstock,MARKDOWN / CLEAR,0.0,21748.71
SKU03599,174.06155956997,32.0,37.0,8.0,Stationery & Office,160.95,127.27,0.3906548144170846,0.0,Healthy,HEALTHY,3141.0,0.0
SKU03600,62.26550323056868,143.0,113.0,33.0,Home & Kitchen,708.02,425.95,0.0,1.0,High overstock,MARKDOWN / CLEAR,0.0,34388.86
SKU03601,236.3650197920058,638.0,353.0,142.0,Frozen Foods,790.24,615.31,0.0,1.0,High overstock,MARKDOWN / CLEAR,0.0,247130.02
SKU03602,64.13341970872901,5575.0,1279.0,501.0,Apparel & Footwear,1565.25,1183.22,0.0,1.0,High overstock,MARKDOWN / CLEAR,0.0,6520567.56
SKU03603,65.74089364913965,8218.0,1835.0,581.0,Stationery & Office,222.12,170.96,0.0,1.0,High overstock,MARKDOWN / CLEAR,0.0,1393710.22
SKU03604,242.18112186979,89.0,105.0,36.0,Dairy & Bakery,122.62,85.4,0.08760321797730852,0.0,Healthy,HEALTHY,925.2,0.0
SKU03605,63.523052646814214,460.0,383.0,122.0,Grocery,75.17,52.33,0.0,1.0,High overstock,MARKDOWN / CLEAR,0.0,20747.64
SKU03606,62.51065659353315,345.0,220.0,57.0,Dairy & Bakery,152.07,98.94,0.0,1.0,High overstock,MARKDOWN / CLEAR,0.0,27949.5
SKU03607,61.06734640531717,284.0,303.0,120.0,Health & Wellness,325.03,211.34,0.0,1.0,High overstock,MARKDOWN / CLEAR,0.0,47114.59
SKU03608,98.23717243612941,217.0,140.0,59.0,Frozen Foods,1095.08,835.18,0.0,1.0,High overstock,MARKDOWN / CLEAR,0.0,99188.34
SKU03609,62.098051937498035,9022.0,2008.0,651.0,Grocery,139.89,90.5,0.0,1.0,High overstock,MARKDOWN / CLEAR,0.0,810871.13
SKU03610,152.12791393865118,88.0,64.0,16.0,Frozen Foods,462.94,310.94,0.0,0.0,Healthy,HEALTHY,0.0,0.0
SKU03611,173.03091630164474,47.0,46.0,14.0,Snacks & Confectionery,164.98,131.84,0.1932400945604783,0.0,Healthy,HEALTHY,1692.32,0.0
SKU03612,79.43628709726244,18.0,49.0,23.0,Frozen Foods,290.1,185.25,0.5895945976097694,0.0,High stockout,REORDER NOW,7211.62,0.0
SKU03613,71.59519569963432,420.0,205.0,87.0,Frozen Foods,434.98,328.69,0.0,1.0,High overstock,MARKDOWN / CLEAR,0.0,114517.18
SKU03614,68.79478063758366,295.0,219.0,75.0,Health & Wellness,1256.7,778.27,0.0,1.0,High overstock,MARKDOWN / CLEAR,0.0,176048.74
SKU03615,61.13034632512701,194.0,169.0,50.0,Personal Care,801.2,445.68,0.0,1.0,High overstock,MARKDOWN / CLEAR,0.0,59217.35
SKU03616,186.36697930629975,223.0,160.0,59.0,Personal Care,372.86,260.39,0.0,0.195514817121613,Healthy,HEALTHY,0.0,9538.87
SKU03617,84.53284073396753,607.0,298.0,106.0,Electronics & Accessories,1976.08,1323.65,0.0,1.0,High overstock,MARKDOWN / CLEAR,0.0,691563.66
SKU03618,60.99606388486317,154.0,144.0,59.0,Electronics & Accessories,374.62,279.72,0.0,1.0,High overstock,MARKDOWN / CLEAR,0.0,26015.06
SKU03619,61.688595609769514,132.0,108.0,37.0,Apparel & Footwear,1080.68,595.5,0.0,1.0,High overstock,MARKDOWN / CLEAR,0.0,41870.44
SKU03620,60.94188813547514,89.0,78.0,31.0,Personal Care,962.2,546.18,0.0,0.452974759231718,Healthy,HEALTHY,0.0,15324.78
SKU03621,66.82864847143011,3989.0,883.0,321.0,Home Care,370.39,283.32,0.0,1.0,High overstock,MARKDOWN / CLEAR,0.0,1111229.59
SKU03622,407.090158815259,349.0,752.0,274.0,Dairy & Bakery,288.6,193.42,0.07371168749624657,0.0,Healthy,HEALTHY,7726.55,0.0
SKU03623,132.03467572508552,257.0,105.0,49.0,Frozen Foods,521.36,352.75,0.0,0.9393439988018895,High overstock,MARKDOWN / CLEAR,0.0,44081.52
SKU03624,62.11980386972399,6052.0,1550.0,530.0,Beverages,108.21,65.61,0.0,1.0,High overstock,MARKDOWN / CLEAR,0.0,392996.04
SKU03625,65.41479601304576,228.0,106.0,39.0,Home Care,135.59,105.96,0.0,1.0,High overstock,MARKDOWN / CLEAR,0.0,17227.53
SKU03626,160.4253575327932,0.0,0.0,0.0,Snacks & Confectionery,187.54,146.02,1.0,0.0,High stockout,REORDER NOW,7521.54,0.0
SKU03627,61.70967738260023,6880.0,1460.0,520.0,Frozen Foods,1083.01,735.55,0.0,1.0,High overstock,MARKDOWN / CLEAR,0.0,5015193.45
SKU03628,69.47201138963149,349.0,157.0,65.0,Home & Kitchen,914.74,552.92,0.0,1.0,High overstock,MARKDOWN / CLEAR,0.0,154556.62
SKU03629,69.64410580401196,530.0,258.0,80.0,Stationery & Office,190.67,151.72,0.0,1.0,High overstock,MARKDOWN / CLEAR,0.0,69845.2
SKU03630,73.40676336010338,0.0,0.0,0.0,Home Care,234.93,181.63,1.0,0.0,High stockout,REORDER NOW,4311.36,0.0
SKU03631,66.0447497321278,47.0,76.0,36.0,Grocery,394.93,268.69,0.12167899359700352,0.0,Healthy,HEALTHY,2176.53,0.0
SKU03632,141.63478465310746,72.0,77.0,18.0,Snacks & Confectionery,87.25,61.65,0.0,0.0,Healthy,HEALTHY,0.0,0.0
SKU03633,334.140862309689,0.0,825.0,285.0,Beverages,118.27,78.05,1.0,0.0,High stockout,REORDER NOW,43586.66,0.0
SKU03634,63.27920507902971,5500.0,1283.0,463.0,Apparel & Footwear,2372.1,1426.85,0.0,1.0,High overstock,MARKDOWN / CLEAR,0.0,7757385.07
SKU03635,69.29776272328927,89.0,139.0,49.0,Stationery & Office,230.58,166.1,0.0,0.2802683401783922,Healthy,HEALTHY,0.0,3272.54
SKU03636,72.71093535170861,29.0,23.0,6.0,Frozen Foods,299.31,214.69,0.0,0.0,Healthy,HEALTHY,0.0,0.0
SKU03637,63.599127454443945,188.0,133.0,52.0,Snacks & Confectionery,91.64,62.94,0.0,1.0,High overstock,MARKDOWN / CLEAR,0.0,7829.79
SKU03638,73.91280380937818,246.0,120.0,51.0,Grocery,133.01,100.24,0.0,1.0,High overstock,MARKDOWN / CLEAR,0.0,17250.02
SKU03639,194.15124135392801,197.0,89.0,39.0,Stationery & Office,137.55,91.19,0.0,0.014597696772553199,Healthy,HEALTHY,0.0,259.78
SKU03640,86.6735034760355,0.0,0.0,0.0,Dairy & Bakery,331.65,253.79,1.0,0.0,High stockout,REORDER NOW,7186.32,0.0
SKU03641,132.1311313954749,106.0,170.0,57.0,Beverages,134.3,81.15,0.0,0.0,Healthy,HEALTHY,0.0,0.0
SKU03642,63.28723233555441,40.0,32.0,10.0,Snacks & Confectionery,273.44,216.14,0.0,0.0,Healthy,HEALTHY,0.0,0.0
SKU03643,77.97366640617749,491.0,225.0,88.0,Dairy & Bakery,259.02,155.74,0.0,1.0,High overstock,MARKDOWN / CLEAR,0.0,64324.72
SKU03644,68.44473310333605,0.0,0.0,0.0,Health & Wellness,649.61,383.29,1.0,0.0,High stockout,REORDER NOW,11115.6,0.0
SKU03645,61.04166464639843,151.0,76.0,25.0,Home & Kitchen,2452.91,1719.12,0.0,1.0,High overstock,MARKDOWN / CLEAR,0.0,154649.17
SKU03646,67.76770560393557,85.0,87.0,34.0,Dairy & Bakery,342.83,196.53,0.0,0.2505870196588067,Healthy,HEALTHY,0.0,3386.66
SKU03647,309.68911526242783,110.0,124.0,45.0,Electronics & Accessories,1456.54,862.25,0.10875085879478741,0.0,Healthy,HEALTHY,18093.55,0.0
SKU03648,156.37172004306947,268.0,218.0,85.0,Grocery,312.11,228.55,0.0,0.7093287150091523,High overstock,MARKDOWN / CLEAR,0.0,25512.64
SKU03649,100.93636052693051,241.0,85.0,39.0,Grocery,451.0,282.79,0.0,1.0,High overstock,MARKDOWN / CLEAR,0.0,39608.6
SKU03650,95.10549455645307,546.0,355.0,137.0,Grocery,250.71,188.04,0.0,1.0,High overstock,MARKDOWN / CLEAR,0.0,84786.2
SKU03651,72.46734885754854,112.0,55.0,13.0,Stationery & Office,193.72,114.08,0.0,0.5380982403367288,High overstock,MARKDOWN / CLEAR,0.0,4509.88
SKU03652,104.32887430105255,376.0,256.0,91.0,Frozen Foods,905.61,585.32,0.0,1.0,High overstock,MARKDOWN / CLEAR,0.0,159014.54
SKU03653,61.359722406214416,56.0,22.0,10.0,Apparel & Footwear,2747.25,1776.29,0.0,0.0,Healthy,HEALTHY,0.0,0.0
SKU03654,75.2219304445012,245.0,125.0,41.0,Grocery,98.57,66.05,0.0,1.0,High overstock,MARKDOWN / CLEAR,0.0,11213.84
SKU03655,61.514167415849485,180.0,112.0,43.0,Grocery,335.52,218.96,0.0,1.0,High overstock,MARKDOWN / CLEAR,0.0,25943.66
SKU03656,127.74785433968887,117.0,113.0,55.0,Home & Kitchen,1079.71,698.24,0.0,0.0,Healthy,HEALTHY,0.0,0.0
SKU03657,93.66454087322836,62.0,88.0,21.0,Beverages,321.49,203.22,0.0,0.0,Healthy,HEALTHY,0.0,0.0
SKU03658,88.0178529069174,120.0,122.0,33.0,Beverages,202.55,112.17,0.0,0.35927789818212225,Healthy,HEALTHY,0.0,3587.44
SKU03659,61.58788056598936,279.0,119.0,43.0,Frozen Foods,484.55,341.19,0.0,1.0,High overstock,MARKDOWN / CLEAR,0.0,74178.84
SKU03660,92.2788971018128,51.0,23.0,5.0,Health & Wellness,340.18,227.37,0.0,0.0,Healthy,HEALTHY,0.0,0.0
SKU03661,122.67336886013678,251.0,129.0,63.0,Snacks & Confectionery,195.37,125.69,0.0,1.0,High overstock,MARKDOWN / CLEAR,0.0,16129.37
SKU03662,72.38856703834975,520.0,209.0,65.0,Home Care,275.54,166.11,0.0,1.0,High overstock,MARKDOWN / CLEAR,0.0,74352.74
SKU03663,63.411389713500945,204.0,207.0,73.0,Electronics & Accessories,2474.65,1912.53,0.0,1.0,High overstock,MARKDOWN / CLEAR,0.0,268879.93
SKU03664,61.60602678198987,36.0,24.0,10.0,Home Care,139.83,85.22,0.0,0.0,Healthy,HEALTHY,0.0,0.0
SKU03665,91.88084753284903,488.0,284.0,95.0,Personal Care,311.73,243.22,0.0,1.0,High overstock,MARKDOWN / CLEAR,0.0,96344.1
SKU03666,186.17721661264565,174.0,86.0,37.0,Grocery,125.46,75.82,0.0,0.0,Healthy,HEALTHY,0.0,0.0
SKU03667,72.66600611598693,186.0,152.0,46.0,Home Care,291.82,231.37,0.0,1.0,High overstock,MARKDOWN / CLEAR,0.0,26222.09
SKU03668,141.5671577359071,0.0,0.0,0.0,Apparel & Footwear,2009.1,1315.88,1.0,0.0,High stockout,REORDER NOW,71105.64,0.0
SKU03669,227.43872213644795,88.0,98.0,32.0,Health & Wellness,1245.54,850.93,0.020695383324961014,0.0,Healthy,HEALTHY,1070.77,0.0
SKU03670,64.41103767340056,239.0,125.0,31.0,Home & Kitchen,955.67,597.01,0.0,1.0,High overstock,MARKDOWN / CLEAR,0.0,104231.36
SKU03671,222.05999029253368,614.0,262.0,84.0,Beverages,91.48,71.79,0.0,1.0,High overstock,MARKDOWN / CLEAR,0.0,28137.37
SKU03672,102.02469438832841,208.0,74.0,19.0,Grocery,193.3,119.97,0.0,1.0,High overstock,MARKDOWN / CLEAR,0.0,12713.86
SKU03673,104.19469693113214,0.0,0.0,0.0,Frozen Foods,619.3,453.67,1.0,0.0,High stockout,REORDER NOW,16131.94,0.0
SKU03674,61.49902041088285,167.0,178.0,65.0,Snacks & Confectionery,266.04,147.68,0.0,1.0,High overstock,MARKDOWN / CLEAR,0.0,15580.38
SKU03675,61.16042818841761,67.0,62.0,19.0,Health & Wellness,1591.33,1097.51,0.0,0.09394355833395754,Healthy,HEALTHY,0.0,6408.99
SKU03676,216.88719511984223,571.0,236.0,80.0,Home & Kitchen,1392.72,1024.2,0.0,1.0,High overstock,MARKDOWN / CLEAR,0.0,362682.33
SKU03677,65.37611225067424,317.0,244.0,85.0,Personal Care,507.31,338.74,0.0,1.0,High overstock,MARKDOWN / CLEAR,0.0,85235.08
SKU03678,62.29721651859647,403.0,260.0,86.0,Frozen Foods,508.25,361.28,0.0,1.0,High overstock,MARKDOWN / CLEAR,0.0,123089.1
SKU03679,64.19237387674413,75.0,105.0,33.0,Electronics & Accessories,1956.97,1452.1,0.0,0.16578052739250293,Healthy,HEALTHY,0.0,15693.75
SKU03680,225.5701125533784,0.0,0.0,0.0,Beverages,169.14,114.18,1.0,0.0,High stockout,REORDER NOW,9538.23,0.0
SKU03681,89.35563142333703,22.0,42.0,17.0,Home & Kitchen,581.19,351.34,0.45462083211015547,0.0,Healthy,HEALTHY,10077.2,0.0
SKU03682,163.90570224058257,63.0,154.0,51.0,Snacks & Confectionery,34.13,22.16,0.3224088835374097,0.0,Healthy,HEALTHY,988.97,0.0
SKU03683,84.48202409714739,180.0,88.0,19.0,Apparel & Footwear,1392.52,1020.29,0.0,1.0,High overstock,MARKDOWN / CLEAR,0.0,97456.04
SKU03684,66.84011982220707,188.0,74.0,22.0,Health & Wellness,1376.71,850.49,0.0,1.0,High overstock,MARKDOWN / CLEAR,0.0,103045.27
SKU03685,187.91342675118494,456.0,182.0,59.0,Beverages,44.86,31.76,0.0,1.0,High overstock,MARKDOWN / CLEAR,0.0,8514.43
SKU03686,77.34607091116148,1045.0,608.0,243.0,Electronics & Accessories,1933.77,1135.26,0.0,1.0,High overstock,MARKDOWN / CLEAR,0.0,1098538.8
SKU03687,142.03097635731103,369.0,263.0,77.0,Snacks & Confectionery,100.41,78.58,0.0,1.0,High overstock,MARKDOWN / CLEAR,0.0,17835.23
SKU03688,112.4173796542632,412.0,219.0,72.0,Health & Wellness,671.66,470.66,0.0,1.0,High overstock,MARKDOWN / CLEAR,0.0,141001.56
SKU03689,61.549041447448175,185.0,200.0,54.0,Stationery & Office,368.35,245.71,0.0,1.0,High overstock,MARKDOWN / CLEAR,0.0,30333.14
SKU03690,113.61432540279634,129.0,117.0,39.0,Stationery & Office,312.29,235.12,0.0,0.13423866993181538,Healthy,HEALTHY,0.0,3617.48
SKU03691,107.27246432638248,159.0,90.0,22.0,Home & Kitchen,736.36,551.75,0.0,0.4777533788986939,Healthy,HEALTHY,0.0,28540.67
SKU03692,67.9123890054877,135.0,59.0,22.0,Home Care,267.69,153.74,0.0,0.9735203199698956,High overstock,MARKDOWN / CLEAR,0.0,10314.05
SKU03693,311.73239335841106,173.0,1289.0,405.0,Frozen Foods,1381.82,866.08,0.6425125692093161,0.0,High stockout,REORDER NOW,428271.75,0.0
SKU03694,95.05296595305362,217.0,102.0,45.0,Dairy & Bakery,328.79,218.53,0.0,1.0,High overstock,MARKDOWN / CLEAR,0.0,26649.09
SKU03695,102.26781669648449,71.0,28.0,13.0,Stationery & Office,209.27,132.91,0.0,0.0,Healthy,HEALTHY,0.0,0.0
SKU03696,62.943390443576604,235.0,100.0,27.0,Home Care,211.56,133.14,0.0,1.0,High overstock,MARKDOWN / CLEAR,0.0,22907.62
SKU03697,67.35769047721396,59.0,29.0,8.0,Apparel & Footwear,2871.26,1832.0,0.0,0.0,Healthy,HEALTHY,0.0,0.0
SKU03698,75.76087572496367,273.0,115.0,31.0,Personal Care,422.86,247.59,0.0,1.0,High overstock,MARKDOWN / CLEAR,0.0,48834.43
SKU03699,123.45112707972545,317.0,282.0,80.0,Electronics & Accessories,2185.11,1267.05,0.0,1.0,High overstock,MARKDOWN / CLEAR,0.0,245236.1
SKU03700,62.866410253284876,390.0,163.0,39.0,Snacks & Confectionery,85.82,52.79,0.0,1.0,High overstock,MARKDOWN / CLEAR,0.0,17269.38
SKU03701,61.78848093531672,130.0,93.0,40.0,Electronics & Accessories,2591.76,1470.88,0.0,1.0,High overstock,MARKDOWN / CLEAR,0.0,100330.96
SKU03702,763.315577530516,255.0,752.0,252.0,Grocery,473.65,320.92,0.4254542612537475,0.0,Healthy,HEALTHY,88965.16,0.0
SKU03703,63.91503591983229,133.0,46.0,10.0,Beverages,115.62,68.02,0.0,1.0,High overstock,MARKDOWN / CLEAR,0.0,4699.16
SKU03704,144.9417506525702,0.0,0.0,0.0,Personal Care,370.99,210.31,1.0,0.0,High stockout,REORDER NOW,13442.99,0.0
SKU03705,92.53434829960345,303.0,124.0,32.0,Home Care,254.25,193.05,0.0,1.0,High overstock,MARKDOWN / CLEAR,0.0,40630.39
SKU03706,68.68451461067878,210.0,99.0,22.0,Electronics & Accessories,2125.77,1481.4,0.0,1.0,High overstock,MARKDOWN / CLEAR,0.0,209344.76
SKU03707,65.066463575729,143.0,100.0,32.0,Personal Care,247.37,191.61,0.0,1.0,High overstock,MARKDOWN / CLEAR,0.0,14932.84
SKU03708,126.16365012936095,0.0,0.0,0.0,Grocery,102.64,81.69,1.0,0.0,High stockout,REORDER NOW,3237.36,0.0
SKU03709,63.43242432151121,5470.0,1286.0,462.0,Dairy & Bakery,266.41,186.06,0.0,1.0,High overstock,MARKDOWN / CLEAR,0.0,1005945.96
SKU03710,139.15632285594296,182.0,186.0,69.0,Home Care,95.93,71.85,0.0,0.3056849400086866,Healthy,HEALTHY,0.0,3078.32
SKU03711,104.76767843598583,331.0,257.0,98.0,Frozen Foods,521.8,307.8,0.0,1.0,High overstock,MARKDOWN / CLEAR,0.0,69634.31
SKU03712,74.73287841594754,25.0,27.0,10.0,Health & Wellness,756.91,548.45,0.1577733031142572,0.0,Healthy,HEALTHY,2787.87,0.0
SKU03713,61.83530176394211,181.0,226.0,91.0,Snacks & Confectionery,197.54,135.79,0.0,1.0,High overstock,MARKDOWN / CLEAR,0.0,16181.37
SKU03714,174.97158388351681,406.0,279.0,83.0,Health & Wellness,1127.31,810.65,0.0,1.0,High overstock,MARKDOWN / CLEAR,0.0,187283.19
SKU03715,90.55621187198267,354.0,267.0,104.0,Health & Wellness,930.79,536.3,0.0,1.0,High overstock,MARKDOWN / CLEAR,0.0,141284.9
SKU03716,69.11595944815542,112.0,94.0,19.0,Apparel & Footwear,883.69,692.77,0.0,0.6116159700211127,High overstock,MARKDOWN / CLEAR,0.0,29708.78
SKU03717,119.50606174624124,181.0,150.0,50.0,Frozen Foods,240.36,157.28,0.0,0.5102974685476919,High overstock,MARKDOWN / CLEAR,0.0,9671.77
SKU03718,69.79409241214108,130.0,76.0,31.0,Apparel & Footwear,2305.93,1715.5,0.0,0.8504368872667925,High overstock,MARKDOWN / CLEAR,0.0,103283.23
SKU03719,100.88469898961034,275.0,316.0,125.0,Snacks & Confectionery,134.23,107.07,0.0,1.0,High overstock,MARKDOWN / CLEAR,0.0,18642.53
SKU03720,105.23660078175531,274.0,143.0,49.0,Electronics & Accessories,2020.2,1552.18,0.0,1.0,High overstock,MARKDOWN / CLEAR,0.0,261951.17
SKU03721,69.90187535468118,382.0,143.0,48.0,Grocery,300.22,188.52,0.0,1.0,High overstock,MARKDOWN / CLEAR,0.0,58836.74
SKU03722,108.18140168851731,0.0,0.0,0.0,Beverages,78.55,51.1,1.0,0.0,High stockout,REORDER NOW,2124.41,0.0
SKU03723,91.77368068212193,337.0,264.0,101.0,Home & Kitchen,912.9,650.13,0.0,1.0,High overstock,MARKDOWN / CLEAR,0.0,159428.99
SKU03724,212.20106268134188,224.0,94.0,39.0,Home Care,380.37,260.37,0.0,0.055341831650685736,Healthy,HEALTHY,0.0,3072.09
SKU03725,122.03965826085323,281.0,138.0,57.0,Health & Wellness,977.64,637.98,0.0,1.0,High overstock,MARKDOWN / CLEAR,0.0,101413.52
SKU03726,66.8915287879017,244.0,146.0,54.0,Health & Wellness,411.19,293.32,0.0,1.0,High overstock,MARKDOWN / CLEAR,0.0,51949.46
SKU03727,8395.523718932232,102.0,1038.0,373.0,Electronics & Accessories,1660.93,1291.18,0.9587525631446352,0.0,High stockout,REORDER NOW,3936206.33,0.0
SKU03728,81.46476485922811,62.0,53.0,21.0,Snacks & Confectionery,126.47,79.34,0.0,0.0,Healthy,HEALTHY,0.0,0.0
SKU03729,63.80180411301742,5.0,61.0,20.0,Snacks & Confectionery,111.51,64.91,0.8646836544382983,0.0,High stockout,REORDER NOW,3451.28,0.0
SKU03730,63.49514569815576,583.0,265.0,90.0,Grocery,223.49,160.68,0.0,1.0,High overstock,MARKDOWN / CLEAR,0.0,83474.04
SKU03731,64.03942486715054,207.0,148.0,61.0,Home & Kitchen,1599.44,1115.45,0.0,1.0,High overstock,MARKDOWN / CLEAR,0.0,159465.37
SKU03732,61.8790650075917,1121.0,507.0,168.0,Snacks & Confectionery,114.01,88.52,0.0,1.0,High overstock,MARKDOWN / CLEAR,0.0,93753.39
SKU03733,134.70582239834317,106.0,122.0,49.0,Frozen Foods,598.28,440.13,0.0,0.0,Healthy,HEALTHY,0.0,0.0
SKU03734,215.47696428374957,297.0,136.0,43.0,Home Care,441.41,286.6,0.0,0.37658988791709597,Healthy,HEALTHY,0.0,23364.5
SKU03735,70.46621866901145,268.0,116.0,41.0,Beverages,128.98,91.36,0.0,1.0,High overstock,MARKDOWN / CLEAR,0.0,18046.69
SKU03736,71.52858831997537,146.0,169.0,71.0,Personal Care,234.21,179.31,0.0,1.0,High overstock,MARKDOWN / CLEAR,0.0,13353.47
SKU03737,64.15530285733736,6508.0,1462.0,507.0,Grocery,235.68,150.1,0.0,1.0,High overstock,MARKDOWN / CLEAR,0.0,967221.09
SKU03738,120.3364929621199,180.0,108.0,39.0,Snacks & Confectionery,62.53,34.61,0.0,0.49171939604770404,Healthy,HEALTHY,0.0,2064.95
SKU03739,97.63212479787344,300.0,192.0,69.0,Beverages,140.88,99.54,0.0,1.0,High overstock,MARKDOWN / CLEAR,0.0,20143.7
SKU03740,63.005594905624,4008.0,1037.0,327.0,Apparel & Footwear,2021.49,1124.92,0.0,1.0,High overstock,MARKDOWN / CLEAR,0.0,4437803.11
SKU03741,102.86637706790987,52.0,166.0,67.0,Frozen Foods,497.2,389.99,0.4451356197189186,0.0,Healthy,HEALTHY,20244.29,0.0
SKU03742,67.96130544068639,0.0,0.0,0.0,Stationery & Office,83.18,49.25,1.0,0.0,High stockout,REORDER NOW,1413.26,0.0
SKU03743,485.10705095151457,0.0,1163.0,372.0,Home Care,253.24,162.98,1.0,0.0,High stockout,REORDER NOW,124917.41,0.0
SKU03744,65.00025833934711,4373.0,1003.0,363.0,Snacks & Confectionery,72.29,56.86,0.0,1.0,High overstock,MARKDOWN / CLEAR,0.0,244952.87
SKU03745,65.76898251197981,0.0,0.0,0.0,Health & Wellness,574.68,327.56,1.0,0.0,High stockout,REORDER NOW,9449.03,0.0
SKU03746,70.63825219409465,260.0,173.0,56.0,Stationery & Office,223.44,123.13,0.0,1.0,High overstock,MARKDOWN / CLEAR,0.0,23316.11
SKU03747,110.82180614215704,180.0,103.0,33.0,Frozen Foods,411.88,237.21,0.0,0.6186467223566213,High overstock,MARKDOWN / CLEAR,0.0,16409.76
SKU03748,61.46832212421065,56.0,74.0,25.0,Grocery,165.67,131.96,0.0,0.0,Healthy,HEALTHY,0.0,0.0
SKU03749,66.08197160815477,6483.0,1462.0,461.0,Dairy & Bakery,229.84,182.25,0.0,1.0,High overstock,MARKDOWN / CLEAR,0.0,1169483.31
SKU03750,70.94963592114534,64.0,227.0,78.0,Stationery & Office,148.43,95.91,0.33841519351585836,0.0,Healthy,HEALTHY,4710.78,0.0
SKU03751,66.28430825687101,0.0,0.0,0.0,Frozen Foods,393.38,289.42,1.0,0.0,High stockout,REORDER NOW,6518.73,0.0
SKU03752,66.24397687224916,249.0,178.0,48.0,Stationery & Office,119.85,87.97,0.0,1.0,High overstock,MARKDOWN / CLEAR,0.0,16077.05
SKU03753,68.84582301461415,175.0,62.0,25.0,Frozen Foods,653.46,375.71,0.0,1.0,High overstock,MARKDOWN / CLEAR,0.0,39883.19
SKU03754,66.11977631794265,121.0,131.0,36.0,Grocery,421.65,256.69,0.0,0.8176461051075733,High overstock,MARKDOWN / CLEAR,0.0,14087.2
SKU03755,86.32884186870378,335.0,136.0,58.0,Home & Kitchen,1185.42,915.44,0.0,1.0,High overstock,MARKDOWN / CLEAR,0.0,227643.52
SKU03756,64.21217577689417,36.0,24.0,10.0,Apparel & Footwear,1150.76,680.59,0.0,0.0,Healthy,HEALTHY,0.0,0.0
SKU03757,64.81974922950039,154.0,123.0,43.0,Electronics & Accessories,1271.47,864.87,0.0,1.0,High overstock,MARKDOWN / CLEAR,0.0,77129.32
SKU03758,62.314676135399836,46.0,99.0,21.0,Stationery & Office,118.71,72.54,0.0,0.0,Healthy,HEALTHY,0.0,0.0
SKU03759,144.90171283538496,392.0,255.0,88.0,Snacks & Confectionery,117.37,80.92,0.0,1.0,High overstock,MARKDOWN / CLEAR,0.0,19995.19
SKU03760,133.25222162838875,243.0,98.0,29.0,Home & Kitchen,643.46,385.52,0.0,0.817474579120143,High overstock,MARKDOWN / CLEAR,0.0,42309.96
SKU03761,64.835509851318,220.0,116.0,44.0,Snacks & Confectionery,141.48,85.45,0.0,1.0,High overstock,MARKDOWN / CLEAR,0.0,13258.81
SKU03762,82.38518923804529,419.0,278.0,110.0,Stationery & Office,220.73,123.98,0.0,1.0,High overstock,MARKDOWN / CLEAR,0.0,41733.5
SKU03763,91.34216945519235,318.0,212.0,86.0,Snacks & Confectionery,85.93,68.53,0.0,1.0,High overstock,MARKDOWN / CLEAR,0.0,15532.86
SKU03764,61.20602894995288,123.0,58.0,25.0,Frozen Foods,945.01,546.47,0.0,0.9933759169832673,High overstock,MARKDOWN / CLEAR,0.0,33768.55
SKU03765,62.2887301864327,37.0,28.0,8.0,Apparel & Footwear,1105.89,723.15,0.0,0.0,Healthy,HEALTHY,0.0,0.0
SKU03766,238.41431582958324,236.0,123.0,45.0,Grocery,268.44,175.66,0.0,0.0,Healthy,HEALTHY,0.0,0.0
SKU03767,78.3977831408084,316.0,180.0,48.0,Grocery,360.34,225.54,0.0,1.0,High overstock,MARKDOWN / CLEAR,0.0,53588.8
SKU03768,105.71230025254992,89.0,49.0,18.0,Home & Kitchen,3321.91,2486.44,0.0,0.0,Healthy,HEALTHY,0.0,0.0
SKU03769,164.54037704848386,11.0,48.0,18.0,Grocery,96.33,61.11,0.8170785273562149,0.0,High stockout,REORDER NOW,4636.85,0.0
SKU03770,93.62091424565162,111.0,186.0,69.0,Health & Wellness,691.48,488.44,0.0,0.18367065984196038,Healthy,HEALTHY,0.0,8488.64
SKU03771,87.59463107611373,51.0,42.0,17.0,Stationery & Office,153.58,105.32,0.0,0.0,Healthy,HEALTHY,0.0,0.0
SKU03772,103.21087949023686,336.0,126.0,41.0,Health & Wellness,245.96,188.41,0.0,1.0,High overstock,MARKDOWN / CLEAR,0.0,43859.8
SKU03773,61.94014728175238,7788.0,1791.0,653.0,Home Care,152.43,115.06,0.0,1.0,High overstock,MARKDOWN / CLEAR,0.0,888960.45
SKU03774,71.12561945824993,266.0,217.0,65.0,Home Care,384.33,232.32,0.0,1.0,High overstock,MARKDOWN / CLEAR,0.0,45273.22
SKU03775,62.444820138410726,240.0,245.0,87.0,Health & Wellness,787.79,581.02,0.0,1.0,High overstock,MARKDOWN / CLEAR,0.0,103163.11
SKU03776,78.04307037630866,0.0,0.0,0.0,Frozen Foods,335.33,250.87,1.0,0.0,High stockout,REORDER NOW,6542.55,0.0
SKU03777,94.76671796405158,395.0,284.0,99.0,Frozen Foods,361.49,281.89,0.0,1.0,High overstock,MARKDOWN / CLEAR,0.0,84632.76
SKU03778,68.83679819002369,23.0,25.0,10.0,Beverages,155.82,123.22,0.18466314645806692,0.0,Healthy,HEALTHY,655.88,0.0
SKU03779,128.61322548730763,148.0,100.0,45.0,Health & Wellness,638.13,468.54,0.0,0.1495740457025415,Healthy,HEALTHY,0.0,9083.48
SKU03780,70.71898954193736,370.0,179.0,72.0,Electronics & Accessories,3123.93,2069.55,0.0,1.0,High overstock,MARKDOWN / CLEAR,0.0,619377.02
SKU03781,133.05794180599614,135.0,69.0,31.0,Electronics & Accessories,1471.19,916.91,0.0,0.014486707522440858,Healthy,HEALTHY,0.0,1780.69
SKU03782,69.73057619878568,152.0,60.0,19.0,Grocery,58.53,44.84,0.0,1.0,High overstock,MARKDOWN / CLEAR,0.0,3688.96
SKU03783,68.16487876692858,167.0,187.0,70.0,Electronics & Accessories,1069.2,832.79,0.0,1.0,High overstock,MARKDOWN / CLEAR,0.0,82308.9
SKU03784,96.04932985681835,124.0,130.0,58.0,Electronics & Accessories,1234.71,709.21,0.0,0.2880047722577647,Healthy,HEALTHY,0.0,19822.89
SKU03785,174.12030723651782,30.0,51.0,18.0,Snacks & Confectionery,233.48,160.77,0.5202308787885581,0.0,High stockout,REORDER NOW,7361.64,0.0
SKU03786,65.42168386470624,10.0,40.0,10.0,Home & Kitchen,1371.52,798.63,0.6344417432886725,0.0,High stockout,REORDER NOW,22431.79,0.0
SKU03787,101.60211085818862,150.0,127.0,51.0,Frozen Foods,694.67,425.76,0.0,0.47170461442751854,Healthy,HEALTHY,0.0,20605.89
SKU03788,73.09514014446097,49.0,86.0,35.0,Home Care,82.95,53.57,0.0971700247662094,0.0,Healthy,HEALTHY,354.51,0.0
SKU03789,118.89065580465423,253.0,126.0,49.0,Electronics & Accessories,1048.14,658.01,0.0,1.0,High overstock,MARKDOWN / CLEAR,0.0,88245.29
SKU03790,88.48252997455572,0.0,0.0,0.0,Frozen Foods,745.39,543.39,1.0,0.0,High stockout,REORDER NOW,16488.5,0.0
SKU03791,65.21184361834135,202.0,91.0,30.0,Frozen Foods,836.9,476.82,0.0,1.0,High overstock,MARKDOWN / CLEAR,0.0,65223.33
SKU03792,61.90083299882535,194.0,94.0,42.0,Dairy & Bakery,235.81,165.88,0.0,1.0,High overstock,MARKDOWN / CLEAR,0.0,21912.61
SKU03793,78.92751462571077,453.0,243.0,107.0,Stationery & Office,232.87,161.93,0.0,1.0,High overstock,MARKDOWN / CLEAR,0.0,60573.56
SKU03794,63.7868899529114,21.0,43.0,14.0,Stationery & Office,131.35,98.09,0.32141440800432386,0.0,Healthy,HEALTHY,1175.15,0.0
SKU03795,88.5418450253604,337.0,125.0,47.0,Beverages,162.83,93.49,0.0,1.0,High overstock,MARKDOWN / CLEAR,0.0,23228.35
SKU03796,73.70670180442863,0.0,0.0,0.0,Electronics & Accessories,1839.46,1164.66,1.0,0.0,High stockout,REORDER NOW,33895.13,0.0
SKU03797,68.52433547301163,216.0,253.0,103.0,Grocery,361.59,261.89,0.0,1.0,High overstock,MARKDOWN / CLEAR,0.0,38622.4
SKU03798,61.86353695036162,188.0,86.0,43.0,Personal Care,531.23,386.69,0.0,1.0,High overstock,MARKDOWN / CLEAR,0.0,48775.71
SKU03799,178.19880126556353,4.0,58.0,24.0,Stationery & Office,272.04,180.2,0.9424871713062247,0.0,High stockout,REORDER NOW,17560.1,0.0
SKU03800,616.9242669629987,0.0,766.0,256.0,Snacks & Confectionery,114.46,76.17,1.0,0.0,High stockout,REORDER NOW,46955.05,0.0
SKU03801,68.68740891852927,0.0,0.0,0.0,Personal Care,657.63,520.34,1.0,0.0,High stockout,REORDER NOW,11292.73,0.0
SKU03802,65.13364805614552,230.0,151.0,57.0,Snacks & Confectionery,37.67,23.79,0.0,1.0,High overstock,MARKDOWN / CLEAR,0.0,3922.17
SKU03803,66.67163551494002,7305.0,1640.0,588.0,Electronics & Accessories,989.21,581.19,0.0,1.0,High overstock,MARKDOWN / CLEAR,0.0,4206844.06
SKU03804,132.1668610439793,0.0,0.0,0.0,Home Care,257.43,202.91,1.0,0.0,High stockout,REORDER NOW,8505.93,0.0
SKU03805,68.17661998893766,5339.0,1262.0,481.0,Health & Wellness,1279.53,962.72,0.0,1.0,High overstock,MARKDOWN / CLEAR,0.0,5074327.08
SKU03806,65.9273114027966,0.0,0.0,0.0,Stationery & Office,81.99,49.95,1.0,0.0,High stockout,REORDER NOW,1351.35,0.0
SKU03807,65.94007252905494,4214.0,911.0,292.0,Frozen Foods,347.25,265.41,0.0,1.0,High overstock,MARKDOWN / CLEAR,0.0,1100936.59
SKU03808,66.01255645779736,190.0,153.0,47.0,Electronics & Accessories,1626.96,997.45,0.0,1.0,High overstock,MARKDOWN / CLEAR,0.0,123671.28
SKU03809,67.59337121511179,160.0,135.0,48.0,Beverages,39.49,29.89,0.0,1.0,High overstock,MARKDOWN / CLEAR,0.0,2762.03
SKU03810,95.32855529432646,666.0,300.0,83.0,Snacks & Confectionery,174.05,123.08,0.0,1.0,High overstock,MARKDOWN / CLEAR,0.0,70238.24
SKU03811,77.5808869043581,596.0,426.0,169.0,Stationery & Office,239.04,160.31,0.0,1.0,High overstock,MARKDOWN / CLEAR,0.0,83107.77
SKU03812,334.0222004662966,23.0,985.0,348.0,Home & Kitchen,1167.25,912.81,0.9468214916691803,0.0,High stockout,REORDER NOW,476828.1,0.0
SKU03813,82.89335354418424,401.0,149.0,45.0,Health & Wellness,1597.17,1201.62,0.0,1.0,High overstock,MARKDOWN / CLEAR,0.0,382243.31
SKU03814,67.52243816127252,263.0,107.0,32.0,Personal Care,390.08,227.21,0.0,1.0,High overstock,MARKDOWN / CLEAR,0.0,44414.46
SKU03815,121.4849355137175,150.0,53.0,15.0,Snacks & Confectionery,160.57,116.64,0.0,0.23280466586920803,Healthy,HEALTHY,0.0,3326.0
SKU03816,95.28526262464803,374.0,325.0,102.0,Home & Kitchen,2031.96,1518.64,0.0,1.0,High overstock,MARKDOWN / CLEAR,0.0,423267.35
SKU03817,94.29104982860268,121.0,60.0,13.0,Apparel & Footwear,677.89,464.55,0.0,0.28028813009656156,Healthy,HEALTHY,0.0,12407.64
SKU03818,68.95923577011415,386.0,233.0,62.0,Snacks & Confectionery,148.24,91.76,0.0,1.0,High overstock,MARKDOWN / CLEAR,0.0,29091.66
SKU03819,66.0021952302752,215.0,122.0,48.0,Health & Wellness,470.54,286.38,0.0,1.0,High overstock,MARKDOWN / CLEAR,0.0,42669.99
SKU03820,247.68376763654234,47.0,31.0,13.0,Health & Wellness,961.05,762.63,0.3809349723788862,0.0,Healthy,HEALTHY,26833.42,0.0
SKU03821,63.11600562674364,231.0,179.0,53.0,Home Care,132.88,87.59,0.0,1.0,High overstock,MARKDOWN / CLEAR,0.0,14704.96
SKU03822,61.665159880538,6757.0,1519.0,545.0,Stationery & Office,242.23,164.65,0.0,1.0,High overstock,MARKDOWN / CLEAR,0.0,1102386.88
SKU03823,63.8803330692419,6636.0,1457.0,511.0,Beverages,54.63,38.22,0.0,1.0,High overstock,MARKDOWN / CLEAR,0.0,251186.41
SKU03824,61.12805170167603,269.0,121.0,40.0,Dairy & Bakery,470.84,270.81,0.0,1.0,High overstock,MARKDOWN / CLEAR,0.0,56293.8
SKU03825,63.57632425178016,186.0,86.0,27.0,Beverages,105.66,60.26,0.0,1.0,High overstock,MARKDOWN / CLEAR,0.0,7377.25
SKU03826,282.8292700757878,235.0,126.0,34.0,Electronics & Accessories,3319.6,1990.21,0.0,0.0,Healthy,HEALTHY,0.0,0.0
SKU03827,70.16352024234205,0.0,0.0,0.0,Health & Wellness,403.01,228.24,1.0,0.0,High stockout,REORDER NOW,7069.15,0.0
SKU03828,61.03145737381214,6637.0,1427.0,499.0,Stationery & Office,327.11,253.39,0.0,1.0,High overstock,MARKDOWN / CLEAR,0.0,1666284.67
SKU03829,112.17156600660543,432.0,192.0,64.0,Frozen Foods,660.71,387.84,0.0,1.0,High overstock,MARKDOWN / CLEAR,0.0,124042.26
SKU03830,81.9265137550638,90.0,48.0,13.0,Beverages,136.62,82.88,0.0,0.09735711631122572,Healthy,HEALTHY,0.0,669.13
SKU03831,92.3718122151616,299.0,173.0,74.0,Home Care,110.38,75.54,0.0,1.0,High overstock,MARKDOWN / CLEAR,0.0,15608.69
SKU03832,70.30875558803501,28.0,49.0,17.0,Beverages,107.73,83.39,0.21297885335864253,0.0,Healthy,HEALTHY,708.56,0.0
SKU03833,61.27457956652819,6471.0,1482.0,496.0,Electronics & Accessories,2097.29,1179.22,0.0,1.0,High overstock,MARKDOWN / CLEAR,0.0,7558476.41
SKU03834,113.6346087491163,46.0,45.0,18.0,Electronics & Accessories,1737.86,1049.66,0.029712976899542665,0.0,Healthy,HEALTHY,710.18,0.0
SKU03835,223.80110963116877,22.0,32.0,14.0,Home & Kitchen,897.0,654.22,0.6899236929892,0.0,High stockout,REORDER NOW,43011.4,0.0
SKU03836,254.2662594911098,0.0,0.0,0.0,Personal Care,442.52,300.82,1.0,0.0,High stockout,REORDER NOW,28129.48,0.0
SKU03837,61.19949940298205,5797.0,1226.0,436.0,Dairy & Bakery,197.06,137.67,0.0,1.0,High overstock,MARKDOWN / CLEAR,0.0,789647.65
SKU03838,132.29706589255196,259.0,153.0,49.0,Grocery,259.95,144.07,0.0,0.9505305556356408,High overstock,MARKDOWN / CLEAR,0.0,18254.09
SKU03839,64.33918234722933,7744.0,1715.0,609.0,Personal Care,598.7,459.02,0.0,1.0,High overstock,MARKDOWN / CLEAR,0.0,3525117.91
SKU03840,839.0974553845133,68.0,1338.0,476.0,Home Care,255.12,177.23,0.9009864031336566,0.0,High stockout,REORDER NOW,157606.6,0.0
SKU03841,103.42505317555437,51.0,99.0,41.0,Apparel & Footwear,989.04,750.28,0.24841131055041066,0.0,Healthy,HEALTHY,15682.48,0.0
SKU03842,73.39848778981144,149.0,58.0,23.0,Apparel & Footwear,941.03,744.29,0.0,1.0,High overstock,MARKDOWN / CLEAR,0.0,56269.45
SKU03843,180.8134961665412,95.0,75.0,19.0,Beverages,125.55,92.03,0.0,0.0,Healthy,HEALTHY,0.0,0.0
SKU03844,133.77473712026674,0.0,0.0,0.0,Dairy & Bakery,100.64,56.13,1.0,0.0,High stockout,REORDER NOW,3365.77,0.0
SKU03845,105.21840954704312,533.0,263.0,109.0,Frozen Foods,622.07,452.79,0.0,1.0,High overstock,MARKDOWN / CLEAR,0.0,193695.23
SKU03846,63.13064907379349,83.0,179.0,78.0,Personal Care,245.51,169.61,0.12431242155951383,0.3098261317040992,Healthy,HEALTHY,2647.25,3370.04
SKU03847,109.4838318133908,175.0,80.0,33.0,Grocery,100.07,57.63,0.0,0.5929932652704082,High overstock,MARKDOWN / CLEAR,0.0,3775.7
SKU03848,61.99368330324244,4695.0,1114.0,409.0,Home & Kitchen,1270.1,784.42,0.0,1.0,High overstock,MARKDOWN / CLEAR,0.0,3634222.81
SKU03849,64.91159778495403,248.0,215.0,61.0,Electronics & Accessories,613.72,363.45,0.0,1.0,High overstock,MARKDOWN / CLEAR,0.0,66543.48
SKU03850,93.80864684152425,132.0,52.0,13.0,Frozen Foods,514.7,402.09,0.0,0.402825632796066,Healthy,HEALTHY,0.0,15356.36
SKU03851,446.07617744175866,0.0,1075.0,386.0,Dairy & Bakery,99.5,74.51,1.0,0.0,High stockout,REORDER NOW,49503.14,0.0
SKU03852,69.6237543149152,303.0,210.0,77.0,Home & Kitchen,568.41,412.22,0.0,1.0,High overstock,MARKDOWN / CLEAR,0.0,96202.36
SKU03853,140.69003835900594,192.0,88.0,24.0,Grocery,326.25,241.7,0.0,0.3621282218231029,Healthy,HEALTHY,0.0,12401.62
SKU03854,336.2008951046675,284.0,146.0,55.0,Home Care,482.43,337.85,0.0,0.0,Healthy,HEALTHY,0.0,0.0
SKU03855,231.95417731731604,345.0,271.0,110.0,Apparel & Footwear,683.9,522.37,0.0,0.4852706398507712,Healthy,HEALTHY,0.0,59051.75
SKU03856,81.05994832687081,207.0,178.0,77.0,Stationery & Office,115.78,70.3,0.0,1.0,High overstock,MARKDOWN / CLEAR,0.0,8853.59
SKU03857,62.22016284342864,361.0,174.0,70.0,Dairy & Bakery,233.07,142.78,0.0,1.0,High overstock,MARKDOWN / CLEAR,0.0,42659.79
SKU03858,61.16600099761045,0.0,0.0,0.0,Health & Wellness,620.77,433.26,1.0,0.0,High stockout,REORDER NOW,9492.5,0.0
SKU03859,65.16883978922793,144.0,80.0,32.0,Snacks & Confectionery,109.65,82.52,0.0,1.0,High overstock,MARKDOWN / CLEAR,0.0,6505.15
SKU03860,64.6678524365514,253.0,141.0,50.0,Beverages,107.87,81.87,0.0,1.0,High overstock,MARKDOWN / CLEAR,0.0,15418.75
SKU03861,101.46421270201208,108.0,191.0,79.0,Personal Care,803.59,638.1,0.0,0.06378604905690727,Healthy,HEALTHY,0.0,4170.49
SKU03862,79.40664118439712,411.0,173.0,69.0,Home & Kitchen,965.23,714.82,0.0,1.0,High overstock,MARKDOWN / CLEAR,0.0,237029.56
SKU03863,61.20162884558101,7961.0,1848.0,595.0,Electronics & Accessories,1941.52,1180.8,0.0,1.0,High overstock,MARKDOWN / CLEAR,0.0,9328081.92
SKU03864,63.60407143767273,6464.0,1429.0,476.0,Home Care,266.5,161.94,0.0,1.0,High overstock,MARKDOWN / CLEAR,0.0,1036480.12
SKU03865,63.54845415624313,179.0,94.0,32.0,Dairy & Bakery,266.91,176.53,0.0,1.0,High overstock,MARKDOWN / CLEAR,0.0,20380.66
SKU03866,72.42484166836135,455.0,206.0,69.0,Beverages,126.0,89.78,0.0,1.0,High overstock,MARKDOWN / CLEAR,0.0,34347.6
SKU03867,73.68449319076198,0.0,0.0,0.0,Dairy & Bakery,62.88,42.65,1.0,0.0,High stockout,REORDER NOW,1158.32,0.0
SKU03868,65.82963643640704,239.0,119.0,43.0,Beverages,115.75,65.61,0.0,1.0,High overstock,MARKDOWN / CLEAR,0.0,11361.71
SKU03869,89.04310775254612,206.0,93.0,37.0,Snacks & Confectionery,109.56,73.46,0.0,1.0,High overstock,MARKDOWN / CLEAR,0.0,8591.65
SKU03870,417.28472534149535,261.0,1077.0,388.0,Electronics & Accessories,301.78,227.63,0.4709329137388797,0.0,Healthy,HEALTHY,69808.11,0.0
SKU03871,60.902982101762724,413.0,318.0,121.0,Beverages,35.34,21.56,0.0,1.0,High overstock,MARKDOWN / CLEAR,0.0,7591.21
SKU03872,64.79550878355292,0.0,0.0,0.0,Grocery,403.77,286.18,1.0,0.0,High stockout,REORDER NOW,6540.62,0.0
SKU03873,66.87746003891242,500.0,230.0,85.0,Frozen Foods,855.7,528.33,0.0,1.0,High overstock,MARKDOWN / CLEAR,0.0,228831.63
SKU03874,131.30692889280542,92.0,78.0,30.0,Dairy & Bakery,224.65,154.77,0.0,0.0,Healthy,HEALTHY,0.0,0.0
SKU03875,62.67762504476252,168.0,155.0,50.0,Home Care,203.41,147.52,0.0,1.0,High overstock,MARKDOWN / CLEAR,0.0,15537.16
SKU03876,466.6510510583294,303.0,704.0,224.0,Beverages,232.78,140.09,0.1131605986316464,0.0,Healthy,HEALTHY,8767.14,0.0
SKU03877,69.13324241608937,394.0,191.0,74.0,Snacks & Confectionery,87.54,64.33,0.0,1.0,High overstock,MARKDOWN / CLEAR,0.0,20898.68
SKU03878,80.54227007838008,159.0,63.0,18.0,Home Care,123.56,88.86,0.0,0.962172500792592,High overstock,MARKDOWN / CLEAR,0.0,6971.75
SKU03879,61.49613950201628,269.0,172.0,57.0,Electronics & Accessories,2646.29,1662.37,0.0,1.0,High overstock,MARKDOWN / CLEAR,0.0,344948.19
SKU03880,68.81372537378259,172.0,194.0,71.0,Personal Care,719.08,556.38,0.0,1.0,High overstock,MARKDOWN / CLEAR,0.0,57410.78
SKU03881,86.23468673324345,547.0,252.0,96.0,Frozen Foods,565.72,421.53,0.0,1.0,High overstock,MARKDOWN / CLEAR,0.0,194226.4
SKU03882,62.20764580284907,192.0,96.0,32.0,Frozen Foods,290.83,197.85,0.0,1.0,High overstock,MARKDOWN / CLEAR,0.0,25679.42
SKU03883,138.60839692210203,293.0,286.0,103.0,Dairy & Bakery,181.52,103.59,0.0,1.0,High overstock,MARKDOWN / CLEAR,0.0,15993.43
SKU03884,63.687663820805476,344.0,127.0,42.0,Dairy & Bakery,307.65,203.1,0.0,1.0,High overstock,MARKDOWN / CLEAR,0.0,56931.44
SKU03885,103.82341905347462,301.0,187.0,47.0,Home Care,497.7,314.78,0.0,1.0,High overstock,MARKDOWN / CLEAR,0.0,62067.24
SKU03886,136.93865200138882,126.0,82.0,29.0,Grocery,190.65,117.37,0.0,0.0,Healthy,HEALTHY,0.0,0.0
SKU03887,118.44660245724216,112.0,78.0,26.0,Electronics & Accessories,514.28,365.6,0.0,0.0,Healthy,HEALTHY,0.0,0.0
SKU03888,75.00556585443547,324.0,180.0,53.0,Health & Wellness,697.0,543.96,0.0,1.0,High overstock,MARKDOWN / CLEAR,0.0,135443.01
SKU03889,68.98291613849042,182.0,90.0,34.0,Dairy & Bakery,291.44,170.97,0.0,1.0,High overstock,MARKDOWN / CLEAR,0.0,19322.53
SKU03890,89.45203928101743,381.0,219.0,82.0,Personal Care,659.39,484.92,0.0,1.0,High overstock,MARKDOWN / CLEAR,0.0,141377.44
SKU03891,426.3472241986779,1.0,74.0,22.0,Dairy & Bakery,159.69,112.65,0.9922831650035675,0.0,High stockout,REORDER NOW,20374.34,0.0
SKU03892,63.7402243910788,5029.0,1120.0,390.0,Health & Wellness,510.74,366.08,0.0,1.0,High overstock,MARKDOWN / CLEAR,0.0,1817682.3
SKU03893,124.6810928354223,312.0,185.0,77.0,Apparel & Footwear,1643.55,1251.23,0.0,1.0,High overstock,MARKDOWN / CLEAR,0.0,234379.04
SKU03894,64.8474617330163,268.0,184.0,77.0,Beverages,88.51,56.99,0.0,1.0,High overstock,MARKDOWN / CLEAR,0.0,11577.66
SKU03895,64.54114232473316,84.0,218.0,71.0,Personal Care,173.56,120.6,0.04691975017626959,0.2968953085812129,Healthy,HEALTHY,544.16,2346.74
SKU03896,69.77715817740307,343.0,179.0,42.0,Grocery,380.04,235.32,0.0,1.0,High overstock,MARKDOWN / CLEAR,0.0,64294.8
SKU03897,136.59611295434814,175.0,100.0,36.0,Home Care,97.07,60.29,0.0,0.27910590074876285,Healthy,HEALTHY,0.0,2315.37
SKU03898,192.29390880637843,309.0,223.0,90.0,Snacks & Confectionery,196.68,133.41,0.0,0.6037753176719372,High overstock,MARKDOWN / CLEAR,0.0,15569.76
SKU03899,61.50699714173503,489.0,282.0,82.0,Personal Care,369.05,203.65,0.0,1.0,High overstock,MARKDOWN / CLEAR,0.0,87058.95
SKU03900,73.93012483116757,388.0,210.0,90.0,Home Care,516.82,316.31,0.0,1.0,High overstock,MARKDOWN / CLEAR,0.0,99343.44
SKU03901,223.81075478475702,200.0,112.0,49.0,Dairy & Bakery,110.45,64.93,0.0,0.0,Healthy,HEALTHY,0.0,0.0
SKU03902,191.240119535024,163.0,214.0,83.0,Personal Care,342.12,198.42,0.0,0.0,Healthy,HEALTHY,0.0,0.0
SKU03903,67.51366753139969,282.0,183.0,58.0,Apparel & Footwear,1303.15,842.04,0.0,1.0,High overstock,MARKDOWN / CLEAR,0.0,180606.07
SKU03904,64.1145569676186,100.0,103.0,43.0,Apparel & Footwear,2752.22,1585.53,0.0,0.5511124501734258,High overstock,MARKDOWN / CLEAR,0.0,56897.45
SKU03905,61.39942237633748,6638.0,1455.0,473.0,Grocery,404.11,237.85,0.0,1.0,High overstock,MARKDOWN / CLEAR,0.0,1564244.45
SKU03906,195.0345093041792,345.0,210.0,80.0,Personal Care,125.53,90.03,0.0,0.764995363459834,High overstock,MARKDOWN / CLEAR,0.0,13501.39
SKU03907,822.8268619052526,0.0,908.0,343.0,Home & Kitchen,876.73,624.96,1.0,0.0,High stockout,REORDER NOW,481067.64,0.0
SKU03908,89.51877671997809,254.0,127.0,38.0,Frozen Foods,951.93,748.46,0.0,1.0,High overstock,MARKDOWN / CLEAR,0.0,123107.62
SKU03909,61.32479249197206,70.0,79.0,17.0,Snacks & Confectionery,78.39,61.15,0.0,0.1391935241364081,Healthy,HEALTHY,0.0,530.49
SKU03910,100.78704265243078,122.0,142.0,50.0,Health & Wellness,664.29,510.5,0.0,0.20840528219298476,Healthy,HEALTHY,0.0,10829.21
SKU03911,104.6473721375927,239.0,130.0,37.0,Beverages,89.02,64.34,0.0,1.0,High overstock,MARKDOWN / CLEAR,0.0,8644.25
SKU03912,178.7327913029204,311.0,117.0,40.0,Grocery,181.63,112.0,0.0,0.7359102795780731,High overstock,MARKDOWN / CLEAR,0.0,14813.93
SKU03913,87.92110884753447,27.0,83.0,26.0,Health & Wellness,468.93,278.8,0.4487577135751848,0.0,Healthy,HEALTHY,9838.28,0.0
SKU03914,89.29674836549667,185.0,96.0,44.0,Frozen Foods,268.05,211.05,0.0,1.0,High overstock,MARKDOWN / CLEAR,0.0,20198.17
SKU03915,201.8897406719218,95.0,70.0,18.0,Apparel & Footwear,1708.53,1349.58,0.0,0.0,Healthy,HEALTHY,0.0,0.0
SKU03916,64.75135669866462,195.0,125.0,43.0,Personal Care,149.76,101.25,0.0,1.0,High overstock,MARKDOWN / CLEAR,0.0,13187.68
SKU03917,81.92901524838449,285.0,287.0,113.0,Home & Kitchen,1503.21,1032.86,0.0,1.0,High overstock,MARKDOWN / CLEAR,0.0,209743.9
SKU03918,132.79874118313094,273.0,217.0,89.0,Home Care,192.73,106.26,0.0,1.0,High overstock,MARKDOWN / CLEAR,0.0,14897.79
SKU03919,163.88150786555482,158.0,63.0,13.0,Electronics & Accessories,535.43,314.38,0.0,0.0,Healthy,HEALTHY,0.0,0.0
SKU03920,89.1155185268497,64.0,56.0,22.0,Beverages,230.58,158.29,0.0,0.0,Healthy,HEALTHY,0.0,0.0
SKU03921,62.17760093184984,396.0,174.0,77.0,Beverages,69.99,41.68,0.0,1.0,High overstock,MARKDOWN / CLEAR,0.0,13913.72
SKU03922,182.0740802871231,191.0,91.0,42.0,Apparel & Footwear,2095.66,1403.43,0.0,0.0487557807138945,Healthy,HEALTHY,0.0,12526.9
SKU03923,62.59996982772244,177.0,113.0,40.0,Home & Kitchen,1592.34,1192.23,0.0,1.0,High overstock,MARKDOWN / CLEAR,0.0,136391.15
SKU03924,71.22846160946831,210.0,139.0,44.0,Stationery & Office,272.17,204.18,0.0,1.0,High overstock,MARKDOWN / CLEAR,0.0,28334.37
SKU03925,62.883435996000884,183.0,162.0,49.0,Dairy & Bakery,166.83,127.69,0.0,1.0,High overstock,MARKDOWN / CLEAR,0.0,15337.68
SKU03926,108.10764428350718,0.0,0.0,0.0,Grocery,411.28,250.44,1.0,0.0,High stockout,REORDER NOW,11115.63,0.0
SKU03927,68.59114612469557,189.0,88.0,31.0,Stationery & Office,287.74,189.33,0.0,1.0,High overstock,MARKDOWN / CLEAR,0.0,22797.01
SKU03928,63.37485598441568,101.0,62.0,29.0,Health & Wellness,501.18,354.19,0.0,0.5844695640902541,High overstock,MARKDOWN / CLEAR,0.0,13326.45
SKU03929,89.18573069760615,164.0,98.0,26.0,Snacks & Confectionery,126.5,87.95,0.0,0.8295577218667441,High overstock,MARKDOWN / CLEAR,0.0,6579.91
SKU03930,93.59407919806694,49.0,72.0,27.0,Apparel & Footwear,1786.19,1428.54,0.04666515317702369,0.0,Healthy,HEALTHY,2498.02,0.0
SKU03931,61.04124066149663,3555.0,963.0,306.0,Home & Kitchen,1536.0,950.89,0.0,1.0,High overstock,MARKDOWN / CLEAR,0.0,3322370.44
SKU03932,62.08760687985857,8004.0,1739.0,615.0,Dairy & Bakery,188.65,107.12,0.0,1.0,High overstock,MARKDOWN / CLEAR,0.0,850737.66
SKU03933,69.80823832582618,134.0,116.0,38.0,Apparel & Footwear,2467.37,1596.3,0.0,0.9065578129312235,High overstock,MARKDOWN / CLEAR,0.0,102469.31
SKU03934,60.97744680527613,132.0,272.0,82.0,Apparel & Footwear,1977.79,1343.92,0.0,1.0,High overstock,MARKDOWN / CLEAR,0.0,95448.63
SKU03935,64.38195520682456,155.0,81.0,20.0,Frozen Foods,522.89,338.21,0.0,1.0,High overstock,MARKDOWN / CLEAR,0.0,30647.93
SKU03936,63.68500537778529,443.0,214.0,76.0,Health & Wellness,1559.07,981.97,0.0,1.0,High overstock,MARKDOWN / CLEAR,0.0,372475.95
SKU03937,235.75743039416344,440.0,330.0,138.0,Dairy & Bakery,235.76,144.83,0.0,0.8626659330852053,High overstock,MARKDOWN / CLEAR,0.0,29580.45
SKU03938,63.92156242644307,270.0,91.0,44.0,Stationery & Office,132.09,86.77,0.0,1.0,High overstock,MARKDOWN / CLEAR,0.0,17881.43
SKU03939,66.31982364667343,18.0,120.0,39.0,Stationery & Office,126.76,91.56,0.6818661359846006,0.0,High stockout,REORDER NOW,4763.64,0.0
SKU03940,97.55799886904417,162.0,227.0,84.0,Stationery & Office,235.21,138.12,0.0,0.653848514280217,High overstock,MARKDOWN / CLEAR,0.0,8900.73
SKU03941,63.1322690339485,5499.0,1349.0,491.0,Electronics & Accessories,2059.71,1578.53,0.0,1.0,High overstock,MARKDOWN / CLEAR,0.0,8580680.29
SKU03942,100.80212598613818,148.0,98.0,25.0,Grocery,240.46,170.79,0.0,0.4636236577248739,Healthy,HEALTHY,0.0,8060.92
SKU03943,344.7135805243211,84.0,133.0,55.0,Personal Care,216.19,124.71,0.4091929373477816,0.0,Healthy,HEALTHY,12361.4,0.0
SKU03944,73.52157525815572,656.0,390.0,135.0,Home Care,344.74,191.63,0.0,1.0,High overstock,MARKDOWN / CLEAR,0.0,111620.34
SKU03945,148.09381417612613,310.0,215.0,68.0,Stationery & Office,140.02,78.81,0.0,1.0,High overstock,MARKDOWN / CLEAR,0.0,12759.83
SKU03946,91.88487734968315,0.0,0.0,0.0,Frozen Foods,849.0,486.13,1.0,0.0,High stockout,REORDER NOW,19502.57,0.0
SKU03947,189.07383730463332,248.0,130.0,52.0,Frozen Foods,464.65,330.31,0.0,0.31001722031278356,Healthy,HEALTHY,0.0,19463.9
SKU03948,116.29387884089276,44.0,122.0,42.0,Beverages,68.23,53.58,0.3895118387264369,0.0,Healthy,HEALTHY,1847.22,0.0
SKU03949,84.56497163436444,217.0,76.0,35.0,Apparel & Footwear,1149.07,670.28,0.0,1.0,High overstock,MARKDOWN / CLEAR,0.0,88768.55
SKU03950,64.28468363005479,8341.0,1861.0,652.0,Personal Care,318.71,197.95,0.0,1.0,High overstock,MARKDOWN / CLEAR,0.0,1638375.8
SKU03951,86.36225351949926,225.0,276.0,85.0,Beverages,156.85,120.22,0.0,1.0,High overstock,MARKDOWN / CLEAR,0.0,16667.03
SKU03952,71.29305105289608,71.0,179.0,60.0,Stationery & Office,382.65,258.83,0.09925068423929873,0.0,Healthy,HEALTHY,2610.92,0.0
SKU03953,66.6329305396296,114.0,156.0,45.0,Snacks & Confectionery,132.43,86.98,0.0,0.7003551240858269,High overstock,MARKDOWN / CLEAR,0.0,4119.99
SKU03954,104.70702605637874,262.0,169.0,58.0,Grocery,378.57,253.0,0.0,1.0,High overstock,MARKDOWN / CLEAR,0.0,39795.12
SKU03955,164.98270092290215,140.0,93.0,23.0,Grocery,499.04,287.09,0.0,0.0,Healthy,HEALTHY,0.0,0.0
SKU03956,124.00184998378806,175.0,151.0,57.0,Home Care,223.29,135.07,0.0,0.4079791620910096,Healthy,HEALTHY,0.0,6888.32
SKU03957,88.6791277947463,0.0,0.0,0.0,Beverages,88.38,69.86,1.0,0.0,High stockout,REORDER NOW,1959.37,0.0
SKU03958,73.35404824824892,505.0,220.0,82.0,Home & Kitchen,707.73,503.09,0.0,1.0,High overstock,MARKDOWN / CLEAR,0.0,217156.76
SKU03959,61.8670065624867,205.0,89.0,34.0,Frozen Foods,316.0,196.42,0.0,1.0,High overstock,MARKDOWN / CLEAR,0.0,28114.18
SKU03960,127.4558086656766,216.0,80.0,30.0,Dairy & Bakery,171.93,135.26,0.0,0.6892969049361674,High overstock,MARKDOWN / CLEAR,0.0,11976.49
SKU03961,61.90826664037585,636.0,300.0,114.0,Grocery,132.37,85.96,0.0,1.0,High overstock,MARKDOWN / CLEAR,0.0,49348.93
SKU03962,81.50051301184578,69.0,34.0,14.0,Home Care,298.31,174.58,0.0,0.0,Healthy,HEALTHY,0.0,0.0
SKU03963,62.07894341400844,674.0,322.0,113.0,Beverages,127.38,100.8,0.0,1.0,High overstock,MARKDOWN / CLEAR,0.0,61681.64
SKU03964,61.216891272376714,177.0,132.0,51.0,Stationery & Office,109.67,78.58,0.0,1.0,High overstock,MARKDOWN / CLEAR,0.0,9098.24
SKU03965,88.73283891274497,262.0,176.0,70.0,Dairy & Bakery,81.54,60.19,0.0,1.0,High overstock,MARKDOWN / CLEAR,0.0,10428.95
SKU03966,61.766454555879065,4412.0,1012.0,355.0,Home Care,367.96,204.45,0.0,1.0,High overstock,MARKDOWN / CLEAR,0.0,889405.25
SKU03967,84.25950459416114,399.0,174.0,78.0,Grocery,173.22,107.53,0.0,1.0,High overstock,MARKDOWN / CLEAR,0.0,33844.05
SKU03968,61.58367008749771,7787.0,1745.0,623.0,Beverages,119.45,93.93,0.0,1.0,High overstock,MARKDOWN / CLEAR,0.0,725648.36
SKU03969,205.41587852079377,299.0,216.0,64.0,Snacks & Confectionery,109.07,64.23,0.0,0.45337656264548865,Healthy,HEALTHY,0.0,6010.91
SKU03970,112.87945144934214,104.0,48.0,15.0,Grocery,526.03,404.19,0.0,0.0,Healthy,HEALTHY,0.0,0.0
SKU03971,92.77078852452837,138.0,89.0,24.0,Electronics & Accessories,1736.31,1289.41,0.0,0.48233796672873946,Healthy,HEALTHY,0.0,58319.0
SKU03972,61.81826417104571,424.0,212.0,82.0,Stationery & Office,257.16,165.77,0.0,1.0,High overstock,MARKDOWN / CLEAR,0.0,60038.87
SKU03973,70.41269891165607,0.0,0.0,0.0,Stationery & Office,79.3,61.19,1.0,0.0,High stockout,REORDER NOW,1395.93,0.0
SKU03974,97.08128914718161,125.0,65.0,14.0,Dairy & Bakery,228.41,178.31,0.0,0.28464869391065345,Healthy,HEALTHY,0.0,4978.19
SKU03975,60.99606388486317,6275.0,1360.0,470.0,Apparel & Footwear,1906.33,1461.62,0.0,1.0,High overstock,MARKDOWN / CLEAR,0.0,9082512.43
SKU03976,65.43369586305808,419.0,145.0,58.0,Frozen Foods,451.64,294.41,0.0,1.0,High overstock,MARKDOWN / CLEAR,0.0,104093.46
SKU03977,99.19238206337326,179.0,132.0,51.0,Grocery,227.8,158.73,0.0,0.7965437720219803,High overstock,MARKDOWN / CLEAR,0.0,12667.86
SKU03978,188.2554552086806,189.0,70.0,22.0,Beverages,192.57,120.65,0.0,0.003934073078625123,Healthy,HEALTHY,0.0,89.83
SKU03979,187.6352563491422,223.0,83.0,23.0,Frozen Foods,823.95,479.94,0.0,0.18747684995535366,Healthy,HEALTHY,0.0,16972.96
SKU03980,63.0080503333651,498.0,325.0,114.0,Home Care,315.01,244.3,0.0,1.0,High overstock,MARKDOWN / CLEAR,0.0,106268.53
SKU03981,61.985600977607504,281.0,196.0,78.0,Grocery,285.57,227.11,0.0,1.0,High overstock,MARKDOWN / CLEAR,0.0,49740.36
SKU03982,68.29291923189763,147.0,96.0,33.0,Stationery & Office,217.81,122.99,0.0,1.0,High overstock,MARKDOWN / CLEAR,0.0,9680.18
SKU03983,67.69779891585273,335.0,145.0,51.0,Electronics & Accessories,2768.56,1998.72,0.0,1.0,High overstock,MARKDOWN / CLEAR,0.0,534262.26
SKU03984,67.99271276936175,626.0,358.0,142.0,Frozen Foods,331.05,260.64,0.0,1.0,High overstock,MARKDOWN / CLEAR,0.0,145439.02
SKU03985,77.93217857360555,389.0,214.0,71.0,Stationery & Office,195.76,137.42,0.0,1.0,High overstock,MARKDOWN / CLEAR,0.0,42746.94
SKU03986,64.56741089166269,246.0,166.0,80.0,Stationery & Office,239.18,134.37,0.0,1.0,High overstock,MARKDOWN / CLEAR,0.0,24379.1
SKU03987,92.0864962963432,50.0,82.0,32.0,Stationery & Office,167.23,92.6,0.10748749565208071,0.0,Healthy,HEALTHY,839.77,0.0
SKU03988,66.27726265652686,94.0,105.0,35.0,Dairy & Bakery,227.15,153.56,0.0,0.4120669636190027,Healthy,HEALTHY,0.0,4257.1
SKU03989,85.35306953479815,229.0,196.0,84.0,Home & Kitchen,544.65,427.54,0.0,1.0,High overstock,MARKDOWN / CLEAR,0.0,61414.81
SKU03990,95.4624662082195,32.0,40.0,19.0,Frozen Foods,690.44,427.88,0.27049925396521146,0.0,Healthy,HEALTHY,7502.06,0.0
SKU03991,67.40221319216276,252.0,121.0,51.0,Electronics & Accessories,2711.33,1728.69,0.0,1.0,High overstock,MARKDOWN / CLEAR,0.0,319112.35
SKU03992,101.03319433713007,681.0,441.0,165.0,Home & Kitchen,1113.75,834.2,0.0,1.0,High overstock,MARKDOWN / CLEAR,0.0,483808.31
SKU03993,85.75982156264223,0.0,0.0,0.0,Beverages,64.74,48.58,1.0,0.0,High stockout,REORDER NOW,1388.02,0.0
SKU03994,66.38302248501091,307.0,149.0,52.0,Home Care,281.11,220.93,0.0,1.0,High overstock,MARKDOWN / CLEAR,0.0,53159.51
SKU03995,71.61095934458413,353.0,181.0,71.0,Beverages,177.76,135.04,0.0,1.0,High overstock,MARKDOWN / CLEAR,0.0,37998.78
SKU03996,89.93241589795912,337.0,300.0,106.0,Dairy & Bakery,304.55,212.72,0.0,1.0,High overstock,MARKDOWN / CLEAR,0.0,52556.22
SKU03997,72.65178551083422,242.0,176.0,49.0,Personal Care,308.27,241.9,0.0,1.0,High overstock,MARKDOWN / CLEAR,0.0,40965.33
SKU03998,96.21938523085404,38.0,45.0,15.0,Home & Kitchen,625.71,440.25,0.05130081618407811,0.0,Healthy,HEALTHY,660.03,0.0
SKU03999,117.1816410479035,0.0,0.0,0.0,Home & Kitchen,494.75,346.52,1.0,0.0,High stockout,REORDER NOW,14493.9,0.0
SKU04000,65.55814790067028,5.0,23.0,8.0,Personal Care,682.46,378.0,0.8030684842779808,0.0,High stockout,REORDER NOW,13232.58,0.0
SKU04001,68.80021328098704,433.0,264.0,91.0,Dairy & Bakery,183.48,121.81,0.0,1.0,High overstock,MARKDOWN / CLEAR,0.0,44363.18
SKU04002,68.09058608335889,403.0,243.0,100.0,Frozen Foods,714.86,400.85,0.0,1.0,High overstock,MARKDOWN / CLEAR,0.0,134248.44
SKU04003,71.65750547651234,176.0,123.0,40.0,Home & Kitchen,1197.42,927.63,0.0,1.0,High overstock,MARKDOWN / CLEAR,0.0,96791.23
SKU04004,92.50194927305563,102.0,36.0,7.0,Stationery & Office,309.68,171.13,0.0,0.10158131248373252,Healthy,HEALTHY,0.0,1625.4
SKU04005,102.52673243251252,215.0,233.0,83.0,Snacks & Confectionery,129.46,81.14,0.0,1.0,High overstock,MARKDOWN / CLEAR,0.0,9126.08
SKU04006,66.57957338883334,51.0,34.0,10.0,Snacks & Confectionery,198.6,158.64,0.0,0.0,Healthy,HEALTHY,0.0,0.0
SKU04007,66.51774601490406,157.0,96.0,39.0,Electronics & Accessories,1079.7,808.44,0.0,1.0,High overstock,MARKDOWN / CLEAR,0.0,73149.47
SKU04008,97.56237534371695,232.0,148.0,56.0,Dairy & Bakery,284.43,210.31,0.0,1.0,High overstock,MARKDOWN / CLEAR,0.0,28273.58
SKU04009,75.9334537468749,380.0,296.0,97.0,Snacks & Confectionery,63.37,46.15,0.0,1.0,High overstock,MARKDOWN / CLEAR,0.0,14032.67
SKU04010,223.50857804186367,101.0,66.0,28.0,Grocery,253.31,142.57,0.0,0.0,Healthy,HEALTHY,0.0,0.0
SKU04011,61.21778612086504,106.0,116.0,50.0,Personal Care,107.6,66.93,0.0,0.7197654669380308,High overstock,MARKDOWN / CLEAR,0.0,2997.27
SKU04012,471.91466511168375,82.0,629.0,187.0,Personal Care,631.0,473.01,0.7320074598746069,0.0,High stockout,REORDER NOW,140699.54,0.0
SKU04013,61.560705973582884,161.0,101.0,27.0,Frozen Foods,447.28,346.14,0.0,1.0,High overstock,MARKDOWN / CLEAR,0.0,34419.92
SKU04014,82.34681580436042,78.0,85.0,39.0,Snacks & Confectionery,76.21,48.58,0.0,0.0,Healthy,HEALTHY,0.0,0.0
SKU04015,108.26092575959315,412.0,198.0,77.0,Electronics & Accessories,1698.51,1044.34,0.0,1.0,High overstock,MARKDOWN / CLEAR,0.0,317206.86
SKU04016,478.1285543182339,361.0,1191.0,416.0,Electronics & Accessories,1492.65,908.98,0.3271605295523785,0.0,Healthy,HEALTHY,260515.4,0.0
SKU04017,113.03551347473268,261.0,153.0,71.0,Home Care,119.49,82.09,0.0,1.0,High overstock,MARKDOWN / CLEAR,0.0,12146.4
SKU04018,64.69385502276155,69.0,88.0,23.0,Snacks & Confectionery,96.14,59.88,0.0,0.06554867233391094,Healthy,HEALTHY,0.0,257.85
SKU04019,68.13123708450432,6691.0,1391.0,483.0,Frozen Foods,496.8,275.89,0.0,1.0,High overstock,MARKDOWN / CLEAR,0.0,1827183.26
SKU04020,109.75534044988429,188.0,191.0,74.0,Electronics & Accessories,3224.18,2088.26,0.0,0.706463988393595,High overstock,MARKDOWN / CLEAR,0.0,163395.19
SKU04021,63.6559547839511,303.0,149.0,50.0,Personal Care,180.53,124.28,0.0,1.0,High overstock,MARKDOWN / CLEAR,0.0,29745.68
SKU04022,67.02304131846164,319.0,234.0,60.0,Dairy & Bakery,234.26,165.99,0.0,1.0,High overstock,MARKDOWN / CLEAR,0.0,41825.66
SKU04023,61.99966011896411,222.0,131.0,34.0,Frozen Foods,898.44,571.17,0.0,1.0,High overstock,MARKDOWN / CLEAR,0.0,91387.39
SKU04024,63.9000956462261,230.0,122.0,51.0,Personal Care,267.98,168.42,0.0,1.0,High overstock,MARKDOWN / CLEAR,0.0,27974.55
SKU04025,102.7606672700209,155.0,79.0,24.0,Personal Care,542.11,336.63,0.0,0.5034598765063297,High overstock,MARKDOWN / CLEAR,0.0,17585.33
SKU04026,346.141899799525,245.0,124.0,29.0,Personal Care,240.97,170.08,0.0,0.0,Healthy,HEALTHY,0.0,0.0
SKU04027,136.20940252912973,0.0,0.0,0.0,Dairy & Bakery,118.29,73.45,1.0,0.0,High stockout,REORDER NOW,4028.05,0.0
SKU04028,76.6199865167029,372.0,271.0,102.0,Electronics & Accessories,2080.9,1621.46,0.0,1.0,High overstock,MARKDOWN / CLEAR,0.0,478946.88
SKU04029,74.56495605003818,118.0,94.0,28.0,Home Care,560.36,347.66,0.0,0.5748040655406413,High overstock,MARKDOWN / CLEAR,0.0,15100.63
SKU04030,61.442291233994055,308.0,158.0,64.0,Home Care,327.86,245.15,0.0,1.0,High overstock,MARKDOWN / CLEAR,0.0,60443.62
SKU04031,74.81404568309735,87.0,38.0,15.0,Health & Wellness,763.98,481.26,0.0,0.16073478478961448,Healthy,HEALTHY,0.0,5864.61
SKU04032,768.2981895578185,217.0,773.0,258.0,Personal Care,203.7,144.36,0.5189265249926778,0.0,High stockout,REORDER NOW,47477.29,0.0
SKU04033,253.67275466806367,161.0,94.0,31.0,Beverages,141.22,102.35,0.0,0.0,Healthy,HEALTHY,0.0,0.0
SKU04034,131.16351616537045,73.0,68.0,20.0,Home & Kitchen,1575.82,935.4,0.0,0.0,Healthy,HEALTHY,0.0,0.0
SKU04035,350.59076511267915,0.0,942.0,288.0,Grocery,140.98,90.93,1.0,0.0,High stockout,REORDER NOW,52958.81,0.0
SKU04036,75.2424085832094,179.0,77.0,26.0,Frozen Foods,952.04,553.99,0.0,1.0,High overstock,MARKDOWN / CLEAR,0.0,57480.67
SKU04037,62.66518789726401,214.0,120.0,40.0,Dairy & Bakery,85.42,57.89,0.0,1.0,High overstock,MARKDOWN / CLEAR,0.0,8760.77
SKU04038,131.40723139288605,357.0,307.0,93.0,Snacks & Confectionery,38.55,29.97,0.0,1.0,High overstock,MARKDOWN / CLEAR,0.0,6761.02
SKU04039,74.44381293851734,143.0,76.0,31.0,Grocery,381.69,266.82,0.0,0.9087052256671103,High overstock,MARKDOWN / CLEAR,0.0,18292.16
SKU04040,61.426794448176764,30.0,30.0,9.0,Home & Kitchen,1438.32,1043.38,0.0,0.0,Healthy,HEALTHY,0.0,0.0
SKU04041,661.7101318060161,184.0,723.0,250.0,Home Care,575.93,357.52,0.5581464109832812,0.0,High stockout,REORDER NOW,133286.06,0.0
SKU04042,260.2440036582476,161.0,107.0,37.0,Personal Care,242.79,161.95,0.0,0.0,Healthy,HEALTHY,0.0,0.0
SKU04043,153.87462094783214,0.0,0.0,0.0,Electronics & Accessories,1422.75,1046.0,1.0,0.0,High stockout,REORDER NOW,54731.28,0.0
SKU04044,62.74627228084765,341.0,267.0,112.0,Grocery,301.4,175.66,0.0,1.0,High overstock,MARKDOWN / CLEAR,0.0,48878.05
SKU04045,128.52126234180886,228.0,176.0,75.0,Frozen Foods,615.16,357.06,0.0,0.7680494758896421,High overstock,MARKDOWN / CLEAR,0.0,35519.88
SKU04046,484.12291777371433,51.0,704.0,233.0,Home Care,114.83,69.6,0.856350462733321,0.0,High stockout,REORDER NOW,34797.02,0.0
SKU04047,66.33068748228587,0.0,0.0,0.0,Frozen Foods,795.11,484.38,1.0,0.0,High stockout,REORDER NOW,13185.05,0.0
SKU04048,61.60428940332712,0.0,0.0,0.0,Beverages,89.34,70.63,1.0,0.0,High stockout,REORDER NOW,1375.93,0.0
SKU04049,72.73155735161717,757.0,351.0,110.0,Stationery & Office,329.02,194.01,0.0,1.0,High overstock,MARKDOWN / CLEAR,0.0,132754.92
SKU04050,113.31378124694982,395.0,281.0,91.0,Snacks & Confectionery,118.91,68.53,0.0,1.0,High overstock,MARKDOWN / CLEAR,0.0,19303.96
SKU04051,122.0509401868852,193.0,75.0,25.0,Electronics & Accessories,1548.72,905.1,0.0,0.5765828339495822,High overstock,MARKDOWN / CLEAR,0.0,64215.99
SKU04052,61.124704337764605,6170.0,1419.0,518.0,Electronics & Accessories,412.3,247.68,0.0,1.0,High overstock,MARKDOWN / CLEAR,0.0,1513046.23
SKU04053,68.0418088425568,7592.0,1798.0,665.0,Personal Care,315.46,202.58,0.0,1.0,High overstock,MARKDOWN / CLEAR,0.0,1524203.45
SKU04054,61.19949940298205,7673.0,1693.0,590.0,Beverages,34.95,20.95,0.0,1.0,High overstock,MARKDOWN / CLEAR,0.0,159467.22
SKU04055,93.50687559148095,41.0,26.0,7.0,Dairy & Bakery,141.34,80.84,0.0,0.0,Healthy,HEALTHY,0.0,0.0
SKU04056,232.1987421192211,38.0,106.0,46.0,Apparel & Footwear,1184.05,691.67,0.6382664088107295,0.0,High stockout,REORDER NOW,78206.13,0.0
SKU04057,63.20239603152456,711.0,385.0,139.0,Home & Kitchen,1531.28,1144.5,0.0,1.0,High overstock,MARKDOWN / CLEAR,0.0,741404.36
SKU04058,121.23610350458915,67.0,89.0,18.0,Stationery & Office,74.66,50.77,0.0,0.0,Healthy,HEALTHY,0.0,0.0
SKU04059,70.95805601807045,0.0,0.0,0.0,Snacks & Confectionery,111.8,82.34,1.0,0.0,High stockout,REORDER NOW,1983.28,0.0
SKU04060,260.8474564282652,543.0,302.0,112.0,Health & Wellness,983.88,584.6,0.0,1.0,High overstock,MARKDOWN / CLEAR,0.0,164946.38
SKU04061,200.09017414337396,96.0,79.0,32.0,Beverages,65.6,41.08,0.0,0.0,Healthy,HEALTHY,0.0,0.0
SKU04062,64.52467425281934,7249.0,1618.0,618.0,Electronics & Accessories,3430.14,2728.94,0.0,1.0,High overstock,MARKDOWN / CLEAR,0.0,19606002.1
SKU04063,364.70778805396486,50.0,168.0,54.0,Personal Care,471.49,269.42,0.657948800946121,0.0,High stockout,REORDER NOW,44874.98,0.0
SKU04064,203.84817574250178,0.0,0.0,0.0,Electronics & Accessories,3845.32,2536.63,1.0,0.0,High stockout,REORDER NOW,195965.37,0.0
SKU04065,101.00827716893053,354.0,177.0,77.0,Electronics & Accessories,3743.61,2335.8,0.0,1.0,High overstock,MARKDOWN / CLEAR,0.0,590938.07
SKU04066,94.20965754728566,498.0,220.0,74.0,Stationery & Office,275.52,152.04,0.0,1.0,High overstock,MARKDOWN / CLEAR,0.0,61392.28
SKU04067,66.72696574311861,0.0,0.0,0.0,Home Care,148.44,102.14,1.0,0.0,High stockout,REORDER NOW,2476.24,0.0
SKU04068,73.8859428591824,67.0,24.0,6.0,Personal Care,584.31,401.71,0.0,0.0,Healthy,HEALTHY,0.0,0.0
SKU04069,116.74781847115328,137.0,124.0,58.0,Frozen Foods,485.51,305.93,0.0,0.17199623561440544,Healthy,HEALTHY,0.0,6195.75
SKU04070,61.33165240064693,115.0,122.0,33.0,Beverages,41.17,27.5,0.0,0.8610127524678947,High overstock,MARKDOWN / CLEAR,0.0,1475.88
SKU04071,165.047703945797,368.0,149.0,49.0,Beverages,174.5,113.07,0.0,1.0,High overstock,MARKDOWN / CLEAR,0.0,22947.82
SKU04072,71.1534162645314,55.0,81.0,21.0,Frozen Foods,174.03,115.91,0.0,0.0,Healthy,HEALTHY,0.0,0.0
SKU04073,61.43435229057984,5701.0,1357.0,458.0,Apparel & Footwear,514.74,392.24,0.0,1.0,High overstock,MARKDOWN / CLEAR,0.0,2212063.23
SKU04074,82.62661588054343,7.0,50.0,19.0,Frozen Foods,340.42,247.99,0.8278264609492504,0.0,High stockout,REORDER NOW,11116.98,0.0
SKU04075,63.61332576559333,59.0,94.0,28.0,Apparel & Footwear,875.69,542.98,0.0,0.0,Healthy,HEALTHY,0.0,0.0
SKU04076,72.18253004309584,27.0,23.0,7.0,Snacks & Confectionery,165.54,100.96,0.0,0.0,Healthy,HEALTHY,0.0,0.0
SKU04077,182.99517728794834,506.0,186.0,65.0,Home Care,110.69,80.95,0.0,1.0,High overstock,MARKDOWN / CLEAR,0.0,26147.24
SKU04078,194.20034206017874,582.0,450.0,196.0,Health & Wellness,357.55,216.72,0.0,1.0,High overstock,MARKDOWN / CLEAR,0.0,84043.94
SKU04079,98.4291519365764,84.0,127.0,50.0,Personal Care,226.24,175.77,0.0,0.0,Healthy,HEALTHY,0.0,0.0
SKU04080,152.88138151051493,186.0,67.0,18.0,Grocery,253.73,192.38,0.0,0.21522173874701034,Healthy,HEALTHY,0.0,6371.36
SKU04081,69.85398662410876,178.0,158.0,46.0,Grocery,115.77,70.98,0.0,1.0,High overstock,MARKDOWN / CLEAR,0.0,7676.2
SKU04082,116.65405637295235,110.0,55.0,21.0,Stationery & Office,52.98,39.75,0.0,0.0,Healthy,HEALTHY,0.0,0.0
SKU04083,68.84600818830262,191.0,82.0,33.0,Health & Wellness,724.3,433.01,0.0,1.0,High overstock,MARKDOWN / CLEAR,0.0,52893.9
SKU04084,171.4744575729979,465.0,290.0,94.0,Dairy & Bakery,89.59,49.83,0.0,1.0,High overstock,MARKDOWN / CLEAR,0.0,14626.38
SKU04085,75.61157620854257,205.0,183.0,79.0,Dairy & Bakery,185.15,146.32,0.0,1.0,High overstock,MARKDOWN / CLEAR,0.0,18932.11
SKU04086,75.06787067627245,290.0,196.0,79.0,Grocery,140.18,103.78,0.0,1.0,High overstock,MARKDOWN / CLEAR,0.0,22305.66
SKU04087,81.32093832519676,128.0,87.0,38.0,Stationery & Office,79.2,53.24,0.0,0.5670375316958179,High overstock,MARKDOWN / CLEAR,0.0,2485.19
SKU04088,401.5147778636727,73.0,28.0,7.0,Beverages,146.66,111.58,0.3264358796741522,0.0,Healthy,HEALTHY,5041.98,0.0
SKU04089,81.45419374444865,373.0,189.0,73.0,Apparel & Footwear,1597.51,908.91,0.0,1.0,High overstock,MARKDOWN / CLEAR,0.0,264988.9
SKU04090,63.723759166609106,476.0,232.0,50.0,Snacks & Confectionery,180.74,132.83,0.0,1.0,High overstock,MARKDOWN / CLEAR,0.0,54762.65
SKU04091,77.26832583456499,120.0,136.0,65.0,Personal Care,590.54,465.98,0.0,0.545963820099545,High overstock,MARKDOWN / CLEAR,0.0,19912.11
SKU04092,94.453115024637,310.0,168.0,62.0,Dairy & Bakery,207.57,156.64,0.0,1.0,High overstock,MARKDOWN / CLEAR,0.0,33763.26
SKU04093,64.89946132791539,244.0,131.0,55.0,Apparel & Footwear,2722.86,1791.42,0.0,1.0,High overstock,MARKDOWN / CLEAR,0.0,320844.29
SKU04094,126.20287153149164,144.0,114.0,25.0,Grocery,203.65,129.64,0.0,0.13991137349523058,Healthy,HEALTHY,0.0,2307.22
SKU04095,115.06656198577213,438.0,176.0,59.0,Personal Care,433.45,335.1,0.0,1.0,High overstock,MARKDOWN / CLEAR,0.0,108215.0
SKU04096,263.2779607760872,88.0,41.0,12.0,Dairy & Bakery,155.65,96.95,0.0,0.0,Healthy,HEALTHY,0.0,0.0
SKU04097,122.54429134508082,107.0,79.0,30.0,Dairy & Bakery,405.48,318.04,0.0,0.0,Healthy,HEALTHY,0.0,0.0
SKU04098,82.54830096941745,458.0,220.0,83.0,Snacks & Confectionery,80.48,50.7,0.0,1.0,High overstock,MARKDOWN / CLEAR,0.0,19035.4
SKU04099,142.1153258201284,0.0,0.0,0.0,Home & Kitchen,2252.94,1309.53,1.0,0.0,High stockout,REORDER NOW,80044.33,0.0
SKU04100,65.6757388786176,0.0,0.0,0.0,Personal Care,152.37,92.79,1.0,0.0,High stockout,REORDER NOW,2501.75,0.0
SKU04101,63.810867102645574,117.0,63.0,23.0,Home Care,368.62,250.61,0.0,0.8206823218877016,High overstock,MARKDOWN / CLEAR,0.0,13329.73
SKU04102,68.48286872872481,5207.0,1170.0,439.0,Personal Care,358.12,208.7,0.0,1.0,High overstock,MARKDOWN / CLEAR,0.0,1072408.53
SKU04103,180.03677141093567,16.0,46.0,15.0,Stationery & Office,104.71,67.54,0.7377444406022327,0.0,High stockout,REORDER NOW,4608.2,0.0
SKU04104,106.87753803484819,60.0,73.0,29.0,Personal Care,572.29,444.36,0.0,0.0,Healthy,HEALTHY,0.0,0.0
SKU04105,778.6169850965202,72.0,1008.0,385.0,Personal Care,464.78,266.54,0.8760019401184085,0.0,High stockout,REORDER NOW,235947.54,0.0
SKU04106,63.81073286119388,4172.0,911.0,313.0,Dairy & Bakery,92.02,64.75,0.0,1.0,High overstock,MARKDOWN / CLEAR,0.0,266005.26
SKU04107,61.292581186082494,4625.0,1109.0,407.0,Dairy & Bakery,193.61,126.03,0.0,1.0,High overstock,MARKDOWN / CLEAR,0.0,575164.05
SKU04108,68.52318800693543,406.0,220.0,73.0,Beverages,263.58,187.63,0.0,1.0,High overstock,MARKDOWN / CLEAR,0.0,63320.77
SKU04109,162.53617365853643,214.0,187.0,80.0,Health & Wellness,345.6,232.38,0.0,0.3146938392292341,Healthy,HEALTHY,0.0,11959.16
SKU04110,159.06211668306764,165.0,70.0,29.0,Grocery,449.47,345.72,0.0,0.03709736844658698,Healthy,HEALTHY,0.0,2052.85
SKU04111,61.47722114823641,104.0,50.0,17.0,Snacks & Confectionery,87.41,56.87,0.0,0.6806125187749954,High overstock,MARKDOWN / CLEAR,0.0,2418.27
SKU04112,107.0092084091183,0.0,0.0,0.0,Snacks & Confectionery,108.72,73.62,1.0,0.0,High stockout,REORDER NOW,2908.51,0.0
SKU04113,66.68412650976968,0.0,0.0,0.0,Dairy & Bakery,233.8,136.2,1.0,0.0,High stockout,REORDER NOW,3897.69,0.0
SKU04114,88.87048168279851,213.0,84.0,38.0,Apparel & Footwear,1503.26,1011.06,0.0,1.0,High overstock,MARKDOWN / CLEAR,0.0,125502.39
SKU04115,66.09209049236492,0.0,0.0,0.0,Health & Wellness,1344.22,777.88,1.0,0.0,High stockout,REORDER NOW,22210.58,0.0
SKU04116,63.24572680419547,419.0,259.0,82.0,Stationery & Office,128.93,89.71,0.0,1.0,High overstock,MARKDOWN / CLEAR,0.0,31914.72
SKU04117,64.12618020445403,77.0,137.0,61.0,Personal Care,572.57,376.09,0.013219590236715262,0.19767503260793912,Healthy,HEALTHY,18.06,4841.71
SKU04118,63.665668226244044,0.0,0.0,0.0,Stationery & Office,201.13,150.01,1.0,0.0,High stockout,REORDER NOW,3201.27,0.0
SKU04119,71.16423007369222,117.0,83.0,19.0,Grocery,475.6,311.34,0.0,0.6351591346502483,High overstock,MARKDOWN / CLEAR,0.0,14270.51
SKU04120,112.78926239883286,155.0,92.0,30.0,Frozen Foods,185.88,131.54,0.0,0.3709553670645825,Healthy,HEALTHY,0.0,5552.4
SKU04121,63.47969053206543,218.0,207.0,72.0,Apparel & Footwear,2511.37,1418.29,0.0,1.0,High overstock,MARKDOWN / CLEAR,0.0,219154.61
SKU04122,76.00596975423812,353.0,170.0,68.0,Frozen Foods,499.33,363.26,0.0,1.0,High overstock,MARKDOWN / CLEAR,0.0,100620.85
SKU04123,63.990228613738054,82.0,69.0,27.0,Stationery & Office,121.48,95.89,0.0,0.27711506437838446,Healthy,HEALTHY,0.0,1726.96
SKU04124,63.191967961972495,102.0,59.0,13.0,Dairy & Bakery,93.29,61.75,0.0,0.6045621168838053,High overstock,MARKDOWN / CLEAR,0.0,2396.4
SKU04125,118.4953171042753,274.0,184.0,65.0,Grocery,219.82,121.44,0.0,1.0,High overstock,MARKDOWN / CLEAR,0.0,18884.49
SKU04126,338.7919592025026,63.0,922.0,283.0,Apparel & Footwear,1646.95,1154.37,0.8291284418608644,0.0,High stockout,REORDER NOW,501822.35,0.0
SKU04127,161.51156326657673,137.0,81.0,24.0,Grocery,97.29,57.04,0.0,0.0,Healthy,HEALTHY,0.0,0.0
SKU04128,63.504811011055914,154.0,78.0,28.0,Apparel & Footwear,1710.44,1140.85,0.0,1.0,High overstock,MARKDOWN / CLEAR,0.0,103241.44
SKU04129,66.21117295877478,281.0,124.0,37.0,Electronics & Accessories,823.72,459.73,0.0,1.0,High overstock,MARKDOWN / CLEAR,0.0,98744.87
SKU04130,82.913205617206,44.0,92.0,18.0,Home & Kitchen,710.24,469.26,0.0,0.0,Healthy,HEALTHY,0.0,0.0
SKU04131,69.97967873539486,161.0,105.0,33.0,Home Care,587.01,451.19,0.0,1.0,High overstock,MARKDOWN / CLEAR,0.0,41067.46
SKU04132,126.63515735520907,150.0,51.0,16.0,Home & Kitchen,2255.25,1316.72,0.0,0.18305961405106033,Healthy,HEALTHY,0.0,30764.96
SKU04133,90.18437277026916,295.0,163.0,56.0,Snacks & Confectionery,181.25,122.27,0.0,1.0,High overstock,MARKDOWN / CLEAR,0.0,25042.81
SKU04134,115.34539652241725,0.0,0.0,0.0,Home Care,394.74,242.16,1.0,0.0,High stockout,REORDER NOW,11382.86,0.0
SKU04135,90.89696784836686,364.0,227.0,70.0,Beverages,128.12,78.83,0.0,1.0,High overstock,MARKDOWN / CLEAR,0.0,21528.71
SKU04136,84.11964952583425,172.0,114.0,41.0,Apparel & Footwear,1348.93,958.85,0.0,1.0,High overstock,MARKDOWN / CLEAR,0.0,84264.07
SKU04137,60.902982101762724,91.0,107.0,36.0,Electronics & Accessories,2390.77,1762.16,0.0,0.486196575291972,Healthy,HEALTHY,0.0,53035.76
SKU04138,93.3235452326716,71.0,81.0,25.0,Apparel & Footwear,2075.16,1594.39,0.0,0.0,Healthy,HEALTHY,0.0,0.0
SKU04139,66.43994381044935,172.0,111.0,38.0,Apparel & Footwear,1671.05,1035.32,0.0,1.0,High overstock,MARKDOWN / CLEAR,0.0,109288.44
SKU04140,408.07730892442044,108.0,736.0,261.0,Dairy & Bakery,331.4,188.13,0.7033124564525279,0.0,High stockout,REORDER NOW,84513.41,0.0
SKU04141,119.17238896951008,110.0,104.0,42.0,Grocery,270.8,178.88,0.0,0.0,Healthy,HEALTHY,0.0,0.0
SKU04142,62.289453561807264,4297.0,1017.0,384.0,Stationery & Office,143.76,100.08,0.0,1.0,High overstock,MARKDOWN / CLEAR,0.0,423809.83
SKU04143,145.19940168183226,0.0,0.0,0.0,Home Care,413.46,303.85,1.0,0.0,High stockout,REORDER NOW,15008.54,0.0
SKU04144,66.30888948605896,7612.0,1799.0,648.0,Beverages,66.69,49.29,0.0,1.0,High overstock,MARKDOWN / CLEAR,0.0,371927.11
SKU04145,69.65314327923616,3684.0,842.0,299.0,Stationery & Office,293.61,224.88,0.0,1.0,High overstock,MARKDOWN / CLEAR,0.0,812794.32
SKU04146,61.7567450097504,161.0,60.0,28.0,Stationery & Office,227.31,126.79,0.0,1.0,High overstock,MARKDOWN / CLEAR,0.0,12583.05
SKU04147,63.510099098651814,6996.0,1551.0,567.0,Home Care,173.16,137.71,0.0,1.0,High overstock,MARKDOWN / CLEAR,0.0,954673.18
SKU04148,61.83175431207894,37.0,49.0,21.0,Apparel & Footwear,838.78,664.07,0.012225407894935647,0.0,Healthy,HEALTHY,0.0,0.0
SKU04149,62.426966330707934,34.0,28.0,13.0,Grocery,229.63,128.34,0.0,0.0,Healthy,HEALTHY,0.0,0.0
SKU04150,61.406732564193064,93.0,74.0,25.0,Beverages,143.14,89.94,0.0,0.5062477418331323,High overstock,MARKDOWN / CLEAR,0.0,2841.5
SKU04151,62.86599990763827,266.0,239.0,72.0,Dairy & Bakery,426.73,316.37,0.0,1.0,High overstock,MARKDOWN / CLEAR,0.0,64265.5
SKU04152,61.40338520028164,6454.0,1348.0,463.0,Health & Wellness,1148.97,769.38,0.0,1.0,High overstock,MARKDOWN / CLEAR,0.0,4918335.98
SKU04153,63.19989049750116,7580.0,1766.0,621.0,Beverages,136.77,75.38,0.0,1.0,High overstock,MARKDOWN / CLEAR,0.0,566616.39
SKU04154,8395.523718932232,327.0,1012.0,358.0,Grocery,351.77,224.67,0.8669585674211182,0.0,High stockout,REORDER NOW,749228.21,0.0
SKU04155,248.56622847939371,74.0,64.0,19.0,Electronics & Accessories,2612.22,1814.8,0.09911617706454612,0.0,Healthy,HEALTHY,18655.32,0.0
SKU04156,207.63727546555847,0.0,64.0,21.0,Apparel & Footwear,3610.04,2779.35,1.0,0.0,High stockout,REORDER NOW,263205.56,0.0
SKU04157,830.2732428006933,58.0,1005.0,330.0,Electronics & Accessories,2678.35,2028.35,0.8923070688570661,0.0,High stockout,REORDER NOW,1284451.78,0.0
SKU04158,64.96965476005667,36.0,97.0,33.0,Apparel & Footwear,2594.6,2040.86,0.28347391464683735,0.0,Healthy,HEALTHY,34358.77,0.0
SKU04159,207.68013439433744,248.0,183.0,51.0,Apparel & Footwear,2188.36,1459.6,0.0,0.1932137226319356,Healthy,HEALTHY,0.0,58850.88
SKU04160,73.9539577398967,56.0,76.0,23.0,Health & Wellness,366.83,274.96,0.0,0.0,Healthy,HEALTHY,0.0,0.0
SKU04161,301.67448337596886,66.0,69.0,27.0,Frozen Foods,189.64,109.08,0.3618170551746043,0.0,Healthy,HEALTHY,6906.43,0.0
SKU04162,322.82837467353215,31.0,55.0,21.0,Home & Kitchen,364.89,247.98,0.6981707991846047,0.0,High stockout,REORDER NOW,25800.31,0.0
SKU04163,78.66552744012134,106.0,126.0,48.0,Personal Care,413.53,322.2,0.0,0.3431154407459858,Healthy,HEALTHY,0.0,8807.17
SKU04164,67.09480341813668,133.0,57.0,17.0,Beverages,159.68,121.31,0.0,0.9678447293132185,High overstock,MARKDOWN / CLEAR,0.0,7994.96
SKU04165,193.4483259654688,287.0,167.0,54.0,Apparel & Footwear,2295.86,1639.02,0.0,0.4811132909991965,Healthy,HEALTHY,0.0,153333.06
SKU04166,3418.420756462485,0.0,797.0,286.0,Dairy & Bakery,263.67,154.85,1.0,0.0,High stockout,REORDER NOW,300743.37,0.0
SKU04167,63.128191737519835,0.0,0.0,0.0,Stationery & Office,200.13,119.18,1.0,0.0,High stockout,REORDER NOW,3158.46,0.0
SKU04168,199.781367217183,0.0,0.0,0.0,Personal Care,701.3,504.7,1.0,0.0,High stockout,REORDER NOW,35026.67,0.0
SKU04169,63.92952193282342,77.0,66.0,27.0,Home & Kitchen,1989.46,1256.13,0.0,0.2013025458696492,Healthy,HEALTHY,0.0,16418.22
SKU04170,178.1307669017058,183.0,161.0,48.0,Grocery,393.34,248.73,0.0,0.027182561558317206,Healthy,HEALTHY,0.0,1211.12
SKU04171,61.16042818841761,5.0,88.0,26.0,Health & Wellness,652.08,496.82,0.8817690389284,0.0,High stockout,REORDER NOW,23664.05,0.0
SKU04172,61.22040381714016,238.0,122.0,32.0,Home Care,346.11,192.13,0.0,1.0,High overstock,MARKDOWN / CLEAR,0.0,33964.66
SKU04173,69.42481412016117,143.0,147.0,44.0,Home Care,235.28,152.49,0.0,1.0,High overstock,MARKDOWN / CLEAR,0.0,11219.48
SKU04174,70.91273159547356,256.0,114.0,27.0,Dairy & Bakery,77.98,47.53,0.0,1.0,High overstock,MARKDOWN / CLEAR,0.0,8797.2
SKU04175,113.94470714764073,51.0,110.0,34.0,Stationery & Office,202.45,112.72,0.19667551928382343,0.0,Healthy,HEALTHY,2325.38,0.0
SKU04176,99.20630073609424,10.0,25.0,8.0,Personal Care,275.44,166.41,0.7041557990845783,0.0,High stockout,REORDER NOW,6280.47,0.0
SKU04177,89.28146434079876,540.0,269.0,86.0,Home & Kitchen,2641.42,1574.45,0.0,1.0,High overstock,MARKDOWN / CLEAR,0.0,709633.8
SKU04178,66.50508922940385,339.0,184.0,60.0,Home Care,295.35,199.69,0.0,1.0,High overstock,MARKDOWN / CLEAR,0.0,54414.51
SKU04179,62.86377717854327,177.0,82.0,34.0,Grocery,147.82,97.38,0.0,1.0,High overstock,MARKDOWN / CLEAR,0.0,11114.59
SKU04180,64.88325083502612,438.0,320.0,110.0,Home & Kitchen,1250.78,835.43,0.0,1.0,High overstock,MARKDOWN / CLEAR,0.0,311712.93
SKU04181,212.2975479835424,55.0,97.0,48.0,Snacks & Confectionery,63.14,48.58,0.4611772686695935,0.0,Healthy,HEALTHY,2909.14,0.0
SKU04182,99.40282765064484,0.0,0.0,0.0,Dairy & Bakery,244.93,164.99,1.0,0.0,High stockout,REORDER NOW,6086.68,0.0
SKU04183,64.44723238433139,0.0,0.0,0.0,Home & Kitchen,764.94,542.92,1.0,0.0,High stockout,REORDER NOW,12324.57,0.0
SKU04184,72.42912262274133,125.0,54.0,13.0,Home & Kitchen,853.17,607.35,0.0,0.7159404266254603,High overstock,MARKDOWN / CLEAR,0.0,31928.92
SKU04185,343.268448598486,109.0,102.0,32.0,Stationery & Office,79.83,54.22,0.08262372289657405,0.0,Healthy,HEALTHY,703.87,0.0
SKU04186,224.69779649403293,340.0,125.0,37.0,Home Care,176.5,110.52,0.0,0.5108698680140435,High overstock,MARKDOWN / CLEAR,0.0,12743.2
SKU04187,82.6260955376999,305.0,202.0,67.0,Apparel & Footwear,1212.81,940.89,0.0,1.0,High overstock,MARKDOWN / CLEAR,0.0,209229.38
SKU04188,244.82591017706238,143.0,139.0,49.0,Dairy & Bakery,180.9,119.31,0.0,0.0,Healthy,HEALTHY,0.0,0.0
SKU04189,87.19525953761578,155.0,111.0,25.0,Electronics & Accessories,1301.46,901.63,0.0,0.7688025503623027,High overstock,MARKDOWN / CLEAR,0.0,61134.79
SKU04190,70.53085564553385,102.0,84.0,33.0,Frozen Foods,272.17,187.74,0.0,0.43993803891301536,Healthy,HEALTHY,0.0,5908.02
SKU04191,791.8651160765868,0.0,1088.0,372.0,Grocery,106.7,80.76,1.0,0.0,High stockout,REORDER NOW,60815.4,0.0
SKU04192,69.9181674495008,760.0,367.0,99.0,Home Care,155.38,106.23,0.0,1.0,High overstock,MARKDOWN / CLEAR,0.0,73307.39
SKU04193,88.36972108853267,46.0,30.0,13.0,Home Care,215.47,143.12,0.0,0.0,Healthy,HEALTHY,0.0,0.0
SKU04194,62.010021882575415,6518.0,1489.0,514.0,Dairy & Bakery,201.25,133.83,0.0,1.0,High overstock,MARKDOWN / CLEAR,0.0,864005.14
SKU04195,69.36950810408291,210.0,81.0,22.0,Personal Care,435.0,324.07,0.0,1.0,High overstock,MARKDOWN / CLEAR,0.0,45574.12
SKU04196,153.4999276386394,223.0,86.0,35.0,Frozen Foods,452.19,286.01,0.0,0.4498388667463627,Healthy,HEALTHY,0.0,19877.72
SKU04197,349.8277896838611,620.0,298.0,111.0,Grocery,358.95,281.31,0.0,0.7700992289111339,High overstock,MARKDOWN / CLEAR,0.0,76002.14
SKU04198,242.23311392842535,402.0,180.0,74.0,Beverages,122.84,93.56,0.0,0.6568467734150221,High overstock,MARKDOWN / CLEAR,0.0,14947.79
SKU04199,64.20145412180862,229.0,102.0,27.0,Apparel & Footwear,1729.75,1011.19,0.0,1.0,High overstock,MARKDOWN / CLEAR,0.0,166642.64
SKU04200,77.42291165118966,0.0,0.0,0.0,Personal Care,520.84,327.77,1.0,0.0,High stockout,REORDER NOW,10081.24,0.0
SKU04201,97.24077083019056,325.0,184.0,56.0,Health & Wellness,704.93,547.31,0.0,1.0,High overstock,MARKDOWN / CLEAR,0.0,124654.9
SKU04202,69.47488139882542,311.0,222.0,91.0,Frozen Foods,1054.73,653.5,0.0,1.0,High overstock,MARKDOWN / CLEAR,0.0,157836.67
SKU04203,93.88242005337484,384.0,313.0,132.0,Frozen Foods,709.74,446.72,0.0,1.0,High overstock,MARKDOWN / CLEAR,0.0,129601.33
SKU04204,266.15934988827723,287.0,157.0,49.0,Personal Care,714.36,431.73,0.0,0.07800831271837602,Healthy,HEALTHY,0.0,8997.53
SKU04205,73.32426737612161,127.0,90.0,33.0,Home Care,318.36,179.43,0.0,0.7221831377395179,High overstock,MARKDOWN / CLEAR,0.0,9631.04
SKU04206,186.03295126614535,38.0,64.0,24.0,Apparel & Footwear,667.18,446.75,0.4685926942082683,0.0,Healthy,HEALTHY,21688.85,0.0
SKU04207,81.41950216865476,130.0,169.0,54.0,Stationery & Office,165.9,122.55,0.0,0.5894296441142671,High overstock,MARKDOWN / CLEAR,0.0,5953.54
SKU04208,99.11539733617096,73.0,90.0,30.0,Dairy & Bakery,436.42,312.04,0.0,0.0,Healthy,HEALTHY,0.0,0.0
SKU04209,66.11515054476807,177.0,82.0,36.0,Electronics & Accessories,1922.46,1070.63,0.0,1.0,High overstock,MARKDOWN / CLEAR,0.0,118716.65
SKU04210,71.40628716943841,0.0,0.0,0.0,Stationery & Office,41.89,28.52,1.0,0.0,High stockout,REORDER NOW,747.8,0.0
SKU04211,84.2593936222703,120.0,150.0,49.0,Grocery,311.36,196.96,0.0,0.4191984584839228,Healthy,HEALTHY,0.0,7039.47
SKU04212,66.55109524741161,5905.0,1345.0,505.0,Apparel & Footwear,1540.6,1094.51,0.0,1.0,High overstock,MARKDOWN / CLEAR,0.0,6390240.71
SKU04213,84.5477618611458,155.0,63.0,17.0,Home Care,541.97,352.98,0.0,0.8235427392385386,High overstock,MARKDOWN / CLEAR,0.0,24868.23
SKU04214,89.39699866585448,73.0,54.0,25.0,Stationery & Office,34.09,27.11,0.0,0.0,Healthy,HEALTHY,0.0,0.0
SKU04215,61.06734640531717,7022.0,1594.0,545.0,Frozen Foods,508.26,384.81,0.0,1.0,High overstock,MARKDOWN / CLEAR,0.0,2678636.49
SKU04216,62.21599601131737,190.0,107.0,37.0,Home & Kitchen,1422.8,1031.66,0.0,1.0,High overstock,MARKDOWN / CLEAR,0.0,131829.65
SKU04217,62.79340177441997,6589.0,1463.0,482.0,Beverages,187.16,127.07,0.0,1.0,High overstock,MARKDOWN / CLEAR,0.0,829285.07
SKU04218,101.2984124955783,93.0,71.0,20.0,Beverages,96.37,67.24,0.0,0.0,Healthy,HEALTHY,0.0,0.0
SKU04219,69.17137916062877,331.0,195.0,71.0,Stationery & Office,198.03,130.81,0.0,1.0,High overstock,MARKDOWN / CLEAR,0.0,34249.8
SKU04220,66.20342533737316,257.0,136.0,48.0,Frozen Foods,689.69,516.35,0.0,1.0,High overstock,MARKDOWN / CLEAR,0.0,98517.81
SKU04221,67.57477823949327,181.0,94.0,41.0,Frozen Foods,443.13,344.34,0.0,1.0,High overstock,MARKDOWN / CLEAR,0.0,39056.84
SKU04222,64.82482176885962,7311.0,1578.0,568.0,Snacks & Confectionery,118.3,94.61,0.0,1.0,High overstock,MARKDOWN / CLEAR,0.0,685560.63
SKU04223,111.62603118874118,226.0,212.0,73.0,Snacks & Confectionery,43.92,30.73,0.0,1.0,High overstock,MARKDOWN / CLEAR,0.0,3514.71
SKU04224,61.791089578639244,0.0,0.0,0.0,Apparel & Footwear,2360.61,1700.75,1.0,0.0,High stockout,REORDER NOW,36466.17,0.0
SKU04225,69.56692833202081,169.0,65.0,17.0,Dairy & Bakery,166.53,108.24,0.0,1.0,High overstock,MARKDOWN / CLEAR,0.0,10762.64
SKU04226,73.88336106925932,461.0,229.0,87.0,Health & Wellness,372.26,205.53,0.0,1.0,High overstock,MARKDOWN / CLEAR,0.0,79564.08
SKU04227,162.36960009074278,80.0,28.0,6.0,Dairy & Bakery,283.28,205.61,0.0,0.0,Healthy,HEALTHY,0.0,0.0
SKU04228,61.534757557061766,7249.0,1640.0,546.0,Dairy & Bakery,79.26,62.1,0.0,1.0,High overstock,MARKDOWN / CLEAR,0.0,446341.59
SKU04229,67.65599122781677,142.0,58.0,29.0,Beverages,143.71,109.92,0.0,1.0,High overstock,MARKDOWN / CLEAR,0.0,8171.89
SKU04230,61.089145667963614,32.0,50.0,13.0,Stationery & Office,164.23,126.4,0.0,0.0,Healthy,HEALTHY,0.0,0.0
SKU04231,65.29821364034581,155.0,61.0,24.0,Stationery & Office,25.75,16.75,0.0,1.0,High overstock,MARKDOWN / CLEAR,0.0,1502.5
SKU04232,87.56674367042257,0.0,0.0,0.0,Beverages,98.56,71.79,1.0,0.0,High stockout,REORDER NOW,2157.64,0.0
SKU04233,190.7782790569677,247.0,181.0,45.0,Personal Care,271.64,192.76,0.0,0.29316000341379456,Healthy,HEALTHY,0.0,10837.3
SKU04234,140.95670361326205,129.0,148.0,49.0,Frozen Foods,823.14,564.04,0.0,0.0,Healthy,HEALTHY,0.0,0.0
SKU04235,294.42137218117085,481.0,307.0,109.0,Personal Care,205.43,120.77,0.0,0.6315678058133434,High overstock,MARKDOWN / CLEAR,0.0,22533.1
SKU04236,61.96474910325951,7621.0,1635.0,574.0,Electronics & Accessories,1751.93,1215.6,0.0,1.0,High overstock,MARKDOWN / CLEAR,0.0,9188763.25
SKU04237,101.34763612087337,78.0,31.0,7.0,Dairy & Bakery,248.5,155.22,0.0,0.0,Healthy,HEALTHY,0.0,0.0
SKU04238,67.67360546531995,268.0,227.0,68.0,Grocery,270.65,196.46,0.0,1.0,High overstock,MARKDOWN / CLEAR,0.0,39356.12
SKU04239,62.154416171724776,174.0,116.0,35.0,Personal Care,460.95,362.4,0.0,1.0,High overstock,MARKDOWN / CLEAR,0.0,40532.84
SKU04240,327.98496309223583,66.0,42.0,10.0,Health & Wellness,701.01,513.08,0.2902938930503498,0.0,Healthy,HEALTHY,18223.62,0.0
SKU04241,90.82590368357694,46.0,37.0,11.0,Snacks & Confectionery,38.94,23.94,0.0,0.0,Healthy,HEALTHY,0.0,0.0
SKU04242,90.88207454886695,107.0,53.0,21.0,Apparel & Footwear,1092.68,728.07,0.0,0.1754196945407542,Healthy,HEALTHY,0.0,11734.98
SKU04243,102.86014926382671,28.0,31.0,12.0,Grocery,86.81,60.0,0.27676680842408485,0.0,Healthy,HEALTHY,843.36,0.0
SKU04244,65.67945628615108,4751.0,1080.0,348.0,Grocery,193.64,141.66,0.0,1.0,High overstock,MARKDOWN / CLEAR,0.0,663722.51
SKU04245,528.5168656283631,99.0,725.0,264.0,Frozen Foods,217.78,127.83,0.7507108620824394,0.0,High stockout,REORDER NOW,64708.8,0.0
SKU04246,66.65260032777225,130.0,68.0,16.0,Frozen Foods,580.11,395.29,0.0,0.9363631163519792,High overstock,MARKDOWN / CLEAR,0.0,25040.59
SKU04247,95.07811420612542,88.0,30.0,12.0,Dairy & Bakery,74.64,57.1,0.0,0.0,Healthy,HEALTHY,0.0,0.0
SKU04248,65.28834010562814,0.0,0.0,0.0,Dairy & Bakery,158.02,88.0,1.0,0.0,High stockout,REORDER NOW,2579.22,0.0
SKU04249,62.47776064944128,130.0,224.0,102.0,Grocery,151.82,111.12,0.0,1.0,High overstock,MARKDOWN / CLEAR,0.0,7503.07
SKU04250,61.67440707251275,6102.0,1428.0,486.0,Health & Wellness,1351.22,1040.59,0.0,1.0,High overstock,MARKDOWN / CLEAR,0.0,6285502.41
SKU04251,63.33126202899626,353.0,299.0,110.0,Personal Care,184.58,138.24,0.0,1.0,High overstock,MARKDOWN / CLEAR,0.0,40043.81
SKU04252,91.80974379912546,121.0,59.0,25.0,Beverages,116.03,90.85,0.0,0.31451715095834154,Healthy,HEALTHY,0.0,2651.93
SKU04253,65.34565752956213,20.0,54.0,12.0,Personal Care,130.21,97.09,0.3182534259536096,0.0,Healthy,HEALTHY,1085.48,0.0
SKU04254,95.47590677259731,367.0,218.0,76.0,Stationery & Office,105.82,71.91,0.0,1.0,High overstock,MARKDOWN / CLEAR,0.0,19525.3
SKU04255,230.2012706724137,320.0,285.0,103.0,Dairy & Bakery,285.12,190.81,0.0,0.3884006738648986,Healthy,HEALTHY,0.0,17134.5
SKU04256,76.53079280323577,36.0,85.0,37.0,Home & Kitchen,1909.53,1065.44,0.3698879777484363,0.0,Healthy,HEALTHY,38443.99,0.0
SKU04257,107.33137461724874,0.0,0.0,0.0,Dairy & Bakery,285.09,158.13,1.0,0.0,High stockout,REORDER NOW,7649.78,0.0
SKU04258,62.499540320645536,260.0,132.0,56.0,Snacks & Confectionery,47.15,33.47,0.0,1.0,High overstock,MARKDOWN / CLEAR,0.0,6610.34
SKU04259,71.50452779322679,462.0,239.0,87.0,Dairy & Bakery,127.11,78.66,0.0,1.0,High overstock,MARKDOWN / CLEAR,0.0,30716.37
SKU04260,69.24316620142525,0.0,0.0,0.0,Dairy & Bakery,206.7,129.55,1.0,0.0,High stockout,REORDER NOW,3578.14,0.0
SKU04261,62.81251464458106,5932.0,1323.0,490.0,Beverages,100.41,75.48,0.0,1.0,High overstock,MARKDOWN / CLEAR,0.0,443006.27
SKU04262,62.37025943221487,89.0,39.0,19.0,Health & Wellness,726.24,419.63,0.0,0.4202245786332957,Healthy,HEALTHY,0.0,11174.64
SKU04263,74.87186818996692,334.0,168.0,55.0,Personal Care,284.31,176.54,0.0,1.0,High overstock,MARKDOWN / CLEAR,0.0,45746.48
SKU04264,285.2713325458237,341.0,204.0,71.0,Electronics & Accessories,2568.45,1852.52,0.0,0.19467079346918445,Healthy,HEALTHY,0.0,103238.47
SKU04265,68.07956245201423,329.0,160.0,53.0,Home Care,83.19,46.39,0.0,1.0,High overstock,MARKDOWN / CLEAR,0.0,12104.1
SKU04266,105.2855776348301,337.0,148.0,61.0,Home Care,188.77,128.35,0.0,1.0,High overstock,MARKDOWN / CLEAR,0.0,29740.55
SKU04267,61.63349103611128,261.0,144.0,37.0,Home Care,489.41,279.63,0.0,1.0,High overstock,MARKDOWN / CLEAR,0.0,55748.86
SKU04268,85.32433533501658,0.0,0.0,0.0,Beverages,140.65,104.14,1.0,0.0,High stockout,REORDER NOW,3000.22,0.0
SKU04269,96.55352019213129,0.0,22.0,6.0,Electronics & Accessories,2740.73,1942.21,1.0,0.0,High stockout,REORDER NOW,82601.16,0.0
SKU04270,64.76376493040426,369.0,187.0,69.0,Beverages,151.93,106.68,0.0,1.0,High overstock,MARKDOWN / CLEAR,0.0,32455.92
SKU04271,65.98864074113985,0.0,0.0,0.0,Electronics & Accessories,1188.3,719.3,1.0,0.0,High stockout,REORDER NOW,19603.58,0.0
SKU04272,124.68900184424531,26.0,20.0,9.0,Stationery & Office,238.28,174.22,0.36850670757991444,0.0,Healthy,HEALTHY,3376.96,0.0
SKU04273,371.4394602682015,131.0,697.0,260.0,Apparel & Footwear,1786.15,1117.09,0.6297969537314503,0.0,High stockout,REORDER NOW,396275.0,0.0
SKU04274,64.21717624517035,277.0,169.0,62.0,Home Care,153.61,106.41,0.0,1.0,High overstock,MARKDOWN / CLEAR,0.0,22642.22
SKU04275,339.08433176925024,28.0,46.0,18.0,Dairy & Bakery,240.04,137.54,0.73017531275485,0.0,High stockout,REORDER NOW,17948.05,0.0
SKU04276,96.78423360299108,144.0,120.0,46.0,Home & Kitchen,1212.48,695.99,0.0,0.48285663912556,Healthy,HEALTHY,0.0,32861.7
SKU04277,142.8331727955076,381.0,181.0,56.0,Dairy & Bakery,288.73,172.8,0.0,1.0,High overstock,MARKDOWN / CLEAR,0.0,41155.23
SKU04278,81.32278255260674,0.0,0.0,0.0,Home Care,440.26,265.92,1.0,0.0,High stockout,REORDER NOW,8950.79,0.0
SKU04279,87.53309221073775,0.0,0.0,0.0,Apparel & Footwear,466.51,271.33,1.0,0.0,High stockout,REORDER NOW,10208.77,0.0
SKU04280,462.80061516283837,335.0,928.0,315.0,Stationery & Office,318.92,184.83,0.2239984233074661,0.0,Healthy,HEALTHY,30520.69,0.0
SKU04281,62.57561475809054,6997.0,1593.0,496.0,Stationery & Office,234.97,180.87,0.0,1.0,High overstock,MARKDOWN / CLEAR,0.0,1254229.34
SKU04282,61.417874275072506,213.0,118.0,51.0,Beverages,160.02,110.2,0.0,1.0,High overstock,MARKDOWN / CLEAR,0.0,16704.35
SKU04283,110.30645248352238,136.0,80.0,25.0,Home & Kitchen,1868.67,1318.43,0.0,0.23083610108121316,Healthy,HEALTHY,0.0,33875.14
SKU04284,173.29946302828924,203.0,190.0,61.0,Beverages,89.66,55.76,0.0,0.17039947487899196,Healthy,HEALTHY,0.0,1656.1
SKU04285,66.1825986999119,477.0,186.0,63.0,Health & Wellness,1088.25,613.63,0.0,1.0,High overstock,MARKDOWN / CLEAR,0.0,252089.88
SKU04286,124.49498482529192,214.0,138.0,48.0,Stationery & Office,222.23,176.02,0.0,0.7132158731228395,High overstock,MARKDOWN / CLEAR,0.0,15754.67
SKU04287,61.338181947617755,12.0,88.0,39.0,Health & Wellness,857.39,483.15,0.7831372807997503,0.0,High stockout,REORDER NOW,36297.22,0.0
SKU04288,175.48099226059014,0.0,0.0,0.0,Stationery & Office,172.44,130.31,1.0,0.0,High stockout,REORDER NOW,7564.99,0.0
SKU04289,82.38778801143604,173.0,145.0,39.0,Personal Care,533.97,382.47,0.0,1.0,High overstock,MARKDOWN / CLEAR,0.0,34656.45
SKU04290,88.82598118369256,85.0,58.0,29.0,Dairy & Bakery,199.57,130.1,0.0,0.0,Healthy,HEALTHY,0.0,0.0
SKU04291,66.628690983938,324.0,211.0,66.0,Dairy & Bakery,285.96,210.65,0.0,1.0,High overstock,MARKDOWN / CLEAR,0.0,54215.27
SKU04292,69.21032957349689,7275.0,1650.0,558.0,Personal Care,175.78,130.29,0.0,1.0,High overstock,MARKDOWN / CLEAR,0.0,938842.34
SKU04293,67.9719302132045,72.0,50.0,12.0,Electronics & Accessories,907.97,698.75,0.0,0.05840158125695509,Healthy,HEALTHY,0.0,2814.61
SKU04294,163.02656664504823,177.0,145.0,34.0,Home Care,499.57,342.82,0.0,0.0851900618342523,Healthy,HEALTHY,0.0,4790.37
SKU04295,65.37561378770012,84.0,102.0,29.0,Electronics & Accessories,2337.99,1410.81,0.0,0.2805907945630345,Healthy,HEALTHY,0.0,26275.47
SKU04296,89.4727790113386,70.0,26.0,7.0,Personal Care,315.31,218.56,0.0,0.0,Healthy,HEALTHY,0.0,0.0
SKU04297,74.31053762359092,257.0,162.0,72.0,Dairy & Bakery,327.55,188.29,0.0,1.0,High overstock,MARKDOWN / CLEAR,0.0,34398.6
SKU04298,93.10600323547504,189.0,91.0,39.0,Snacks & Confectionery,120.34,77.51,0.0,1.0,High overstock,MARKDOWN / CLEAR,0.0,7432.74
SKU04299,67.92998510504006,380.0,198.0,78.0,Frozen Foods,677.46,475.98,0.0,1.0,High overstock,MARKDOWN / CLEAR,0.0,148539.09
SKU04300,68.58885673037246,233.0,196.0,54.0,Home & Kitchen,1829.79,1121.61,0.0,1.0,High overstock,MARKDOWN / CLEAR,0.0,184405.18
SKU04301,95.92271063470258,89.0,62.0,21.0,Home & Kitchen,522.92,400.7,0.0,0.0,Healthy,HEALTHY,0.0,0.0
SKU04302,120.17377620683614,69.0,30.0,8.0,Dairy & Bakery,174.83,138.82,0.0,0.0,Healthy,HEALTHY,0.0,0.0
SKU04303,62.710520988854384,453.0,195.0,78.0,Home Care,205.17,116.74,0.0,1.0,High overstock,MARKDOWN / CLEAR,0.0,45562.39
SKU04304,87.91041622813643,99.0,76.0,28.0,Electronics & Accessories,393.38,236.61,0.0,0.12472761058061703,Healthy,HEALTHY,0.0,2623.91
SKU04305,397.7621188287493,0.0,666.0,232.0,Health & Wellness,782.22,522.72,1.0,0.0,High stockout,REORDER NOW,259259.41,0.0
SKU04306,143.21369376443948,282.0,212.0,72.0,Grocery,162.94,91.16,0.0,0.9623656576070776,High overstock,MARKDOWN / CLEAR,0.0,12651.76
SKU04307,188.83900354052975,369.0,287.0,93.0,Health & Wellness,278.81,159.82,0.0,0.9490199226683504,High overstock,MARKDOWN / CLEAR,0.0,28793.33
SKU04308,68.17022092593925,87.0,35.0,13.0,Grocery,149.95,116.24,0.0,0.27222378101440287,Healthy,HEALTHY,0.0,2188.77
SKU04309,212.57932575344148,11.0,154.0,49.0,Beverages,126.84,71.21,0.8933538419074966,0.0,High stockout,REORDER NOW,11560.81,0.0
SKU04310,62.71913886726758,309.0,209.0,48.0,Health & Wellness,403.96,247.17,0.0,1.0,High overstock,MARKDOWN / CLEAR,0.0,60873.24
SKU04311,141.0926778804489,264.0,121.0,43.0,Beverages,105.14,68.96,0.0,0.8649799831555038,High overstock,MARKDOWN / CLEAR,0.0,8475.69
SKU04312,83.27081996430131,0.0,0.0,0.0,Personal Care,291.02,161.55,1.0,0.0,High stockout,REORDER NOW,6058.37,0.0
SKU04313,71.15922573002399,247.0,178.0,60.0,Health & Wellness,644.69,485.22,0.0,1.0,High overstock,MARKDOWN / CLEAR,0.0,85321.46
SKU04314,100.60190573620072,203.0,141.0,59.0,Health & Wellness,567.99,430.25,0.0,1.0,High overstock,MARKDOWN / CLEAR,0.0,44056.78
SKU04315,455.3267767412201,87.0,1039.0,334.0,Home Care,497.47,322.69,0.8061634213289735,0.0,High stockout,REORDER NOW,179502.94,0.0
SKU04316,68.2104554155081,0.0,0.0,0.0,Beverages,74.8,44.91,1.0,0.0,High stockout,REORDER NOW,1275.54,0.0
SKU04317,301.2113835667436,212.0,113.0,39.0,Apparel & Footwear,1598.65,1235.9,0.0,0.0,Healthy,HEALTHY,0.0,0.0
SKU04318,794.8798043299356,38.0,671.0,246.0,Stationery & Office,205.5,147.89,0.9147446734037539,0.0,High stockout,REORDER NOW,83580.95,0.0
SKU04319,61.324163736413425,4249.0,1011.0,344.0,Home & Kitchen,806.99,549.53,0.0,1.0,High overstock,MARKDOWN / CLEAR,0.0,2301253.5
SKU04320,92.71548627032281,239.0,121.0,41.0,Electronics & Accessories,2952.52,1913.53,0.0,1.0,High overstock,MARKDOWN / CLEAR,0.0,279919.81
SKU04321,8395.523718932232,260.0,581.0,189.0,Personal Care,961.3,658.32,0.8864073719945219,0.0,High stockout,REORDER NOW,1949401.94,0.0
SKU04322,125.5758500460347,130.0,105.0,36.0,Home & Kitchen,511.19,313.04,0.0,0.034952559689358335,Healthy,HEALTHY,0.0,1384.94
SKU04323,68.91414298098228,37.0,47.0,14.0,Home Care,253.43,167.87,0.0,0.0,Healthy,HEALTHY,0.0,0.0
SKU04324,108.40913716047856,3.0,27.0,13.0,Beverages,86.49,62.4,0.9270113558938826,0.0,High stockout,REORDER NOW,3208.98,0.0
SKU04325,68.78173795873406,77.0,32.0,12.0,Home & Kitchen,2888.57,1885.77,0.0,0.11777095672403394,Healthy,HEALTHY,0.0,15497.75
SKU04326,106.01840370721062,193.0,111.0,42.0,Dairy & Bakery,165.63,119.46,0.0,0.8127723202708245,High overstock,MARKDOWN / CLEAR,0.0,10390.82
SKU04327,83.50513623665746,114.0,167.0,58.0,Stationery & Office,49.9,36.66,0.0,0.3608640269857843,Healthy,HEALTHY,0.0,1117.94
SKU04328,93.57895410705315,146.0,207.0,76.0,Personal Care,155.77,115.02,0.0,0.554256984419725,High overstock,MARKDOWN / CLEAR,0.0,6029.47
SKU04329,1097.5747668142976,0.0,846.0,325.0,Home & Kitchen,2452.07,1697.55,1.0,0.0,High stockout,REORDER NOW,1469755.29,0.0
SKU04330,66.77636101999805,64.0,42.0,17.0,Frozen Foods,456.24,271.96,0.0,0.0,Healthy,HEALTHY,0.0,0.0
SKU04331,66.74071648930462,433.0,273.0,111.0,Home Care,294.81,213.78,0.0,1.0,High overstock,MARKDOWN / CLEAR,0.0,78298.91
SKU04332,89.16075146010732,46.0,42.0,18.0,Dairy & Bakery,141.92,107.12,0.0,0.0,Healthy,HEALTHY,0.0,0.0
SKU04333,76.8673179328495,238.0,210.0,93.0,Home & Kitchen,777.72,446.08,0.0,1.0,High overstock,MARKDOWN / CLEAR,0.0,71878.07
SKU04334,79.57298128695366,7084.0,1570.0,554.0,Grocery,287.82,222.77,0.0,1.0,High overstock,MARKDOWN / CLEAR,0.0,1560376.21
SKU04335,89.298726175992,132.0,180.0,63.0,Home Care,284.74,223.61,0.0,0.4728889944779876,Healthy,HEALTHY,0.0,9548.43
SKU04336,62.26411617568808,184.0,92.0,35.0,Personal Care,831.58,596.29,0.0,1.0,High overstock,MARKDOWN / CLEAR,0.0,72589.89
SKU04337,111.7060311142134,0.0,0.0,0.0,Frozen Foods,508.17,293.6,1.0,0.0,High stockout,REORDER NOW,14191.41,0.0
SKU04338,183.9765861758259,268.0,116.0,25.0,Dairy & Bakery,163.32,116.52,0.0,0.4542381041906962,Healthy,HEALTHY,0.0,9790.41
SKU04339,269.3631179808712,12.0,41.0,11.0,Health & Wellness,1534.07,980.3,0.8487536916533157,0.0,High stockout,REORDER NOW,101771.4,0.0
SKU04340,68.79779792459328,493.0,293.0,126.0,Personal Care,328.65,205.71,0.0,1.0,High overstock,MARKDOWN / CLEAR,0.0,87262.63
SKU04341,277.4103886522617,0.0,0.0,0.0,Snacks & Confectionery,67.39,37.68,1.0,0.0,High stockout,REORDER NOW,4673.67,0.0
SKU04342,66.94580667100757,95.0,41.0,18.0,Snacks & Confectionery,60.73,44.41,0.0,0.4128907242919397,Healthy,HEALTHY,0.0,1245.89
SKU04343,64.409114499641,110.0,83.0,26.0,Electronics & Accessories,2601.67,1799.5,0.0,0.6970112017127096,High overstock,MARKDOWN / CLEAR,0.0,82040.8
SKU04344,356.97782091774997,34.0,66.0,32.0,Dairy & Bakery,201.81,133.74,0.7218687756742319,0.0,High stockout,REORDER NOW,17606.8,0.0
SKU04345,141.24142568881908,384.0,234.0,91.0,Dairy & Bakery,144.23,93.34,0.0,1.0,High overstock,MARKDOWN / CLEAR,0.0,22659.09
SKU04346,481.36042809352375,0.0,1109.0,369.0,Health & Wellness,970.29,633.56,1.0,0.0,High stockout,REORDER NOW,474801.81,0.0
SKU04347,136.93511191348404,213.0,99.0,25.0,Dairy & Bakery,305.95,202.93,0.0,0.5514541368859406,High overstock,MARKDOWN / CLEAR,0.0,15435.85
SKU04348,419.7326046763037,16.0,782.0,279.0,Personal Care,274.76,183.92,0.958434341257939,0.0,High stockout,REORDER NOW,101093.31,0.0
SKU04349,201.1768765319146,324.0,174.0,59.0,Snacks & Confectionery,69.0,39.63,0.0,0.607503318752168,High overstock,MARKDOWN / CLEAR,0.0,4867.48
SKU04350,834.4344495936463,61.0,1094.0,345.0,Personal Care,394.93,254.76,0.8900125266064571,0.0,High stockout,REORDER NOW,194545.92,0.0
SKU04351,74.3182207888362,168.0,64.0,22.0,Electronics & Accessories,3226.69,1826.34,0.0,1.0,High overstock,MARKDOWN / CLEAR,0.0,171094.78
SKU04352,69.43782873098488,5625.0,1206.0,417.0,Frozen Foods,611.27,454.77,0.0,1.0,High overstock,MARKDOWN / CLEAR,0.0,2526503.01
SKU04353,65.5794543176885,74.0,58.0,18.0,Stationery & Office,225.63,153.55,0.0,0.126473636178096,Healthy,HEALTHY,0.0,1292.97
SKU04354,74.87491957779301,132.0,94.0,30.0,Apparel & Footwear,1741.96,1306.26,0.0,0.7528848892371848,High overstock,MARKDOWN / CLEAR,0.0,74620.21
SKU04355,79.27512787691491,95.0,88.0,19.0,Grocery,84.69,55.67,0.0,0.19588722608073436,Healthy,HEALTHY,0.0,875.4
SKU04356,89.27285566212603,352.0,131.0,45.0,Personal Care,785.48,462.08,0.0,1.0,High overstock,MARKDOWN / CLEAR,0.0,121400.96
SKU04357,70.68988122054648,386.0,172.0,59.0,Dairy & Bakery,332.16,207.56,0.0,1.0,High overstock,MARKDOWN / CLEAR,0.0,65445.77
SKU04358,206.66269048296294,86.0,200.0,88.0,Health & Wellness,430.16,261.74,0.38862127200094476,0.0,Healthy,HEALTHY,23084.83,0.0
SKU04359,399.6431274908143,0.0,0.0,0.0,Dairy & Bakery,231.83,153.0,1.0,0.0,High stockout,REORDER NOW,23162.32,0.0
SKU04360,64.52534155176211,230.0,147.0,48.0,Stationery & Office,133.98,100.11,0.0,1.0,High overstock,MARKDOWN / CLEAR,0.0,16565.67
SKU04361,127.56262220986,97.0,42.0,20.0,Dairy & Bakery,257.41,149.08,0.0,0.0,Healthy,HEALTHY,0.0,0.0
SKU04362,402.53220373101533,14.0,1202.0,429.0,Frozen Foods,233.42,151.73,0.9736164191518214,0.0,High stockout,REORDER NOW,120359.07,0.0
SKU04363,147.11127068462534,73.0,81.0,33.0,Beverages,151.12,86.58,0.0,0.0,Healthy,HEALTHY,0.0,0.0
SKU04364,63.35270134117222,1075.0,479.0,169.0,Home & Kitchen,2159.21,1398.87,0.0,1.0,High overstock,MARKDOWN / CLEAR,0.0,1415163.06
SKU04365,120.32472444927726,300.0,181.0,81.0,Home & Kitchen,1774.69,1234.53,0.0,1.0,High overstock,MARKDOWN / CLEAR,0.0,221814.52
SKU04366,151.93915087394672,250.0,107.0,29.0,Apparel & Footwear,1951.78,1107.13,0.0,0.6411755823521968,High overstock,MARKDOWN / CLEAR,0.0,108566.11
SKU04367,61.52392152891684,0.0,0.0,0.0,Personal Care,362.71,205.53,1.0,0.0,High stockout,REORDER NOW,5578.84,0.0
SKU04368,154.43020346384597,28.0,75.0,34.0,Grocery,303.19,222.13,0.6196042434425283,0.0,High stockout,REORDER NOW,13524.56,0.0
SKU04369,67.18511444934413,735.0,356.0,104.0,Electronics & Accessories,1681.45,1096.09,0.0,1.0,High overstock,MARKDOWN / CLEAR,0.0,731985.22
SKU04370,66.81631115694223,357.0,276.0,104.0,Home Care,396.28,252.77,0.0,1.0,High overstock,MARKDOWN / CLEAR,0.0,73349.73
SKU04371,63.61794614421192,0.0,0.0,0.0,Stationery & Office,267.42,192.96,1.0,0.0,High stockout,REORDER NOW,4253.18,0.0
SKU04372,100.8686124593282,8.0,62.0,30.0,Electronics & Accessories,1628.24,930.04,0.8576946793506461,0.0,High stockout,REORDER NOW,76880.86,0.0
SKU04373,268.0228971177117,480.0,262.0,96.0,Frozen Foods,1033.69,790.7,0.0,0.7879518998322925,High overstock,MARKDOWN / CLEAR,0.0,167610.3
SKU04374,63.2134077128774,0.0,0.0,0.0,Stationery & Office,318.7,237.07,1.0,0.0,High stockout,REORDER NOW,5036.53,0.0
SKU04375,98.97014187448636,116.0,84.0,34.0,Apparel & Footwear,1761.68,1140.53,0.0,0.17034944440605895,Healthy,HEALTHY,0.0,19423.06
SKU04376,66.41501820609574,0.0,0.0,0.0,Home Care,347.19,231.64,1.0,0.0,High stockout,REORDER NOW,5764.66,0.0
SKU04377,62.93927886332628,122.0,70.0,31.0,Grocery,152.67,99.15,0.0,0.9237001446781916,High overstock,MARKDOWN / CLEAR,0.0,5855.87
SKU04378,65.97592975071804,312.0,179.0,54.0,Beverages,224.62,167.64,0.0,1.0,High overstock,MARKDOWN / CLEAR,0.0,41243.48
SKU04379,117.31664146518831,114.0,144.0,57.0,Home Care,375.7,209.36,0.0,0.0,Healthy,HEALTHY,0.0,0.0
SKU04380,188.73491219194497,72.0,54.0,17.0,Frozen Foods,286.93,205.97,0.0,0.0,Healthy,HEALTHY,0.0,0.0
SKU04381,1487.076266246303,208.0,813.0,296.0,Grocery,192.07,120.17,0.6889808300054668,0.0,High stockout,REORDER NOW,88307.84,0.0
SKU04382,90.91218217555735,0.0,0.0,0.0,Beverages,75.31,56.1,1.0,0.0,High stockout,REORDER NOW,1711.65,0.0
SKU04383,62.54234305132669,70.0,54.0,22.0,Electronics & Accessories,1576.66,1254.99,0.0,0.11736515511631898,Healthy,HEALTHY,0.0,9359.28
SKU04384,77.72392725336404,343.0,179.0,60.0,Apparel & Footwear,1615.0,1000.89,0.0,1.0,High overstock,MARKDOWN / CLEAR,0.0,265512.17
SKU04385,64.2175783916738,0.0,0.0,0.0,Grocery,423.71,280.27,1.0,0.0,High stockout,REORDER NOW,6802.41,0.0
SKU04386,116.9123573476254,14.0,27.0,12.0,Frozen Foods,837.35,575.17,0.6684671217704294,0.0,High stockout,REORDER NOW,22799.44,0.0
SKU04387,61.93612120335098,449.0,182.0,43.0,Grocery,177.78,122.27,0.0,1.0,High overstock,MARKDOWN / CLEAR,0.0,47326.3
SKU04388,63.92396602254958,5379.0,1299.0,416.0,Electronics & Accessories,1796.48,1058.38,0.0,1.0,High overstock,MARKDOWN / CLEAR,0.0,5625370.17
SKU04389,66.84951088699697,233.0,93.0,41.0,Home & Kitchen,363.35,252.82,0.0,1.0,High overstock,MARKDOWN / CLEAR,0.0,42006.17
SKU04390,431.04177096282734,0.0,0.0,0.0,Home & Kitchen,1832.3,1339.37,1.0,0.0,High stockout,REORDER NOW,197449.46,0.0
SKU04391,62.55586945076198,212.0,87.0,22.0,Health & Wellness,1303.04,1024.2,0.0,1.0,High overstock,MARKDOWN / CLEAR,0.0,153060.68
SKU04392,61.41342729201592,5951.0,1424.0,527.0,Health & Wellness,1055.39,771.85,0.0,1.0,High overstock,MARKDOWN / CLEAR,0.0,4545877.4
SKU04393,64.44862881803829,0.0,0.0,0.0,Stationery & Office,206.15,144.48,1.0,0.0,High stockout,REORDER NOW,3321.52,0.0
SKU04394,61.23489289193102,129.0,100.0,43.0,Health & Wellness,260.92,158.72,0.0,1.0,High overstock,MARKDOWN / CLEAR,0.0,10755.68
SKU04395,71.05816592710659,32.0,33.0,7.0,Home Care,421.34,242.05,0.0,0.0,Healthy,HEALTHY,0.0,0.0
SKU04396,139.4545559852474,495.0,301.0,107.0,Apparel & Footwear,3425.67,2427.37,0.0,1.0,High overstock,MARKDOWN / CLEAR,0.0,863040.34
SKU04397,72.28789486962158,58.0,66.0,20.0,Health & Wellness,725.16,512.18,0.0,0.0,Healthy,HEALTHY,0.0,0.0
SKU04398,61.986285615809805,636.0,418.0,111.0,Home & Kitchen,538.69,409.32,0.0,1.0,High overstock,MARKDOWN / CLEAR,0.0,234955.29
SKU04399,64.55742333715214,0.0,0.0,0.0,Frozen Foods,665.83,440.46,1.0,0.0,High stockout,REORDER NOW,10746.07,0.0
SKU04400,133.1891995529275,330.0,157.0,60.0,Home & Kitchen,1119.54,663.9,0.0,1.0,High overstock,MARKDOWN / CLEAR,0.0,130662.69
SKU04401,61.06734640531717,5464.0,1274.0,428.0,Grocery,194.32,117.79,0.0,1.0,High overstock,MARKDOWN / CLEAR,0.0,636411.44
SKU04402,132.9405691214365,40.0,83.0,27.0,Grocery,187.4,125.39,0.3467803207370058,0.0,Healthy,HEALTHY,3792.07,0.0
SKU04403,102.42406130712895,233.0,209.0,68.0,Beverages,108.77,68.31,0.0,1.0,High overstock,MARKDOWN / CLEAR,0.0,8919.64
SKU04404,187.1893178543741,394.0,185.0,44.0,Frozen Foods,240.58,143.16,0.0,1.0,High overstock,MARKDOWN / CLEAR,0.0,29607.02
SKU04405,68.24931946812382,54.0,148.0,53.0,Electronics & Accessories,1244.17,717.84,0.24010372160548799,0.0,Healthy,HEALTHY,19984.27,0.0
SKU04406,95.93326142260328,0.0,0.0,0.0,Snacks & Confectionery,128.17,83.71,1.0,0.0,High stockout,REORDER NOW,3073.94,0.0
SKU04407,75.70281408097418,0.0,0.0,0.0,Beverages,215.04,136.42,1.0,0.0,High stockout,REORDER NOW,4069.78,0.0
SKU04408,308.9091201344219,16.0,24.0,9.0,Home & Kitchen,667.56,528.25,0.816571146161662,0.0,High stockout,REORDER NOW,46880.92,0.0
SKU04409,61.131140261537666,7772.0,1688.0,570.0,Apparel & Footwear,2585.87,1975.87,0.0,1.0,High overstock,MARKDOWN / CLEAR,0.0,15235674.45
SKU04410,67.6129496355865,154.0,146.0,53.0,Health & Wellness,1439.57,857.8,0.0,1.0,High overstock,MARKDOWN / CLEAR,0.0,74102.81
SKU04411,173.5188104714655,333.0,236.0,93.0,Home Care,412.29,304.41,0.0,0.9138338102219088,High overstock,MARKDOWN / CLEAR,0.0,48547.67
SKU04412,70.0614287306932,6871.0,1535.0,546.0,Home Care,520.37,348.67,0.0,1.0,High overstock,MARKDOWN / CLEAR,0.0,2371283.25
SKU04413,147.93158008586977,270.0,144.0,68.0,Grocery,460.58,359.95,0.0,0.819627508442125,High overstock,MARKDOWN / CLEAR,0.0,43938.53
SKU04414,60.99606388486317,4789.0,1079.0,365.0,Snacks & Confectionery,167.57,117.64,0.0,1.0,High overstock,MARKDOWN / CLEAR,0.0,556202.38
SKU04415,82.72579766534648,453.0,240.0,86.0,Home & Kitchen,665.01,399.67,0.0,1.0,High overstock,MARKDOWN / CLEAR,0.0,147987.49
SKU04416,151.7015322713422,307.0,282.0,75.0,Personal Care,600.57,359.74,0.0,1.0,High overstock,MARKDOWN / CLEAR,0.0,55867.07
SKU04417,193.7161575205296,514.0,308.0,129.0,Electronics & Accessories,1557.6,1233.35,0.0,1.0,High overstock,MARKDOWN / CLEAR,0.0,395022.08
SKU04418,94.17651355430623,304.0,174.0,54.0,Electronics & Accessories,3188.54,2485.69,0.0,1.0,High overstock,MARKDOWN / CLEAR,0.0,521556.14
SKU04419,68.98914258526541,110.0,86.0,32.0,Dairy & Bakery,61.65,41.35,0.0,0.5859602775497992,High overstock,MARKDOWN / CLEAR,0.0,1695.8
SKU04420,63.143578195348056,15.0,21.0,6.0,Snacks & Confectionery,128.23,88.61,0.3416979979499819,0.0,Healthy,HEALTHY,870.16,0.0
SKU04421,63.82150293791651,401.0,192.0,57.0,Electronics & Accessories,3670.67,2520.92,0.0,1.0,High overstock,MARKDOWN / CLEAR,0.0,850000.02
SKU04422,319.72506647726,220.0,207.0,55.0,Beverages,68.36,50.65,0.0,0.0,Healthy,HEALTHY,0.0,0.0
SKU04423,86.48993198798783,0.0,0.0,0.0,Home Care,225.6,150.84,1.0,0.0,High stockout,REORDER NOW,4878.03,0.0
SKU04424,169.38036614487265,81.0,239.0,97.0,Home & Kitchen,1200.53,697.1,0.422851208308224,0.0,Healthy,HEALTHY,70045.03,0.0
SKU04425,64.1483678182794,178.0,82.0,31.0,Electronics & Accessories,851.2,537.17,0.0,1.0,High overstock,MARKDOWN / CLEAR,0.0,61157.68
SKU04426,87.45698913237977,0.0,0.0,0.0,Apparel & Footwear,2055.78,1422.74,1.0,0.0,High stockout,REORDER NOW,44948.08,0.0
SKU04427,65.44628187781662,37.0,110.0,47.0,Grocery,149.59,95.4,0.42512279097415573,0.0,Healthy,HEALTHY,3943.43,0.0
SKU04428,66.77478403255502,661.0,310.0,109.0,Snacks & Confectionery,64.16,48.34,0.0,1.0,High overstock,MARKDOWN / CLEAR,0.0,28724.85
SKU04429,68.51810351064243,20.0,58.0,12.0,Dairy & Bakery,206.49,162.5,0.3361993122225364,0.0,Healthy,HEALTHY,1885.16,0.0
SKU04430,100.82606733407931,139.0,48.0,16.0,Dairy & Bakery,132.15,80.68,0.0,0.3748935185788578,Healthy,HEALTHY,0.0,3079.87
SKU04431,69.50616497741781,75.0,118.0,31.0,Snacks & Confectionery,38.21,29.51,0.0,0.07791992408524548,Healthy,HEALTHY,0.0,162.12
SKU04432,249.14424752247186,88.0,100.0,35.0,Stationery & Office,340.8,248.42,0.10465432924875773,0.0,Healthy,HEALTHY,3164.69,0.0
SKU04433,68.67819070278667,433.0,290.0,105.0,Beverages,90.88,63.32,0.0,1.0,High overstock,MARKDOWN / CLEAR,0.0,23068.86
SKU04434,70.27061077731716,50.0,74.0,24.0,Electronics & Accessories,790.43,460.5,0.0,0.0,Healthy,HEALTHY,0.0,0.0
SKU04435,68.78193425500383,371.0,193.0,74.0,Health & Wellness,356.87,232.94,0.0,1.0,High overstock,MARKDOWN / CLEAR,0.0,70398.68
SKU04436,85.14098745713761,133.0,163.0,50.0,Health & Wellness,671.85,536.7,0.0,0.5555893188091937,High overstock,MARKDOWN / CLEAR,0.0,25685.93
SKU04437,206.87450399148952,49.0,37.0,14.0,Snacks & Confectionery,24.41,17.38,0.26557240549943906,0.0,Healthy,HEALTHY,408.1,0.0
SKU04438,183.8394268350679,200.0,156.0,38.0,Dairy & Bakery,146.23,102.06,0.0,0.08743033584145528,Healthy,HEALTHY,0.0,1649.35
SKU04439,71.43978121969388,35.0,52.0,13.0,Health & Wellness,1440.53,805.12,0.0,0.0,Healthy,HEALTHY,0.0,0.0
SKU04440,91.53929146342865,392.0,275.0,96.0,Dairy & Bakery,267.24,168.42,0.0,1.0,High overstock,MARKDOWN / CLEAR,0.0,50603.59
SKU04441,69.90998758463587,81.0,89.0,34.0,Electronics & Accessories,4156.79,2793.52,0.0,0.15639563329675454,Healthy,HEALTHY,0.0,30980.17
SKU04442,61.65977854647609,6795.0,1509.0,529.0,Grocery,270.65,192.27,0.0,1.0,High overstock,MARKDOWN / CLEAR,0.0,1294619.32
SKU04443,61.747094856306305,6354.0,1373.0,512.0,Grocery,152.19,116.32,0.0,1.0,High overstock,MARKDOWN / CLEAR,0.0,731914.86
SKU04444,75.95108169996162,0.0,0.0,0.0,Electronics & Accessories,1363.32,905.95,1.0,0.0,High stockout,REORDER NOW,25886.41,0.0
SKU04445,149.87832805107834,311.0,155.0,54.0,Health & Wellness,975.78,603.63,0.0,1.0,High overstock,MARKDOWN / CLEAR,0.0,97257.87
SKU04446,137.34907516995105,323.0,244.0,78.0,Grocery,142.26,88.25,0.0,1.0,High overstock,MARKDOWN / CLEAR,0.0,16383.69
SKU04447,280.2998243489902,351.0,145.0,56.0,Home & Kitchen,1190.64,695.87,0.0,0.2513338777037298,Healthy,HEALTHY,0.0,49198.13
SKU04448,74.76719139130175,379.0,399.0,139.0,Grocery,95.31,55.89,0.0,1.0,High overstock,MARKDOWN / CLEAR,0.0,17003.57
SKU04449,74.34485408886248,162.0,157.0,59.0,Stationery & Office,220.79,138.29,0.0,1.0,High overstock,MARKDOWN / CLEAR,0.0,12121.83
SKU04450,63.14549962587155,315.0,248.0,96.0,Electronics & Accessories,507.9,376.68,0.0,1.0,High overstock,MARKDOWN / CLEAR,0.0,94868.55
SKU04451,68.95331622793579,26.0,27.0,10.0,Stationery & Office,60.61,39.6,0.07926563404184006,0.0,Healthy,HEALTHY,75.06,0.0
SKU04452,110.21987737349332,328.0,351.0,136.0,Stationery & Office,240.8,184.19,0.0,1.0,High overstock,MARKDOWN / CLEAR,0.0,40112.92
SKU04453,581.9373484366986,0.0,843.0,304.0,Dairy & Bakery,265.58,209.09,1.0,0.0,High stockout,REORDER NOW,119374.05,0.0
SKU04454,70.14518880544445,129.0,181.0,73.0,Apparel & Footwear,2848.95,1620.64,0.0,0.82724934999472,High overstock,MARKDOWN / CLEAR,0.0,95382.46
SKU04455,83.72224699955592,810.0,405.0,137.0,Snacks & Confectionery,143.47,104.4,0.0,1.0,High overstock,MARKDOWN / CLEAR,0.0,75823.4
SKU04456,180.31986339935952,494.0,346.0,102.0,Home Care,179.5,102.55,0.0,1.0,High overstock,MARKDOWN / CLEAR,0.0,32167.9
SKU04457,85.68646600182088,315.0,179.0,58.0,Snacks & Confectionery,60.85,34.56,0.0,1.0,High overstock,MARKDOWN / CLEAR,0.0,7925.08
SKU04458,67.24671588427421,213.0,189.0,57.0,Home Care,159.55,98.75,0.0,1.0,High overstock,MARKDOWN / CLEAR,0.0,14393.14
SKU04459,224.98586716214533,147.0,87.0,41.0,Home & Kitchen,1349.01,776.22,0.0,0.0,Healthy,HEALTHY,0.0,0.0
SKU04460,101.13186364425214,0.0,0.0,0.0,Home Care,322.19,230.61,1.0,0.0,High stockout,REORDER NOW,8145.92,0.0
SKU04461,61.821075439247394,137.0,96.0,39.0,Beverages,146.84,107.05,0.0,1.0,High overstock,MARKDOWN / CLEAR,0.0,8047.9
SKU04462,131.63634356606667,323.0,193.0,82.0,Dairy & Bakery,191.58,135.99,0.0,1.0,High overstock,MARKDOWN / CLEAR,0.0,26023.54
SKU04463,68.51501399474537,119.0,206.0,72.0,Apparel & Footwear,1282.18,889.63,0.0,0.7262457864004858,High overstock,MARKDOWN / CLEAR,0.0,44912.96
SKU04464,109.430540320104,391.0,199.0,73.0,Frozen Foods,281.56,209.85,0.0,1.0,High overstock,MARKDOWN / CLEAR,0.0,59087.35
SKU04465,75.94015152048773,52.0,25.0,7.0,Frozen Foods,307.29,228.36,0.0,0.0,Healthy,HEALTHY,0.0,0.0
SKU04466,89.79055055146756,116.0,61.0,17.0,Home Care,224.59,172.39,0.0,0.28868036694716115,Healthy,HEALTHY,0.0,4518.25
SKU04467,161.7974649935,325.0,171.0,52.0,Dairy & Bakery,263.78,190.79,0.0,1.0,High overstock,MARKDOWN / CLEAR,0.0,31137.41
SKU04468,61.53714818319521,5088.0,1146.0,383.0,Health & Wellness,570.35,364.44,0.0,1.0,High overstock,MARKDOWN / CLEAR,0.0,1831844.12
SKU04469,62.52922006014462,59.0,124.0,35.0,Health & Wellness,496.08,337.91,0.0,0.0,Healthy,HEALTHY,0.0,0.0
SKU04470,61.10290507511816,829.0,332.0,133.0,Home & Kitchen,2062.67,1387.45,0.0,1.0,High overstock,MARKDOWN / CLEAR,0.0,1065418.82
SKU04471,61.99018218713251,63.0,52.0,15.0,Health & Wellness,1515.36,874.31,0.0,0.016031352471207364,Healthy,HEALTHY,0.0,882.89
SKU04472,85.3293437437229,289.0,286.0,65.0,Stationery & Office,153.69,115.72,0.0,1.0,High overstock,MARKDOWN / CLEAR,0.0,23568.77
SKU04473,64.18409628380185,221.0,83.0,19.0,Apparel & Footwear,1577.0,1227.24,0.0,1.0,High overstock,MARKDOWN / CLEAR,0.0,192450.75
SKU04474,98.52449503111126,403.0,173.0,52.0,Grocery,168.07,133.8,0.0,1.0,High overstock,MARKDOWN / CLEAR,0.0,40738.82
SKU04475,62.27311966517937,7927.0,1895.0,653.0,Personal Care,146.88,89.89,0.0,1.0,High overstock,MARKDOWN / CLEAR,0.0,706960.3
SKU04476,411.7779587169464,0.0,678.0,249.0,Personal Care,134.95,77.45,1.0,0.0,High stockout,REORDER NOW,47494.91,0.0
SKU04477,156.22507674026508,134.0,73.0,18.0,Grocery,97.54,56.35,0.0,0.0,Healthy,HEALTHY,0.0,0.0
SKU04478,89.5623535468106,7.0,115.0,35.0,Snacks & Confectionery,165.95,124.64,0.8801176663327798,0.0,High stockout,REORDER NOW,8362.32,0.0
SKU04479,147.19924989619102,355.0,151.0,69.0,Apparel & Footwear,1328.83,940.73,0.0,1.0,High overstock,MARKDOWN / CLEAR,0.0,195484.4
SKU04480,64.58704357248737,115.0,84.0,30.0,Personal Care,584.24,431.77,0.0,0.7686420012482463,High overstock,MARKDOWN / CLEAR,0.0,21766.8
SKU04481,202.28336903454294,581.0,319.0,139.0,Beverages,144.61,112.26,0.0,1.0,High overstock,MARKDOWN / CLEAR,0.0,42514.73
SKU04482,61.48080455421745,144.0,186.0,64.0,Dairy & Bakery,111.71,67.76,0.0,1.0,High overstock,MARKDOWN / CLEAR,0.0,5591.5
SKU04483,92.63883380596516,491.0,283.0,111.0,Dairy & Bakery,337.04,216.05,0.0,1.0,High overstock,MARKDOWN / CLEAR,0.0,86065.93
SKU04484,67.42556180369698,261.0,93.0,36.0,Snacks & Confectionery,219.98,164.57,0.0,1.0,High overstock,MARKDOWN / CLEAR,0.0,31856.55
SKU04485,95.89173547367652,33.0,79.0,23.0,Beverages,280.12,172.23,0.3121121153333485,0.0,Healthy,HEALTHY,3914.1,0.0
SKU04486,160.53341119514243,431.0,240.0,84.0,Apparel & Footwear,1402.38,948.72,0.0,1.0,High overstock,MARKDOWN / CLEAR,0.0,256597.06
SKU04487,62.38674582339936,8.0,27.0,8.0,Apparel & Footwear,2192.04,1448.64,0.674752938191097,0.0,High stockout,REORDER NOW,34188.56,0.0
SKU04488,62.13994668837611,460.0,250.0,73.0,Home Care,267.57,186.98,0.0,1.0,High overstock,MARKDOWN / CLEAR,0.0,74391.87
SKU04489,486.31721254706594,60.0,728.0,259.0,Health & Wellness,251.01,200.07,0.8427587672948429,0.0,High stockout,REORDER NOW,80468.61,0.0
SKU04490,65.51132574228797,131.0,142.0,70.0,Stationery & Office,300.33,172.97,0.0,0.9846244008345525,High overstock,MARKDOWN / CLEAR,0.0,11327.58
SKU04491,64.09124397943432,7041.0,1560.0,543.0,Home & Kitchen,1022.9,686.53,0.0,1.0,High overstock,MARKDOWN / CLEAR,0.0,4789857.17
SKU04492,91.96264335180634,24.0,70.0,34.0,Grocery,166.43,131.44,0.5861402568412641,0.0,High stockout,REORDER NOW,5490.64,0.0
SKU04493,63.67041682516262,510.0,305.0,108.0,Stationery & Office,52.07,33.17,0.0,1.0,High overstock,MARKDOWN / CLEAR,0.0,14804.75
SKU04494,90.78322267753617,379.0,220.0,86.0,Grocery,82.11,60.36,0.0,1.0,High overstock,MARKDOWN / CLEAR,0.0,17396.76
SKU04495,83.82610698102565,488.0,261.0,118.0,Grocery,266.02,208.11,0.0,1.0,High overstock,MARKDOWN / CLEAR,0.0,84112.63
SKU04496,61.732231922500354,0.0,0.0,0.0,Personal Care,278.23,169.76,1.0,0.0,High stockout,REORDER NOW,4293.94,0.0
SKU04497,128.41222192976485,4.0,80.0,22.0,Electronics & Accessories,2310.89,1318.0,0.9274087441253668,0.0,High stockout,REORDER NOW,115782.65,0.0
SKU04498,92.94134835323212,342.0,192.0,68.0,Grocery,338.51,192.59,0.0,1.0,High overstock,MARKDOWN / CLEAR,0.0,47966.21
SKU04499,66.06115681830329,376.0,164.0,57.0,Dairy & Bakery,310.76,176.59,0.0,1.0,High overstock,MARKDOWN / CLEAR,0.0,54732.1
SKU04500,83.19909022658153,214.0,154.0,60.0,Dairy & Bakery,157.68,100.54,0.0,1.0,High overstock,MARKDOWN / CLEAR,0.0,13150.72
SKU04501,65.85537434226065,198.0,142.0,39.0,Personal Care,365.13,212.34,0.0,1.0,High overstock,MARKDOWN / CLEAR,0.0,28059.59
SKU04502,187.95312638542399,65.0,71.0,25.0,Stationery & Office,44.87,29.22,0.10944608396911226,0.0,Healthy,HEALTHY,313.56,0.0
SKU04503,66.46596071891264,375.0,175.0,71.0,Dairy & Bakery,149.26,110.23,0.0,1.0,High overstock,MARKDOWN / CLEAR,0.0,34009.71
SKU04504,61.75316160376936,3152.0,867.0,277.0,Snacks & Confectionery,195.03,121.81,0.0,1.0,High overstock,MARKDOWN / CLEAR,0.0,376422.97
SKU04505,63.52790225246207,7727.0,1687.0,623.0,Beverages,120.68,80.84,0.0,1.0,High overstock,MARKDOWN / CLEAR,0.0,619515.08
SKU04506,82.15436461683359,595.0,408.0,155.0,Snacks & Confectionery,84.16,48.97,0.0,1.0,High overstock,MARKDOWN / CLEAR,0.0,25114.05
SKU04507,150.44754703417186,78.0,52.0,19.0,Beverages,129.78,94.04,0.0,0.0,Healthy,HEALTHY,0.0,0.0
SKU04508,895.4802772269041,3.0,777.0,260.0,Frozen Foods,375.55,236.38,0.9938127754425233,0.0,High stockout,REORDER NOW,180590.75,0.0
SKU04509,86.973801178776,258.0,258.0,81.0,Home Care,307.91,179.76,0.0,1.0,High overstock,MARKDOWN / CLEAR,0.0,30743.67
SKU04510,72.4777570743702,224.0,109.0,40.0,Home Care,381.82,301.13,0.0,1.0,High overstock,MARKDOWN / CLEAR,0.0,45627.89
SKU04511,77.86722065387637,501.0,277.0,103.0,Apparel & Footwear,1370.63,1017.56,0.0,1.0,High overstock,MARKDOWN / CLEAR,0.0,430562.99
SKU04512,67.50407778671598,153.0,102.0,41.0,Frozen Foods,391.11,278.89,0.0,1.0,High overstock,MARKDOWN / CLEAR,0.0,23843.96
SKU04513,99.62998049129398,207.0,203.0,86.0,Beverages,129.12,94.35,0.0,1.0,High overstock,MARKDOWN / CLEAR,0.0,10130.36
SKU04514,64.54421262672868,0.0,0.0,0.0,Personal Care,804.2,527.86,1.0,0.0,High stockout,REORDER NOW,12976.61,0.0
SKU04515,210.304871559899,208.0,188.0,76.0,Dairy & Bakery,244.19,152.52,0.0,0.0,Healthy,HEALTHY,0.0,0.0
SKU04516,69.3103440244454,721.0,404.0,151.0,Apparel & Footwear,1767.67,1193.17,0.0,1.0,High overstock,MARKDOWN / CLEAR,0.0,777576.55
SKU04517,61.82372486943061,33.0,54.0,14.0,Dairy & Bakery,183.95,139.12,0.0,0.0,Healthy,HEALTHY,0.0,0.0
SKU04518,93.04718374769232,349.0,190.0,68.0,Beverages,137.78,108.98,0.0,1.0,High overstock,MARKDOWN / CLEAR,0.0,27893.74
SKU04519,103.00620918425318,272.0,212.0,50.0,Electronics & Accessories,1350.52,947.15,0.0,1.0,High overstock,MARKDOWN / CLEAR,0.0,160062.47
SKU04520,96.95254871579004,37.0,29.0,7.0,Home Care,258.45,166.47,0.0,0.0,Healthy,HEALTHY,0.0,0.0
SKU04521,68.97562810775766,479.0,389.0,145.0,Beverages,46.06,33.6,0.0,1.0,High overstock,MARKDOWN / CLEAR,0.0,13776.82
SKU04522,90.58294064789284,470.0,215.0,94.0,Electronics & Accessories,754.02,546.11,0.0,1.0,High overstock,MARKDOWN / CLEAR,0.0,207203.45
SKU04523,72.31590396113118,447.0,196.0,70.0,Snacks & Confectionery,175.54,107.41,0.0,1.0,High overstock,MARKDOWN / CLEAR,0.0,40244.82
SKU04524,71.3001094110943,5.0,74.0,35.0,Home & Kitchen,1741.19,1147.23,0.9071064104207585,0.0,High stockout,REORDER NOW,83272.46,0.0
SKU04525,66.95609478601197,215.0,149.0,41.0,Apparel & Footwear,2000.16,1167.1,0.0,1.0,High overstock,MARKDOWN / CLEAR,0.0,172782.04
SKU04526,61.253509971518056,8169.0,1797.0,619.0,Personal Care,318.07,206.93,0.0,1.0,High overstock,MARKDOWN / CLEAR,0.0,1677735.98
SKU04527,66.21676690408232,345.0,295.0,104.0,Frozen Foods,956.58,708.53,0.0,1.0,High overstock,MARKDOWN / CLEAR,0.0,197526.28
SKU04528,68.63851845600281,77.0,87.0,26.0,Frozen Foods,388.54,244.19,0.0,0.12006977933167717,Healthy,HEALTHY,0.0,2041.79
SKU04529,68.07538163307633,0.0,0.0,0.0,Health & Wellness,1190.28,843.03,1.0,0.0,High stockout,REORDER NOW,20257.19,0.0
SKU04530,65.20001348971718,296.0,147.0,40.0,Grocery,243.09,153.61,0.0,1.0,High overstock,MARKDOWN / CLEAR,0.0,35453.19
SKU04531,221.2685976620514,12.0,25.0,5.0,Dairy & Bakery,105.09,61.66,0.8042961860688834,0.0,High stockout,REORDER NOW,5077.65,0.0
SKU04532,66.12223249024635,7171.0,1527.0,521.0,Snacks & Confectionery,89.87,66.09,0.0,1.0,High overstock,MARKDOWN / CLEAR,0.0,469561.37
SKU04533,67.649179577338,165.0,186.0,53.0,Electronics & Accessories,1847.12,1288.05,0.0,1.0,High overstock,MARKDOWN / CLEAR,0.0,125392.72
SKU04534,94.56092189545978,0.0,0.0,0.0,Grocery,93.22,70.51,1.0,0.0,High stockout,REORDER NOW,2203.74,0.0
SKU04535,61.69271511146029,142.0,106.0,35.0,Frozen Foods,346.7,249.53,0.0,1.0,High overstock,MARKDOWN / CLEAR,0.0,20039.08
SKU04536,140.777396888675,6.0,29.0,10.0,Electronics & Accessories,1495.19,1127.82,0.8701139836142429,0.0,High stockout,REORDER NOW,58603.0,0.0
SKU04537,214.78684729709062,0.0,0.0,0.0,Stationery & Office,100.09,58.93,1.0,0.0,High stockout,REORDER NOW,5374.5,0.0
SKU04538,382.45599636184556,233.0,144.0,41.0,Dairy & Bakery,215.34,151.52,0.0,0.0,Healthy,HEALTHY,0.0,0.0
SKU04539,92.21051710295063,229.0,150.0,54.0,Grocery,221.53,142.19,0.0,1.0,High overstock,MARKDOWN / CLEAR,0.0,19450.1
SKU04540,83.73858702780672,497.0,231.0,72.0,Electronics & Accessories,1978.18,1457.18,0.0,1.0,High overstock,MARKDOWN / CLEAR,0.0,602196.27
SKU04541,70.82890323334874,133.0,80.0,24.0,Grocery,91.46,63.57,0.0,0.865544286047047,High overstock,MARKDOWN / CLEAR,0.0,3952.22
SKU04542,69.59554465956919,361.0,198.0,75.0,Grocery,123.29,69.48,0.0,1.0,High overstock,MARKDOWN / CLEAR,0.0,20246.78
SKU04543,63.36263023170886,806.0,462.0,170.0,Stationery & Office,62.88,42.97,0.0,1.0,High overstock,MARKDOWN / CLEAR,0.0,31911.13
SKU04544,93.1012119815557,297.0,204.0,80.0,Home & Kitchen,361.72,266.25,0.0,1.0,High overstock,MARKDOWN / CLEAR,0.0,54288.05
SKU04545,65.8421461112946,0.0,0.0,0.0,Electronics & Accessories,869.49,535.34,1.0,0.0,High stockout,REORDER NOW,14312.27,0.0
SKU04546,90.18752462737969,186.0,67.0,23.0,Home & Kitchen,1929.18,1376.72,0.0,1.0,High overstock,MARKDOWN / CLEAR,0.0,131906.95
SKU04547,230.65342166174284,0.0,0.0,0.0,Grocery,343.88,261.43,1.0,0.0,High stockout,REORDER NOW,19829.27,0.0
SKU04548,156.0252232773211,3.0,41.0,10.0,Beverages,139.81,79.17,0.940007566028996,0.0,High stockout,REORDER NOW,6432.14,0.0
SKU04549,84.57084523542424,42.0,24.0,9.0,Dairy & Bakery,106.08,73.67,0.0,0.0,Healthy,HEALTHY,0.0,0.0
SKU04550,149.03411495373803,21.0,126.0,32.0,Grocery,155.92,120.35,0.701103903297194,0.0,High stockout,REORDER NOW,7524.47,0.0
SKU04551,818.7168468490257,93.0,1258.0,479.0,Home & Kitchen,2498.23,1452.98,0.8641699668850408,0.0,High stockout,REORDER NOW,1475652.53,0.0
SKU04552,65.81422499554115,308.0,136.0,44.0,Grocery,207.59,128.15,0.0,1.0,High overstock,MARKDOWN / CLEAR,0.0,31036.11
SKU04553,71.7868327720012,243.0,186.0,82.0,Frozen Foods,298.21,210.68,0.0,1.0,High overstock,MARKDOWN / CLEAR,0.0,36071.19
SKU04554,79.18330747169396,6258.0,1373.0,494.0,Home & Kitchen,2001.13,1393.38,0.0,1.0,High overstock,MARKDOWN / CLEAR,0.0,8609439.6
SKU04555,67.2432310538646,35.0,58.0,14.0,Electronics & Accessories,3307.44,2475.12,0.0,0.0,Healthy,HEALTHY,0.0,0.0
SKU04556,126.96000423871541,225.0,146.0,63.0,Snacks & Confectionery,51.09,36.13,0.0,0.7661768717855492,High overstock,MARKDOWN / CLEAR,0.0,3542.19
SKU04557,64.9187094009604,166.0,100.0,30.0,Home Care,290.14,201.35,0.0,1.0,High overstock,MARKDOWN / CLEAR,0.0,20352.72
SKU04558,61.53363563843176,97.0,45.0,15.0,Frozen Foods,839.49,556.55,0.0,0.5671566029941718,High overstock,MARKDOWN / CLEAR,0.0,19738.81
SKU04559,80.53727958901607,70.0,32.0,7.0,Apparel & Footwear,2625.43,1495.35,0.0,0.0,Healthy,HEALTHY,0.0,0.0
SKU04560,246.31728701451348,718.0,406.0,157.0,Home Care,262.25,182.99,0.0,1.0,High overstock,MARKDOWN / CLEAR,0.0,86313.22
SKU04561,63.539057153886745,176.0,87.0,37.0,Dairy & Bakery,192.67,113.51,0.0,1.0,High overstock,MARKDOWN / CLEAR,0.0,12765.44
SKU04562,475.42199341786375,13.0,700.0,254.0,Apparel & Footwear,1316.91,1052.16,0.9652272066153371,0.0,High stockout,REORDER NOW,473897.3,0.0
SKU04563,89.1322459797371,412.0,197.0,67.0,Home & Kitchen,2647.1,1507.85,0.0,1.0,High overstock,MARKDOWN / CLEAR,0.0,486836.14
SKU04564,69.62534426505415,437.0,302.0,139.0,Home Care,88.51,50.36,0.0,1.0,High overstock,MARKDOWN / CLEAR,0.0,18500.99
SKU04565,95.1025901619014,34.0,50.0,11.0,Grocery,464.62,346.99,0.049632855379247554,0.0,Healthy,HEALTHY,360.38,0.0
SKU04566,61.23171070887162,550.0,423.0,124.0,Frozen Foods,257.94,148.39,0.0,1.0,High overstock,MARKDOWN / CLEAR,0.0,72528.33
SKU04567,71.83345576841661,224.0,199.0,62.0,Home & Kitchen,1470.95,957.98,0.0,1.0,High overstock,MARKDOWN / CLEAR,0.0,145772.51
SKU04568,193.49568354535853,174.0,168.0,44.0,Stationery & Office,278.9,218.06,0.0,0.0,Healthy,HEALTHY,0.0,0.0
SKU04569,63.585784390120025,210.0,75.0,36.0,Personal Care,558.84,417.44,0.0,1.0,High overstock,MARKDOWN / CLEAR,0.0,61119.15
SKU04570,162.5140384794715,342.0,245.0,75.0,Beverages,122.7,74.63,0.0,1.0,High overstock,MARKDOWN / CLEAR,0.0,13395.04
SKU04571,6332.734626760068,664.0,1248.0,406.0,Frozen Foods,868.52,532.19,0.6663624496322442,0.0,High stockout,REORDER NOW,1150948.51,0.0
SKU04572,175.5305517216645,257.0,228.0,64.0,Apparel & Footwear,1130.67,789.28,0.0,0.46150339124747247,Healthy,HEALTHY,0.0,64302.21
SKU04573,70.78891596678017,70.0,189.0,66.0,Stationery & Office,269.93,181.29,0.1735266804671517,0.0,Healthy,HEALTHY,3697.29,0.0
SKU04574,314.4931564344597,19.0,705.0,214.0,Grocery,71.96,41.68,0.9352912364081186,0.0,High stockout,REORDER NOW,19689.93,0.0
SKU04575,245.91865309060236,61.0,63.0,21.0,Dairy & Bakery,80.19,47.28,0.2692831090996425,0.0,Healthy,HEALTHY,1722.45,0.0
SKU04576,64.16661729989882,0.0,0.0,0.0,Home Care,242.59,182.12,1.0,0.0,High stockout,REORDER NOW,3891.54,0.0
SKU04577,69.11398008729043,78.0,36.0,16.0,Beverages,223.66,142.29,0.0,0.12673677776738196,Healthy,HEALTHY,0.0,1264.39
SKU04578,64.3964946578922,430.0,196.0,56.0,Home & Kitchen,802.76,601.87,0.0,1.0,High overstock,MARKDOWN / CLEAR,0.0,220045.78
SKU04579,71.5177292710648,45.0,56.0,14.0,Beverages,92.85,55.47,0.0,0.0,Healthy,HEALTHY,0.0,0.0
SKU04580,62.71242285475253,6555.0,1589.0,582.0,Health & Wellness,696.36,487.35,0.0,1.0,High overstock,MARKDOWN / CLEAR,0.0,3164016.35
SKU04581,138.12028559782766,381.0,194.0,71.0,Stationery & Office,109.6,74.12,0.0,1.0,High overstock,MARKDOWN / CLEAR,0.0,18002.24
SKU04582,70.32942477169478,164.0,133.0,61.0,Electronics & Accessories,2442.08,1542.41,0.0,1.0,High overstock,MARKDOWN / CLEAR,0.0,144478.43
SKU04583,64.85934978744302,253.0,148.0,47.0,Apparel & Footwear,966.08,678.33,0.0,1.0,High overstock,MARKDOWN / CLEAR,0.0,127621.45
SKU04584,61.81071367563609,425.0,219.0,76.0,Dairy & Bakery,278.58,161.89,0.0,1.0,High overstock,MARKDOWN / CLEAR,0.0,58796.71
SKU04585,71.68941624209023,94.0,191.0,73.0,Apparel & Footwear,2908.51,2222.44,0.0,0.3069302920745015,Healthy,HEALTHY,0.0,49583.93
SKU04586,83.12214347050845,173.0,104.0,44.0,Home Care,481.38,354.22,0.0,1.0,High overstock,MARKDOWN / CLEAR,0.0,31836.53
SKU04587,86.60706725486229,34.0,60.0,14.0,Grocery,400.31,248.89,0.07235031334760222,0.0,Healthy,HEALTHY,661.22,0.0
SKU04588,68.81840807635217,158.0,94.0,36.0,Personal Care,279.4,194.19,0.0,1.0,High overstock,MARKDOWN / CLEAR,0.0,17318.17
SKU04589,76.76256599107728,366.0,232.0,79.0,Personal Care,402.1,311.85,0.0,1.0,High overstock,MARKDOWN / CLEAR,0.0,90198.69
SKU04590,86.46689287032083,0.0,0.0,0.0,Frozen Foods,960.96,629.98,1.0,0.0,High stockout,REORDER NOW,20772.81,0.0
SKU04591,64.20453384547727,7049.0,1500.0,523.0,Dairy & Bakery,186.58,119.57,0.0,1.0,High overstock,MARKDOWN / CLEAR,0.0,835171.99
SKU04592,252.81497692471692,378.0,198.0,53.0,Home Care,100.25,75.16,0.0,0.4932136968119645,Healthy,HEALTHY,0.0,9408.91
SKU04593,97.06351587534579,460.0,314.0,106.0,Home Care,207.04,113.93,0.0,1.0,High overstock,MARKDOWN / CLEAR,0.0,41349.35
SKU04594,92.91657800387284,0.0,0.0,0.0,Dairy & Bakery,223.1,160.99,1.0,0.0,High stockout,REORDER NOW,5182.42,0.0
SKU04595,74.98406188696684,131.0,44.0,18.0,Electronics & Accessories,1742.83,1052.58,0.0,0.7372064183191723,High overstock,MARKDOWN / CLEAR,0.0,58961.26
SKU04596,8395.523718932232,72.0,708.0,269.0,Dairy & Bakery,335.55,242.79,0.9696059016321629,0.0,High stockout,REORDER NOW,770382.85,0.0
SKU04597,83.80933739738414,442.0,182.0,44.0,Apparel & Footwear,1464.2,965.6,0.0,1.0,High overstock,MARKDOWN / CLEAR,0.0,345868.9
SKU04598,137.5128383238711,156.0,150.0,55.0,Dairy & Bakery,312.26,173.33,0.0,0.13346893977367036,Healthy,HEALTHY,0.0,3204.38
SKU04599,103.93270319073943,0.0,0.0,0.0,Home & Kitchen,1987.33,1527.39,1.0,0.0,High stockout,REORDER NOW,51637.14,0.0
SKU04600,72.2969375612116,0.0,0.0,0.0,Personal Care,150.03,103.02,1.0,0.0,High stockout,REORDER NOW,2711.68,0.0
SKU04601,101.1218547298381,345.0,259.0,109.0,Grocery,346.35,217.65,0.0,1.0,High overstock,MARKDOWN / CLEAR,0.0,53080.08
SKU04602,69.67453645416613,362.0,136.0,42.0,Beverages,100.41,72.88,0.0,1.0,High overstock,MARKDOWN / CLEAR,0.0,21304.68
SKU04603,77.42940430610209,65.0,55.0,18.0,Apparel & Footwear,1338.73,902.28,0.0,0.0,Healthy,HEALTHY,0.0,0.0
SKU04604,257.2486504524298,333.0,226.0,68.0,Home & Kitchen,318.32,177.86,0.0,0.293327184536532,Healthy,HEALTHY,0.0,13473.14
SKU04605,61.03162255466416,4588.0,1218.0,406.0,Snacks & Confectionery,182.32,129.91,0.0,1.0,High overstock,MARKDOWN / CLEAR,0.0,588098.46
SKU04606,66.95268284967081,0.0,0.0,0.0,Health & Wellness,1007.37,798.22,1.0,0.0,High stockout,REORDER NOW,16861.53,0.0
SKU04607,64.05139807095541,3883.0,921.0,313.0,Frozen Foods,407.99,247.04,0.0,1.0,High overstock,MARKDOWN / CLEAR,0.0,943433.06
SKU04608,201.19683360204337,9.0,87.0,40.0,Beverages,173.43,132.8,0.9014230226343382,0.0,High stockout,REORDER NOW,14099.72,0.0
SKU04609,163.60435859986097,219.0,205.0,66.0,Home Care,575.8,406.08,0.0,0.3365381200798034,Healthy,HEALTHY,0.0,22495.06
SKU04610,329.50877223135365,212.0,154.0,60.0,Electronics & Accessories,2079.89,1184.44,0.0,0.0,Healthy,HEALTHY,0.0,0.0
SKU04611,70.89961764712334,116.0,128.0,53.0,Stationery & Office,272.61,199.69,0.0,0.6272687370081044,High overstock,MARKDOWN / CLEAR,0.0,9006.1
SKU04612,62.23756200170321,6072.0,1273.0,475.0,Home & Kitchen,805.8,532.13,0.0,1.0,High overstock,MARKDOWN / CLEAR,0.0,3197974.89
SKU04613,88.52663674498476,359.0,188.0,79.0,Beverages,182.83,136.84,0.0,1.0,High overstock,MARKDOWN / CLEAR,0.0,37011.58
SKU04614,68.96398459407902,356.0,276.0,70.0,Snacks & Confectionery,177.07,125.53,0.0,1.0,High overstock,MARKDOWN / CLEAR,0.0,36031.63
SKU04615,87.51840276343206,144.0,205.0,57.0,Home Care,277.75,152.96,0.0,0.6380774559106833,High overstock,MARKDOWN / CLEAR,0.0,8639.43
SKU04616,92.24144870318449,193.0,162.0,47.0,Beverages,223.77,130.14,0.0,1.0,High overstock,MARKDOWN / CLEAR,0.0,13112.72
SKU04617,62.9547929868257,71.0,70.0,30.0,Frozen Foods,774.69,494.34,0.0,0.12579521623706236,Healthy,HEALTHY,0.0,3977.07
SKU04618,159.1403422747281,62.0,50.0,18.0,Grocery,433.58,290.7,0.0,0.0,Healthy,HEALTHY,0.0,0.0
SKU04619,74.98320861094285,0.0,0.0,0.0,Beverages,297.98,233.33,1.0,0.0,High stockout,REORDER NOW,5585.87,0.0
SKU04620,62.543559631544184,17.0,24.0,8.0,Grocery,206.16,155.75,0.30994983077277705,0.0,Healthy,HEALTHY,1368.06,0.0
SKU04621,236.14363954687872,0.0,0.0,0.0,Dairy & Bakery,270.2,202.76,1.0,0.0,High stockout,REORDER NOW,15951.5,0.0
SKU04622,226.33464290584433,0.0,0.0,0.0,Apparel & Footwear,2025.83,1387.48,1.0,0.0,High stockout,REORDER NOW,114628.88,0.0
SKU04623,116.92574545228638,200.0,73.0,20.0,Snacks & Confectionery,71.42,40.94,0.0,0.7044624075013889,High overstock,MARKDOWN / CLEAR,0.0,3401.06
SKU04624,68.41626522284182,0.0,0.0,0.0,Stationery & Office,61.27,45.12,1.0,0.0,High stockout,REORDER NOW,1047.97,0.0
SKU04625,118.55941285318758,86.0,84.0,20.0,Dairy & Bakery,66.1,37.79,0.0,0.0,Healthy,HEALTHY,0.0,0.0
SKU04626,465.80499847664896,339.0,774.0,299.0,Grocery,468.52,268.4,0.18597915047677283,0.0,Healthy,HEALTHY,35818.94,0.0
SKU04627,628.63526118199,0.0,544.0,176.0,Personal Care,630.47,386.96,1.0,0.0,High stockout,REORDER NOW,210046.64,0.0
SKU04628,69.04152609700476,318.0,178.0,65.0,Electronics & Accessories,1915.76,1495.52,0.0,1.0,High overstock,MARKDOWN / CLEAR,0.0,372322.38
SKU04629,241.78085061751017,162.0,98.0,45.0,Beverages,166.85,123.05,0.0,0.0,Healthy,HEALTHY,0.0,0.0
SKU04630,75.54582749867274,7.0,23.0,6.0,Grocery,118.95,67.7,0.7295883313080973,0.0,High stockout,REORDER NOW,2127.59,0.0
SKU04631,67.73398453706292,0.0,0.0,0.0,Home & Kitchen,520.22,405.63,1.0,0.0,High stockout,REORDER NOW,8809.14,0.0
SKU04632,116.2817397811338,43.0,140.0,53.0,Health & Wellness,892.4,665.59,0.4823669813655954,0.0,Healthy,HEALTHY,34866.46,0.0
SKU04633,348.61926209470323,0.0,711.0,235.0,Personal Care,620.55,434.95,1.0,0.0,High stockout,REORDER NOW,199913.17,0.0
SKU04634,92.23852331413003,35.0,42.0,12.0,Apparel & Footwear,973.21,566.16,0.02938551516434451,0.0,Healthy,HEALTHY,58.03,0.0
SKU04635,67.86907431024606,88.0,67.0,28.0,Home & Kitchen,687.51,433.15,0.0,0.2923071914552936,Healthy,HEALTHY,0.0,8719.71
SKU04636,62.49103928552684,90.0,55.0,12.0,Personal Care,633.26,395.9,0.0,0.4332731204912564,Healthy,HEALTHY,0.0,10890.8
SKU04637,104.64379202617167,115.0,129.0,33.0,Frozen Foods,502.55,356.82,0.0,0.09802949870696366,Healthy,HEALTHY,0.0,3695.3
SKU04638,71.78573787835117,205.0,180.0,55.0,Grocery,338.74,236.09,0.0,1.0,High overstock,MARKDOWN / CLEAR,0.0,31450.56
SKU04639,94.9560209676869,61.0,75.0,21.0,Dairy & Bakery,254.04,157.33,0.0,0.0,Healthy,HEALTHY,0.0,0.0
SKU04640,62.30532628836386,60.0,29.0,8.0,Health & Wellness,676.99,425.0,0.0,0.0,Healthy,HEALTHY,0.0,0.0
SKU04641,61.359722406214416,7392.0,1675.0,590.0,Snacks & Confectionery,113.8,77.34,0.0,1.0,High overstock,MARKDOWN / CLEAR,0.0,566951.72
SKU04642,90.22461801285236,356.0,162.0,52.0,Stationery & Office,330.34,251.5,0.0,1.0,High overstock,MARKDOWN / CLEAR,0.0,66842.51
SKU04643,62.285476935778064,6913.0,1505.0,567.0,Stationery & Office,247.04,143.67,0.0,1.0,High overstock,MARKDOWN / CLEAR,0.0,984242.16
SKU04644,72.10965220269998,110.0,48.0,23.0,Dairy & Bakery,359.73,263.12,0.0,0.5182673785979345,High overstock,MARKDOWN / CLEAR,0.0,9969.71
SKU04645,77.1993120768337,338.0,159.0,59.0,Personal Care,155.83,124.5,0.0,1.0,High overstock,MARKDOWN / CLEAR,0.0,32469.69
SKU04646,449.82845902908554,6.0,470.0,161.0,Snacks & Confectionery,82.38,60.75,0.9781386610971758,0.0,High stockout,REORDER NOW,22033.12,0.0
SKU04647,175.00776855935956,0.0,0.0,0.0,Frozen Foods,288.31,190.4,1.0,0.0,High stockout,REORDER NOW,12614.12,0.0
SKU04648,67.51007352460051,103.0,133.0,46.0,Beverages,73.65,53.98,0.0,0.5180249363278789,High overstock,MARKDOWN / CLEAR,0.0,1915.75
SKU04649,97.22011703356412,10.0,38.0,9.0,Personal Care,541.59,414.41,0.7084975522195774,0.0,High stockout,REORDER NOW,12621.77,0.0
SKU04650,61.488057176381346,310.0,124.0,45.0,Frozen Foods,578.07,429.0,0.0,1.0,High overstock,MARKDOWN / CLEAR,0.0,106611.62
SKU04651,156.828552241053,53.0,34.0,8.0,Health & Wellness,655.85,362.81,0.0,0.0,Healthy,HEALTHY,0.0,0.0
SKU04652,62.0229098380127,6491.0,1488.0,472.0,Health & Wellness,1268.21,739.21,0.0,1.0,High overstock,MARKDOWN / CLEAR,0.0,4752364.15
SKU04653,65.64771405746802,5354.0,1196.0,410.0,Snacks & Confectionery,179.35,103.45,0.0,1.0,High overstock,MARKDOWN / CLEAR,0.0,547080.04
SKU04654,64.63599713733838,6277.0,1529.0,544.0,Apparel & Footwear,2988.03,1667.19,0.0,1.0,High overstock,MARKDOWN / CLEAR,0.0,10357191.14
SKU04655,98.99326532235347,0.0,0.0,0.0,Electronics & Accessories,2076.21,1512.79,1.0,0.0,High stockout,REORDER NOW,51382.7,0.0
SKU04656,73.84093375906157,0.0,0.0,0.0,Apparel & Footwear,1418.65,875.08,1.0,0.0,High stockout,REORDER NOW,26188.61,0.0
SKU04657,114.90104445591146,201.0,114.0,41.0,Home Care,395.47,288.89,0.0,0.742866088466014,High overstock,MARKDOWN / CLEAR,0.0,24873.13
SKU04658,65.71308458814426,0.0,0.0,0.0,Home & Kitchen,1654.62,1185.58,1.0,0.0,High stockout,REORDER NOW,27182.55,0.0
SKU04659,72.85778434948074,167.0,82.0,27.0,Personal Care,578.23,393.72,0.0,1.0,High overstock,MARKDOWN / CLEAR,0.0,37065.67
SKU04660,124.54136041143327,42.0,68.0,14.0,Apparel & Footwear,2394.77,1352.87,0.08963497599971337,0.0,Healthy,HEALTHY,7508.42,0.0
SKU04661,63.1089962576833,262.0,91.0,33.0,Snacks & Confectionery,81.09,50.79,0.0,1.0,High overstock,MARKDOWN / CLEAR,0.0,10101.67
SKU04662,188.8445882956529,26.0,33.0,15.0,Snacks & Confectionery,186.44,103.81,0.5886801426084227,0.0,High stockout,REORDER NOW,6751.21,0.0
SKU04663,422.699305740857,0.0,1222.0,377.0,Frozen Foods,715.73,556.48,1.0,0.0,High stockout,REORDER NOW,345464.85,0.0
SKU04664,64.78510150527457,248.0,157.0,67.0,Frozen Foods,729.2,457.32,0.0,1.0,High overstock,MARKDOWN / CLEAR,0.0,83787.84
SKU04665,62.44539746787418,6681.0,1529.0,518.0,Electronics & Accessories,1605.02,920.86,0.0,1.0,High overstock,MARKDOWN / CLEAR,0.0,6094762.19
SKU04666,145.83462112418988,0.0,0.0,0.0,Dairy & Bakery,118.07,65.01,1.0,0.0,High stockout,REORDER NOW,4304.67,0.0
SKU04667,65.80540589228522,30.0,34.0,16.0,Home & Kitchen,883.22,620.8,0.10317524766823483,0.0,Healthy,HEALTHY,2165.08,0.0
SKU04668,101.56399269342923,254.0,98.0,33.0,Dairy & Bakery,116.64,82.26,0.0,1.0,High overstock,MARKDOWN / CLEAR,0.0,12539.39
SKU04669,76.56793476187089,27.0,35.0,17.0,Frozen Foods,508.26,405.96,0.273059828333041,0.0,Healthy,HEALTHY,4646.5,0.0
SKU04670,62.07150679932079,120.0,74.0,28.0,Stationery & Office,308.99,192.24,0.0,0.9184574166746091,High overstock,MARKDOWN / CLEAR,0.0,11136.17
SKU04671,73.69540991989388,307.0,153.0,55.0,Frozen Foods,205.55,115.44,0.0,1.0,High overstock,MARKDOWN / CLEAR,0.0,26932.68
SKU04672,66.2893552554067,65.0,171.0,58.0,Electronics & Accessories,2160.93,1609.56,0.13989693821562477,0.0,Healthy,HEALTHY,20685.15,0.0
SKU04673,69.51785755054827,287.0,119.0,32.0,Home & Kitchen,1061.88,664.89,0.0,1.0,High overstock,MARKDOWN / CLEAR,0.0,144601.7
SKU04674,83.3109468728667,355.0,220.0,82.0,Stationery & Office,161.82,102.38,0.0,1.0,High overstock,MARKDOWN / CLEAR,0.0,27815.53
SKU04675,71.27622155778518,245.0,178.0,57.0,Home Care,116.52,90.53,0.0,1.0,High overstock,MARKDOWN / CLEAR,0.0,15727.21
SKU04676,109.34762828716428,133.0,116.0,52.0,Home Care,398.8,276.7,0.0,0.21434417830244365,Healthy,HEALTHY,0.0,6544.61
SKU04677,409.79163712050365,293.0,98.0,30.0,Snacks & Confectionery,167.85,109.12,0.0,0.0,Healthy,HEALTHY,0.0,0.0
SKU04678,66.95392166729967,264.0,139.0,45.0,Frozen Foods,215.64,169.85,0.0,1.0,High overstock,MARKDOWN / CLEAR,0.0,33468.28
SKU04679,61.63245541157706,8255.0,1775.0,628.0,Stationery & Office,45.71,28.17,0.0,1.0,High overstock,MARKDOWN / CLEAR,0.0,230807.16
SKU04680,94.65859651366482,83.0,142.0,41.0,Home Care,142.59,79.19,0.0,0.0,Healthy,HEALTHY,0.0,0.0
SKU04681,72.64469652712454,136.0,109.0,45.0,Personal Care,215.11,130.73,0.0,0.8602833124519792,High overstock,MARKDOWN / CLEAR,0.0,8282.44
SKU04682,93.27557088260625,78.0,129.0,46.0,Beverages,129.38,72.59,0.0,0.0,Healthy,HEALTHY,0.0,0.0
SKU04683,101.18657819779021,233.0,159.0,55.0,Personal Care,481.63,313.99,0.0,1.0,High overstock,MARKDOWN / CLEAR,0.0,41388.1
SKU04684,69.92813412849989,336.0,287.0,91.0,Snacks & Confectionery,124.43,94.29,0.0,1.0,High overstock,MARKDOWN / CLEAR,0.0,25087.92
SKU04685,70.48988341805193,145.0,142.0,43.0,Stationery & Office,173.01,137.33,0.0,1.0,High overstock,MARKDOWN / CLEAR,0.0,10232.47
SKU04686,63.307570445143156,93.0,72.0,36.0,Frozen Foods,417.94,303.04,0.0,0.46172525799564507,Healthy,HEALTHY,0.0,8997.99
SKU04687,64.829189577716,0.0,0.0,0.0,Beverages,58.4,45.64,1.0,0.0,High stockout,REORDER NOW,946.51,0.0
SKU04688,87.52576728741298,408.0,237.0,95.0,Grocery,277.95,181.26,0.0,1.0,High overstock,MARKDOWN / CLEAR,0.0,58089.16
SKU04689,81.17113383676399,0.0,0.0,0.0,Home & Kitchen,1087.98,680.72,1.0,0.0,High stockout,REORDER NOW,22078.14,0.0
SKU04690,61.2602046993409,8332.0,1741.0,645.0,Stationery & Office,120.94,71.18,0.0,1.0,High overstock,MARKDOWN / CLEAR,0.0,588711.26
SKU04691,95.32486316759348,0.0,0.0,0.0,Apparel & Footwear,1341.17,905.59,1.0,0.0,High stockout,REORDER NOW,31961.71,0.0
SKU04692,66.05470962067504,61.0,88.0,33.0,Beverages,57.36,36.24,0.0,0.0,Healthy,HEALTHY,0.0,0.0
SKU04693,62.22871934390555,5974.0,1372.0,466.0,Beverages,225.63,130.16,0.0,1.0,High overstock,MARKDOWN / CLEAR,0.0,769476.15
SKU04694,147.68565578064863,110.0,66.0,31.0,Snacks & Confectionery,149.97,117.42,0.0,0.0,Healthy,HEALTHY,0.0,0.0
SKU04695,75.83250516388787,120.0,127.0,48.0,Apparel & Footwear,2192.57,1273.72,0.0,0.5748542852000007,High overstock,MARKDOWN / CLEAR,0.0,56257.02
SKU04696,61.88526657234317,0.0,0.0,0.0,Apparel & Footwear,1571.33,1154.83,1.0,0.0,High stockout,REORDER NOW,24310.54,0.0
SKU04697,76.62413426455106,0.0,0.0,0.0,Home & Kitchen,517.49,293.43,1.0,0.0,High stockout,REORDER NOW,9913.06,0.0
SKU04698,62.93516669355752,608.0,360.0,133.0,Beverages,85.45,58.26,0.0,1.0,High overstock,MARKDOWN / CLEAR,0.0,31755.48
SKU04699,65.3612223066473,469.0,300.0,96.0,Beverages,143.53,103.16,0.0,1.0,High overstock,MARKDOWN / CLEAR,0.0,41639.38
SKU04700,91.47358254220126,47.0,86.0,21.0,Home & Kitchen,1503.53,915.1,0.0,0.0,Healthy,HEALTHY,0.0,0.0
SKU04701,67.66890949766821,190.0,86.0,35.0,Stationery & Office,171.7,97.68,0.0,1.0,High overstock,MARKDOWN / CLEAR,0.0,11949.3
SKU04702,341.60826592149664,510.0,193.0,42.0,Electronics & Accessories,2187.66,1527.73,0.0,0.49149933270170343,Healthy,HEALTHY,0.0,257257.1
SKU04703,61.335450043739066,137.0,283.0,93.0,Beverages,134.39,94.17,0.0,1.0,High overstock,MARKDOWN / CLEAR,0.0,7125.33
SKU04704,91.39553165571598,275.0,150.0,37.0,Grocery,56.92,35.75,0.0,1.0,High overstock,MARKDOWN / CLEAR,0.0,6563.86
SKU04705,196.33266248752102,70.0,53.0,23.0,Grocery,147.03,94.69,0.04218708365524315,0.0,Healthy,HEALTHY,306.29,0.0
SKU04706,61.56713404380336,3539.0,873.0,316.0,Electronics & Accessories,625.94,351.4,0.0,1.0,High overstock,MARKDOWN / CLEAR,0.0,1221969.91
SKU04707,106.94481502992895,122.0,144.0,46.0,Home & Kitchen,978.23,610.36,0.0,0.1394711266668698,Healthy,HEALTHY,0.0,9189.08
SKU04708,78.33058662293374,204.0,118.0,31.0,Health & Wellness,1333.42,1027.6,0.0,1.0,High overstock,MARKDOWN / CLEAR,0.0,129137.89
SKU04709,61.238405436694464,163.0,87.0,22.0,Dairy & Bakery,194.24,115.15,0.0,1.0,High overstock,MARKDOWN / CLEAR,0.0,11717.85
SKU04710,436.28804299893113,558.0,979.0,372.0,Apparel & Footwear,1632.84,1089.13,0.0,0.27833360401616647,Healthy,HEALTHY,0.0,132560.14
SKU04711,200.25601413733565,500.0,274.0,93.0,Grocery,291.42,209.59,0.0,1.0,High overstock,MARKDOWN / CLEAR,0.0,62823.34
SKU04712,85.31645972184879,360.0,193.0,68.0,Apparel & Footwear,2174.66,1632.56,0.0,1.0,High overstock,MARKDOWN / CLEAR,0.0,448437.36
SKU04713,113.64676167877916,149.0,100.0,36.0,Home & Kitchen,1913.4,1091.19,0.0,0.30836665426516485,Healthy,HEALTHY,0.0,38577.1
SKU04714,86.07495545943874,0.0,0.0,0.0,Electronics & Accessories,2007.28,1401.0,1.0,0.0,High stockout,REORDER NOW,43194.13,0.0
SKU04715,72.42861328628844,25.0,27.0,9.0,Home & Kitchen,1276.44,902.22,0.11054670980100234,0.0,Healthy,HEALTHY,2689.65,0.0
SKU04716,64.07535218832815,64.0,102.0,45.0,Health & Wellness,296.19,177.52,0.0,0.0,Healthy,HEALTHY,0.0,0.0
SKU04717,74.79863941555485,5576.0,1267.0,421.0,Home Care,523.77,292.11,0.0,1.0,High overstock,MARKDOWN / CLEAR,0.0,1606955.93
SKU04718,77.68971052477549,177.0,139.0,37.0,Dairy & Bakery,148.59,113.09,0.0,1.0,High overstock,MARKDOWN / CLEAR,0.0,11231.0
SKU04719,115.59969697729574,239.0,101.0,27.0,Stationery & Office,240.75,158.9,0.0,1.0,High overstock,MARKDOWN / CLEAR,0.0,19608.31
SKU04720,188.0092994365181,235.0,88.0,26.0,Electronics & Accessories,2230.86,1260.87,0.0,0.248615812574156,Healthy,HEALTHY,0.0,59249.16
SKU04721,141.75002658575642,286.0,151.0,49.0,Snacks & Confectionery,41.69,28.95,0.0,1.0,High overstock,MARKDOWN / CLEAR,0.0,4176.04
SKU04722,65.53208881829819,426.0,244.0,70.0,Stationery & Office,328.81,211.83,0.0,1.0,High overstock,MARKDOWN / CLEAR,0.0,76357.92
SKU04723,65.89725929509025,353.0,156.0,54.0,Grocery,369.02,210.36,0.0,1.0,High overstock,MARKDOWN / CLEAR,0.0,60394.93
SKU04724,67.93348735139716,190.0,120.0,44.0,Health & Wellness,1215.98,756.07,0.0,1.0,High overstock,MARKDOWN / CLEAR,0.0,92290.83
SKU04725,62.034361326190364,0.0,0.0,0.0,Snacks & Confectionery,84.88,53.62,1.0,0.0,High stockout,REORDER NOW,1316.37,0.0
SKU04726,61.60050759244236,7465.0,1624.0,521.0,Health & Wellness,789.0,547.35,0.0,1.0,High overstock,MARKDOWN / CLEAR,0.0,4052250.71
SKU04727,62.354082690900356,125.0,72.0,18.0,Personal Care,491.3,319.75,0.0,0.988822103458497,High overstock,MARKDOWN / CLEAR,0.0,20031.03
SKU04728,62.8703224220494,480.0,249.0,101.0,Home Care,217.88,125.66,0.0,1.0,High overstock,MARKDOWN / CLEAR,0.0,52416.52
SKU04729,64.25112031652083,6517.0,1463.0,488.0,Electronics & Accessories,1746.02,1237.64,0.0,1.0,High overstock,MARKDOWN / CLEAR,0.0,7986180.12
SKU04730,89.70269886546862,0.0,0.0,0.0,Apparel & Footwear,1506.33,1102.93,1.0,0.0,High stockout,REORDER NOW,33780.47,0.0
SKU04731,79.48372918374834,716.0,339.0,122.0,Personal Care,98.95,66.97,0.0,1.0,High overstock,MARKDOWN / CLEAR,0.0,42627.49
SKU04732,69.88693926838438,339.0,309.0,90.0,Stationery & Office,102.18,57.82,0.0,1.0,High overstock,MARKDOWN / CLEAR,0.0,15560.12
SKU04733,67.48143640126953,315.0,208.0,72.0,Home Care,486.39,280.07,0.0,1.0,High overstock,MARKDOWN / CLEAR,0.0,69322.52
SKU04734,85.23155974582639,201.0,80.0,31.0,Beverages,159.5,125.39,0.0,1.0,High overstock,MARKDOWN / CLEAR,0.0,14516.2
SKU04735,209.16657675971774,88.0,59.0,17.0,Grocery,604.76,361.25,0.0,0.0,Healthy,HEALTHY,0.0,0.0
SKU04736,68.3794460374127,402.0,162.0,68.0,Snacks & Confectionery,143.03,89.66,0.0,1.0,High overstock,MARKDOWN / CLEAR,0.0,29912.42
SKU04737,97.65147286190599,141.0,58.0,12.0,Electronics & Accessories,1427.53,1030.5,0.0,0.43941084588543367,Healthy,HEALTHY,0.0,44670.66
SKU04738,76.70765769483336,69.0,48.0,22.0,Frozen Foods,768.39,574.72,0.0,0.0,Healthy,HEALTHY,0.0,0.0
SKU04739,67.24309988392915,105.0,189.0,49.0,Personal Care,273.32,212.58,0.0,0.5532705897048851,High overstock,MARKDOWN / CLEAR,0.0,8026.36
SKU04740,66.24290197488405,13.0,30.0,11.0,Home Care,145.53,94.42,0.5448294896129999,0.0,High stockout,REORDER NOW,2119.02,0.0
SKU04741,61.84603351976027,4650.0,1048.0,330.0,Home & Kitchen,1088.07,868.36,0.0,1.0,High overstock,MARKDOWN / CLEAR,0.0,3984169.38
SKU04742,111.16300897195318,516.0,328.0,112.0,Frozen Foods,362.06,208.54,0.0,1.0,High overstock,MARKDOWN / CLEAR,0.0,84424.71
SKU04743,69.82095523866143,518.0,281.0,117.0,Grocery,385.89,291.98,0.0,1.0,High overstock,MARKDOWN / CLEAR,0.0,130859.32
SKU04744,86.73099014980711,0.0,0.0,0.0,Grocery,232.79,143.87,1.0,0.0,High stockout,REORDER NOW,5047.53,0.0
SKU04745,78.16131502736292,192.0,147.0,72.0,Home Care,335.38,263.03,0.0,1.0,High overstock,MARKDOWN / CLEAR,0.0,29942.99
SKU04746,62.52840309249709,101.0,81.0,37.0,Personal Care,364.33,279.55,0.0,0.605581047763603,High overstock,MARKDOWN / CLEAR,0.0,10754.73
SKU04747,61.81991058797902,7333.0,1707.0,604.0,Home & Kitchen,1085.05,803.55,0.0,1.0,High overstock,MARKDOWN / CLEAR,0.0,5842756.76
SKU04748,201.82901016721343,53.0,23.0,7.0,Frozen Foods,553.81,388.19,0.09335458483788339,0.0,Healthy,HEALTHY,2468.47,0.0
SKU04749,229.42932471124325,232.0,129.0,40.0,Apparel & Footwear,1569.69,947.49,0.0,0.011156024919910362,Healthy,HEALTHY,0.0,2435.69
SKU04750,338.19708347774355,128.0,180.0,78.0,Health & Wellness,914.6,608.65,0.2173612311473736,0.0,Healthy,HEALTHY,31598.76,0.0
SKU04751,65.36473312331208,145.0,117.0,55.0,Personal Care,210.56,117.64,0.0,1.0,High overstock,MARKDOWN / CLEAR,0.0,9368.29
SKU04752,66.9461458291905,59.0,60.0,18.0,Health & Wellness,833.79,606.46,0.0,0.0,Healthy,HEALTHY,0.0,0.0
SKU04753,64.82632234876709,4905.0,1091.0,352.0,Health & Wellness,641.27,371.28,0.0,1.0,High overstock,MARKDOWN / CLEAR,0.0,1797059.68
SKU04754,67.89967564586108,135.0,94.0,26.0,Electronics & Accessories,2886.78,1774.13,0.0,0.9738844736951929,High overstock,MARKDOWN / CLEAR,0.0,119044.7
SKU04755,151.93015453865692,217.0,155.0,51.0,Snacks & Confectionery,176.07,107.62,0.0,0.4254873452370379,Healthy,HEALTHY,0.0,7002.82
SKU04756,419.2143208258799,0.0,644.0,202.0,Health & Wellness,665.32,496.99,1.0,0.0,High stockout,REORDER NOW,204122.56,0.0
SKU04757,64.62509532904151,129.0,88.0,30.0,Dairy & Bakery,318.55,207.11,0.0,0.9809495033597342,High overstock,MARKDOWN / CLEAR,0.0,13332.69
SKU04758,68.90927295706223,123.0,52.0,16.0,Apparel & Footwear,2060.11,1408.36,0.0,0.7737275007302666,High overstock,MARKDOWN / CLEAR,0.0,76179.22
SKU04759,83.02084527864166,195.0,152.0,52.0,Apparel & Footwear,1217.72,733.26,0.0,1.0,High overstock,MARKDOWN / CLEAR,0.0,82109.83
SKU04760,113.01953885229688,46.0,57.0,13.0,Health & Wellness,216.71,137.29,0.0,0.0,Healthy,HEALTHY,0.0,0.0
SKU04761,69.26275965101632,161.0,109.0,37.0,Stationery & Office,287.71,195.06,0.0,1.0,High overstock,MARKDOWN / CLEAR,0.0,17894.27
SKU04762,261.2077622063307,136.0,65.0,22.0,Frozen Foods,437.45,261.84,0.0,0.0,Healthy,HEALTHY,0.0,0.0
SKU04763,69.05854621635547,293.0,171.0,62.0,Grocery,99.27,71.72,0.0,1.0,High overstock,MARKDOWN / CLEAR,0.0,16061.08
SKU04764,70.41716179100064,198.0,156.0,71.0,Health & Wellness,1249.29,827.43,0.0,1.0,High overstock,MARKDOWN / CLEAR,0.0,105565.87
SKU04765,71.96510992367787,202.0,168.0,39.0,Apparel & Footwear,2309.27,1837.98,0.0,1.0,High overstock,MARKDOWN / CLEAR,0.0,239001.53
SKU04766,69.07251463370051,6.0,69.0,15.0,Beverages,112.83,69.01,0.8196472046382897,0.0,High stockout,REORDER NOW,2963.83,0.0
SKU04767,89.07112962530285,350.0,133.0,57.0,Beverages,116.26,75.45,0.0,1.0,High overstock,MARKDOWN / CLEAR,0.0,19687.08
SKU04768,63.126356134073,7103.0,1556.0,538.0,Dairy & Bakery,104.95,81.98,0.0,1.0,High overstock,MARKDOWN / CLEAR,0.0,577128.84
SKU04769,62.89837443120619,0.0,0.0,0.0,Home & Kitchen,2064.58,1592.82,1.0,0.0,High stockout,REORDER NOW,32464.68,0.0
SKU04770,78.3533653885801,179.0,130.0,30.0,Frozen Foods,343.82,230.72,0.0,1.0,High overstock,MARKDOWN / CLEAR,0.0,23221.19
SKU04771,62.68172159524667,5701.0,1350.0,452.0,Stationery & Office,76.55,44.47,0.0,1.0,High overstock,MARKDOWN / CLEAR,0.0,250736.01
SKU04772,71.71160397669264,123.0,149.0,38.0,Home & Kitchen,1952.93,1273.69,0.0,0.7053674134289157,High overstock,MARKDOWN / CLEAR,0.0,65325.52
SKU04773,67.14249081779212,7.0,25.0,9.0,Frozen Foods,434.24,302.59,0.7386657731560753,0.0,High stockout,REORDER NOW,8157.47,0.0
SKU04774,64.0389107452933,226.0,195.0,59.0,Electronics & Accessories,378.76,232.39,0.0,1.0,High overstock,MARKDOWN / CLEAR,0.0,37638.14
SKU04775,94.73435519214571,525.0,342.0,123.0,Dairy & Bakery,121.08,72.38,0.0,1.0,High overstock,MARKDOWN / CLEAR,0.0,31142.63
SKU04776,74.62973242979486,631.0,237.0,80.0,Beverages,218.83,149.43,0.0,1.0,High overstock,MARKDOWN / CLEAR,0.0,83138.41
SKU04777,102.221402857054,59.0,137.0,60.0,Personal Care,135.53,80.51,0.31835525460729996,0.0,Healthy,HEALTHY,3599.05,0.0
SKU04778,361.01300852328495,101.0,143.0,51.0,Health & Wellness,485.82,373.42,0.28999865741475817,0.0,Healthy,HEALTHY,19555.83,0.0
SKU04779,182.37792123967384,235.0,114.0,49.0,Snacks & Confectionery,192.22,109.29,0.0,0.2869597299641619,Healthy,HEALTHY,0.0,5751.07
SKU04780,82.44812075093029,0.0,0.0,0.0,Snacks & Confectionery,37.42,29.82,1.0,0.0,High stockout,REORDER NOW,771.3,0.0
SKU04781,68.23433554587581,561.0,217.0,67.0,Grocery,79.52,54.43,0.0,1.0,High overstock,MARKDOWN / CLEAR,0.0,26821.24
SKU04782,216.12073043679285,0.0,0.0,0.0,Electronics & Accessories,1639.0,1304.46,1.0,0.0,High stockout,REORDER NOW,88555.47,0.0
SKU04783,475.03067497208093,175.0,1179.0,431.0,Home & Kitchen,1943.37,1433.97,0.6822558995875665,0.0,High stockout,REORDER NOW,728292.81,0.0
SKU04784,88.44960459002654,207.0,71.0,31.0,Apparel & Footwear,1758.96,1034.66,0.0,1.0,High overstock,MARKDOWN / CLEAR,0.0,122659.35
SKU04785,70.64184489089799,82.0,65.0,19.0,Personal Care,423.51,257.01,0.0,0.15854079590495102,Healthy,HEALTHY,0.0,2919.16
SKU04786,91.98023525577426,13.0,68.0,22.0,Health & Wellness,1022.18,589.53,0.7173609440834327,0.0,High stockout,REORDER NOW,32704.71,0.0
SKU04787,141.81675182807686,566.0,278.0,104.0,Stationery & Office,161.55,118.3,0.0,1.0,High overstock,MARKDOWN / CLEAR,0.0,50180.88
SKU04788,96.14771367651528,234.0,99.0,29.0,Health & Wellness,583.18,345.34,0.0,1.0,High overstock,MARKDOWN / CLEAR,0.0,47605.91
SKU04789,268.0941853810645,228.0,96.0,32.0,Dairy & Bakery,67.08,48.88,0.0,0.0,Healthy,HEALTHY,0.0,0.0
SKU04790,77.19791658873595,37.0,59.0,12.0,Personal Care,155.92,119.26,0.0,0.0,Healthy,HEALTHY,0.0,0.0
SKU04791,77.60891621500993,6763.0,1525.0,558.0,Electronics & Accessories,2688.04,1755.1,0.0,1.0,High overstock,MARKDOWN / CLEAR,0.0,11733529.89
SKU04792,63.53209532928049,522.0,314.0,117.0,Home Care,429.4,307.13,0.0,1.0,High overstock,MARKDOWN / CLEAR,0.0,140809.25
SKU04793,64.71322669252447,0.0,0.0,0.0,Home & Kitchen,582.12,450.44,1.0,0.0,High stockout,REORDER NOW,9417.72,0.0
SKU04794,68.13222951731333,481.0,196.0,92.0,Home & Kitchen,2218.35,1637.77,0.0,1.0,High overstock,MARKDOWN / CLEAR,0.0,676182.45
SKU04795,65.32864509512355,5328.0,1184.0,430.0,Grocery,281.26,163.89,0.0,1.0,High overstock,MARKDOWN / CLEAR,0.0,862499.21
SKU04796,318.6217320954306,404.0,409.0,142.0,Electronics & Accessories,1974.55,1230.4,0.0,0.2671228497037169,Healthy,HEALTHY,0.0,105049.42
SKU04797,63.55442945473778,4377.0,984.0,349.0,Personal Care,297.66,203.57,0.0,1.0,High overstock,MARKDOWN / CLEAR,0.0,878088.11
SKU04798,66.6543925941492,1.0,33.0,12.0,Frozen Foods,640.44,394.55,0.9662886479585987,0.0,High stockout,REORDER NOW,17716.87,0.0
SKU04799,88.11923035544812,0.0,0.0,0.0,Dairy & Bakery,161.33,109.14,1.0,0.0,High stockout,REORDER NOW,3554.07,0.0
SKU04800,134.73492210119787,20.0,66.0,32.0,Personal Care,816.44,643.52,0.7000767677145462,0.0,High stockout,REORDER NOW,37298.02,0.0
SKU04801,72.29451054452079,297.0,142.0,51.0,Dairy & Bakery,108.26,71.81,0.0,1.0,High overstock,MARKDOWN / CLEAR,0.0,16136.1
SKU04802,62.138827516328874,280.0,132.0,47.0,Grocery,237.57,146.2,0.0,1.0,High overstock,MARKDOWN / CLEAR,0.0,31851.3
SKU04803,70.3107763991065,309.0,131.0,58.0,Apparel & Footwear,1055.76,619.36,0.0,1.0,High overstock,MARKDOWN / CLEAR,0.0,147834.56
SKU04804,72.4058045337239,73.0,35.0,16.0,Beverages,229.19,177.69,0.0,0.008094665947065824,Healthy,HEALTHY,0.0,105.58
SKU04805,107.95863869189152,464.0,212.0,78.0,Personal Care,136.32,82.81,0.0,1.0,High overstock,MARKDOWN / CLEAR,0.0,29483.79
SKU04806,210.47272452069808,106.0,36.0,12.0,Snacks & Confectionery,92.11,55.12,0.0,0.0,Healthy,HEALTHY,0.0,0.0
SKU04807,85.76786212460894,223.0,120.0,53.0,Beverages,137.43,94.52,0.0,1.0,High overstock,MARKDOWN / CLEAR,0.0,12971.18
SKU04808,264.8058387096824,377.0,213.0,81.0,Personal Care,492.31,327.6,0.0,0.4220906577332861,Healthy,HEALTHY,0.0,36754.81
SKU04809,96.36634317012414,231.0,127.0,45.0,Stationery & Office,219.51,141.89,0.0,1.0,High overstock,MARKDOWN / CLEAR,0.0,19103.17
SKU04810,82.5927691395004,246.0,201.0,64.0,Stationery & Office,33.31,23.14,0.0,1.0,High overstock,MARKDOWN / CLEAR,0.0,3781.24
SKU04811,63.57290000311636,285.0,259.0,109.0,Personal Care,281.13,194.64,0.0,1.0,High overstock,MARKDOWN / CLEAR,0.0,43098.57
SKU04812,65.77464622328165,72.0,36.0,17.0,Frozen Foods,251.69,142.73,0.0,0.09322930376751017,Healthy,HEALTHY,0.0,888.54
SKU04813,172.99447080604148,0.0,0.0,0.0,Stationery & Office,397.81,260.06,1.0,0.0,High stockout,REORDER NOW,17204.73,0.0
SKU04814,62.58813188006964,207.0,104.0,38.0,Snacks & Confectionery,53.95,39.4,0.0,1.0,High overstock,MARKDOWN / CLEAR,0.0,5689.83
SKU04815,68.81678468175625,203.0,125.0,48.0,Stationery & Office,287.64,185.65,0.0,1.0,High overstock,MARKDOWN / CLEAR,0.0,24911.11
SKU04816,254.5028609965956,58.0,30.0,14.0,Beverages,90.49,72.34,0.2623278552543554,0.0,Healthy,HEALTHY,1775.93,0.0
SKU04817,86.46353119444767,261.0,120.0,51.0,Snacks & Confectionery,40.86,24.88,0.0,1.0,High overstock,MARKDOWN / CLEAR,0.0,4342.47
SKU04818,69.82227563330856,144.0,70.0,19.0,Personal Care,254.31,171.43,0.0,1.0,High overstock,MARKDOWN / CLEAR,0.0,12716.29
SKU04819,252.64716297734424,59.0,28.0,9.0,Grocery,222.61,159.94,0.19356812620708597,0.0,Healthy,HEALTHY,2929.95,0.0
SKU04820,62.57148178823573,2.0,81.0,17.0,Apparel & Footwear,1659.68,1140.14,0.9405520404940703,0.0,High stockout,REORDER NOW,50857.36,0.0
SKU04821,101.03488627311806,99.0,202.0,65.0,Home & Kitchen,335.99,188.08,0.0,0.0,Healthy,HEALTHY,0.0,0.0
SKU04822,94.74468638821241,81.0,128.0,32.0,Personal Care,457.47,310.36,0.0,0.0,Healthy,HEALTHY,0.0,0.0
SKU04823,131.91393252590058,13.0,31.0,7.0,Home & Kitchen,1018.52,806.27,0.6827603413652265,0.0,High stockout,REORDER NOW,27478.12,0.0
SKU04824,452.36030280353486,0.0,954.0,338.0,Apparel & Footwear,1024.94,667.92,1.0,0.0,High stockout,REORDER NOW,462340.26,0.0
SKU04825,153.17895977869185,36.0,93.0,39.0,Apparel & Footwear,1503.66,870.69,0.5401989964403812,0.0,High stockout,REORDER NOW,62093.25,0.0
SKU04826,62.782297868188806,119.0,69.0,20.0,Apparel & Footwear,1610.45,894.31,0.0,0.8813997615449596,High overstock,MARKDOWN / CLEAR,0.0,50276.05
SKU04827,116.576799965881,0.0,0.0,0.0,Frozen Foods,319.42,208.6,1.0,0.0,High stockout,REORDER NOW,9309.24,0.0
SKU04828,173.67019410425627,207.0,183.0,66.0,Beverages,145.98,87.05,0.0,0.19081564583279736,Healthy,HEALTHY,0.0,2901.36
SKU04829,64.39791305590164,286.0,156.0,67.0,Stationery & Office,159.42,120.95,0.0,1.0,High overstock,MARKDOWN / CLEAR,0.0,26802.77
SKU04830,171.1513433475828,10.0,29.0,14.0,Health & Wellness,258.35,203.6,0.8269532012199821,0.0,High stockout,REORDER NOW,12087.64,0.0
SKU04831,67.46864080159698,8159.0,1864.0,634.0,Home & Kitchen,856.16,672.2,0.0,1.0,High overstock,MARKDOWN / CLEAR,0.0,5439127.38
SKU04832,78.1898257610649,219.0,197.0,61.0,Stationery & Office,208.17,133.98,0.0,1.0,High overstock,MARKDOWN / CLEAR,0.0,18865.75
SKU04833,136.79149321268088,369.0,230.0,97.0,Snacks & Confectionery,115.48,76.64,0.0,1.0,High overstock,MARKDOWN / CLEAR,0.0,17796.46
SKU04834,65.75119523517895,0.0,0.0,0.0,Personal Care,263.24,165.52,1.0,0.0,High stockout,REORDER NOW,4327.09,0.0
SKU04835,194.6736096119152,0.0,0.0,0.0,Snacks & Confectionery,62.1,36.16,1.0,0.0,High stockout,REORDER NOW,3022.31,0.0
SKU04836,73.38744915643235,329.0,266.0,102.0,Grocery,370.47,255.54,0.0,1.0,High overstock,MARKDOWN / CLEAR,0.0,65319.23
SKU04837,91.60724260236533,98.0,117.0,48.0,Stationery & Office,246.51,147.06,0.0,0.06903085782484346,Healthy,HEALTHY,0.0,940.12
SKU04838,68.9313420837072,518.0,253.0,89.0,Stationery & Office,110.85,62.61,0.0,1.0,High overstock,MARKDOWN / CLEAR,0.0,28116.19
SKU04839,90.80810793679775,35.0,43.0,21.0,Stationery & Office,51.2,39.03,0.21703774165830902,0.0,Healthy,HEALTHY,445.54,0.0
SKU04840,166.18923977397492,156.0,81.0,20.0,Home & Kitchen,639.65,479.5,0.0,0.0,Healthy,HEALTHY,0.0,0.0
SKU04841,69.14655751331543,265.0,158.0,61.0,Health & Wellness,1189.41,929.61,0.0,1.0,High overstock,MARKDOWN / CLEAR,0.0,182067.32
SKU04842,73.91530292411545,89.0,92.0,36.0,Frozen Foods,806.29,509.46,0.0,0.20135668531120285,Healthy,HEALTHY,0.0,7685.05
SKU04843,91.36185517070773,141.0,65.0,30.0,Stationery & Office,272.97,209.55,0.0,0.5374312235018299,High overstock,MARKDOWN / CLEAR,0.0,10401.67
SKU04844,74.01605368513584,176.0,141.0,62.0,Frozen Foods,259.02,168.26,0.0,1.0,High overstock,MARKDOWN / CLEAR,0.0,17159.82
SKU04845,82.35687223637876,360.0,181.0,65.0,Health & Wellness,1000.23,568.33,0.0,1.0,High overstock,MARKDOWN / CLEAR,0.0,157792.92
SKU04846,73.52763022372699,66.0,39.0,13.0,Snacks & Confectionery,118.61,78.81,0.0,0.0,Healthy,HEALTHY,0.0,0.0
SKU04847,384.3188048976617,199.0,1009.0,358.0,Electronics & Accessories,630.96,434.38,0.5627139609510593,0.0,High stockout,REORDER NOW,160945.09,0.0
SKU04848,71.34023009632686,20.0,21.0,5.0,Apparel & Footwear,472.99,311.24,0.16089986442059012,0.0,Healthy,HEALTHY,1340.95,0.0
SKU04849,61.06734640531717,6698.0,1544.0,529.0,Electronics & Accessories,1457.98,1088.18,0.0,1.0,High overstock,MARKDOWN / CLEAR,0.0,7222177.37
SKU04850,69.03661024563037,428.0,217.0,56.0,Home Care,273.9,174.74,0.0,1.0,High overstock,MARKDOWN / CLEAR,0.0,62725.26
SKU04851,72.62306300725403,44.0,33.0,8.0,Snacks & Confectionery,86.17,67.24,0.0,0.0,Healthy,HEALTHY,0.0,0.0
SKU04852,67.3090307700827,311.0,167.0,51.0,Grocery,366.43,208.33,0.0,1.0,High overstock,MARKDOWN / CLEAR,0.0,50768.14
SKU04853,233.8684021920422,323.0,145.0,43.0,Health & Wellness,541.65,395.46,0.0,0.3794959090966974,Healthy,HEALTHY,0.0,35247.98
SKU04854,64.95306649801589,5340.0,1228.0,391.0,Electronics & Accessories,1401.83,1096.57,0.0,1.0,High overstock,MARKDOWN / CLEAR,0.0,5784458.22
SKU04855,90.34078895179695,283.0,143.0,53.0,Apparel & Footwear,1757.08,1209.38,0.0,1.0,High overstock,MARKDOWN / CLEAR,0.0,232998.2
SKU04856,61.38994821639842,6934.0,1506.0,548.0,Stationery & Office,245.47,188.93,0.0,1.0,High overstock,MARKDOWN / CLEAR,0.0,1298442.22
SKU04857,68.59678930692837,200.0,72.0,19.0,Home Care,451.19,326.19,0.0,1.0,High overstock,MARKDOWN / CLEAR,0.0,42862.41
SKU04858,61.60656456074763,217.0,86.0,28.0,Apparel & Footwear,1174.96,650.5,0.0,1.0,High overstock,MARKDOWN / CLEAR,0.0,101083.43
SKU04859,84.50128503657305,164.0,120.0,36.0,Electronics & Accessories,2004.51,1438.86,0.0,0.9297955572179002,High overstock,MARKDOWN / CLEAR,0.0,114387.52
SKU04860,68.84238088130724,0.0,0.0,0.0,Dairy & Bakery,142.95,102.09,1.0,0.0,High stockout,REORDER NOW,2460.25,0.0
SKU04861,82.32996019874126,157.0,78.0,28.0,Home & Kitchen,1503.58,826.98,0.0,0.8960767486648418,High overstock,MARKDOWN / CLEAR,0.0,61750.63
SKU04862,67.15662740001203,335.0,187.0,66.0,Grocery,74.31,48.47,0.0,1.0,High overstock,MARKDOWN / CLEAR,0.0,12982.37
SKU04863,60.902982101762724,0.0,0.0,0.0,Health & Wellness,801.26,448.47,1.0,0.0,High stockout,REORDER NOW,12199.78,0.0
SKU04864,67.22948136726254,63.0,28.0,14.0,Stationery & Office,110.36,68.78,0.0,0.0,Healthy,HEALTHY,0.0,0.0
SKU04865,130.73684019788047,306.0,289.0,103.0,Health & Wellness,1576.52,1255.93,0.0,1.0,High overstock,MARKDOWN / CLEAR,0.0,220118.26
SKU04866,65.36482684634124,308.0,168.0,58.0,Stationery & Office,132.78,104.24,0.0,1.0,High overstock,MARKDOWN / CLEAR,0.0,25292.29
SKU04867,63.92477513837889,99.0,57.0,15.0,Grocery,275.33,198.57,0.0,0.5402440714944755,High overstock,MARKDOWN / CLEAR,0.0,6964.89
SKU04868,87.78322142037182,44.0,23.0,6.0,Frozen Foods,647.03,415.21,0.0,0.0,Healthy,HEALTHY,0.0,0.0
SKU04869,63.40502502228654,96.0,71.0,23.0,Apparel & Footwear,1157.49,751.34,0.0,0.5060936622015811,High overstock,MARKDOWN / CLEAR,0.0,24489.91
SKU04870,70.63192227346647,0.0,0.0,0.0,Health & Wellness,328.18,183.63,1.0,0.0,High stockout,REORDER NOW,5795.0,0.0
SKU04871,144.82486982458477,1.0,93.0,29.0,Home & Kitchen,761.27,483.08,0.9848956784056968,0.0,High stockout,REORDER NOW,48878.27,0.0
SKU04872,156.91223265928937,192.0,168.0,59.0,Home Care,154.36,115.17,0.0,0.22219790544292928,Healthy,HEALTHY,0.0,4041.06
SKU04873,123.22468606323358,49.0,78.0,27.0,Electronics & Accessories,1165.65,792.45,0.16675412228072495,0.0,Healthy,HEALTHY,10264.91,0.0
SKU04874,62.75820936808999,64.0,35.0,10.0,Home Care,272.79,182.54,0.0,0.019476560653403547,Healthy,HEALTHY,0.0,226.68
SKU04875,92.97420644646158,0.0,0.0,0.0,Home & Kitchen,1349.03,772.69,1.0,0.0,High stockout,REORDER NOW,31356.25,0.0
SKU04876,71.66584986857285,150.0,184.0,54.0,Beverages,66.28,51.68,0.0,1.0,High overstock,MARKDOWN / CLEAR,0.0,4048.31
SKU04877,115.48334531518744,108.0,72.0,35.0,Dairy & Bakery,190.33,118.15,0.0,0.0,Healthy,HEALTHY,0.0,0.0
SKU04878,78.78895581685988,182.0,113.0,46.0,Beverages,150.39,97.11,0.0,1.0,High overstock,MARKDOWN / CLEAR,0.0,10022.82
SKU04879,63.34975892001419,5020.0,1000.0,342.0,Electronics & Accessories,1631.86,1032.44,0.0,1.0,High overstock,MARKDOWN / CLEAR,0.0,5117443.97
SKU04880,72.81226001133982,99.0,110.0,25.0,Snacks & Confectionery,134.41,84.97,0.0,0.3547884861490076,Healthy,HEALTHY,0.0,2225.17
SKU04881,61.330434479334464,97.0,105.0,29.0,Dairy & Bakery,391.06,273.68,0.0,0.5722656326499972,High overstock,MARKDOWN / CLEAR,0.0,9762.05
SKU04882,89.73245265350701,157.0,128.0,38.0,Home & Kitchen,1130.0,798.64,0.0,0.7413835444675698,High overstock,MARKDOWN / CLEAR,0.0,53722.55
SKU04883,134.70947207281262,156.0,81.0,31.0,Personal Care,399.81,279.72,0.0,0.15688313867851694,Healthy,HEALTHY,0.0,5955.39
SKU04884,85.45193059965995,208.0,93.0,44.0,Beverages,234.65,133.08,0.0,1.0,High overstock,MARKDOWN / CLEAR,0.0,16308.7
SKU04885,70.54050340848224,427.0,351.0,132.0,Grocery,336.37,266.53,0.0,1.0,High overstock,MARKDOWN / CLEAR,0.0,95007.15
SKU04886,64.44056186772326,311.0,178.0,59.0,Snacks & Confectionery,155.4,113.21,0.0,1.0,High overstock,MARKDOWN / CLEAR,0.0,27912.99
SKU04887,60.9666107771312,7218.0,1486.0,539.0,Home & Kitchen,970.11,747.65,0.0,1.0,High overstock,MARKDOWN / CLEAR,0.0,5350956.01
SKU04888,63.07949021076299,4630.0,990.0,376.0,Frozen Foods,362.75,213.99,0.0,1.0,High overstock,MARKDOWN / CLEAR,0.0,977275.32
SKU04889,67.51323643654479,312.0,173.0,73.0,Stationery & Office,175.19,137.18,0.0,1.0,High overstock,MARKDOWN / CLEAR,0.0,33538.69
SKU04890,85.98166888100808,0.0,0.0,0.0,Snacks & Confectionery,96.81,70.71,1.0,0.0,High stockout,REORDER NOW,2080.97,0.0
SKU04891,66.97952455873406,176.0,100.0,41.0,Personal Care,647.88,437.43,0.0,1.0,High overstock,MARKDOWN / CLEAR,0.0,47688.83
SKU04892,67.6633017218847,288.0,247.0,84.0,Beverages,110.29,61.3,0.0,1.0,High overstock,MARKDOWN / CLEAR,0.0,13506.64
SKU04893,96.4476894312267,162.0,67.0,25.0,Personal Care,764.67,468.97,0.0,0.6726923024176633,High overstock,MARKDOWN / CLEAR,0.0,30742.07
SKU04894,64.05351297062,5830.0,1323.0,454.0,Frozen Foods,262.59,199.49,0.0,1.0,High overstock,MARKDOWN / CLEAR,0.0,1150248.66
SKU04895,132.32614614621139,2.0,34.0,8.0,Apparel & Footwear,1875.04,1209.02,0.9524732183136241,0.0,High stockout,REORDER NOW,73279.44,0.0
SKU04896,89.0692407425442,247.0,197.0,79.0,Personal Care,481.62,346.56,0.0,1.0,High overstock,MARKDOWN / CLEAR,0.0,54732.48
SKU04897,61.23314221774237,26.0,65.0,16.0,Apparel & Footwear,904.26,662.55,0.1952528723261061,0.0,Healthy,HEALTHY,4800.07,0.0
SKU04898,146.02386742068742,0.0,0.0,0.0,Health & Wellness,966.22,718.78,1.0,0.0,High stockout,REORDER NOW,35272.8,0.0
SKU04899,66.18328295013079,153.0,177.0,53.0,Dairy & Bakery,222.1,143.39,0.0,1.0,High overstock,MARKDOWN / CLEAR,0.0,12448.65
SKU04900,81.27815354588387,172.0,223.0,77.0,Home & Kitchen,1236.82,961.58,0.0,1.0,High overstock,MARKDOWN / CLEAR,0.0,87236.31
SKU04901,60.902982101762724,6674.0,1586.0,583.0,Home Care,225.62,140.57,0.0,1.0,High overstock,MARKDOWN / CLEAR,0.0,929603.05
SKU04902,66.60098108676895,8193.0,1844.0,653.0,Beverages,275.17,208.86,0.0,1.0,High overstock,MARKDOWN / CLEAR,0.0,1697279.7
SKU04903,436.32730912456003,219.0,226.0,70.0,Stationery & Office,237.98,156.16,0.0,0.0,Healthy,HEALTHY,0.0,0.0
SKU04904,91.1680134207076,233.0,119.0,39.0,Home & Kitchen,1471.86,895.71,0.0,1.0,High overstock,MARKDOWN / CLEAR,0.0,127040.33
SKU04905,69.80394254642758,7113.0,1543.0,536.0,Grocery,117.04,74.42,0.0,1.0,High overstock,MARKDOWN / CLEAR,0.0,524154.65
SKU04906,61.2390208967272,471.0,237.0,86.0,Home & Kitchen,2009.44,1506.86,0.0,1.0,High overstock,MARKDOWN / CLEAR,0.0,617452.43
SKU04907,87.18936025087663,247.0,100.0,35.0,Stationery & Office,198.11,139.41,0.0,1.0,High overstock,MARKDOWN / CLEAR,0.0,22279.2
SKU04908,107.43014330440182,44.0,22.0,6.0,Apparel & Footwear,1133.38,662.09,0.0,0.0,Healthy,HEALTHY,0.0,0.0
SKU04909,73.45222807977409,93.0,50.0,23.0,Dairy & Bakery,190.96,110.95,0.0,0.26255455913664344,Healthy,HEALTHY,0.0,2168.83
SKU04910,99.30461206190671,17.0,36.0,7.0,Health & Wellness,369.87,266.97,0.48212024747508664,0.0,Healthy,HEALTHY,5483.75,0.0
SKU04911,71.24086669223213,24.0,80.0,21.0,Frozen Foods,524.33,319.77,0.3971396790652928,0.0,Healthy,HEALTHY,7765.44,0.0
SKU04912,84.36532817635549,223.0,124.0,50.0,Health & Wellness,191.17,115.12,0.0,1.0,High overstock,MARKDOWN / CLEAR,0.0,15959.62
SKU04913,819.2867414079976,140.0,1091.0,373.0,Health & Wellness,466.91,344.29,0.7581293107308831,0.0,High stockout,REORDER NOW,204423.32,0.0
SKU04914,68.77036773534115,124.0,114.0,41.0,Health & Wellness,423.79,267.27,0.0,0.7915915317253386,High overstock,MARKDOWN / CLEAR,0.0,14761.22
SKU04915,62.860728835133585,0.0,0.0,0.0,Frozen Foods,752.96,426.99,1.0,0.0,High stockout,REORDER NOW,11832.9,0.0
SKU04916,87.00268682149681,552.0,282.0,104.0,Electronics & Accessories,1699.1,1114.96,0.0,1.0,High overstock,MARKDOWN / CLEAR,0.0,518453.4
SKU04917,65.71262701501583,94.0,148.0,44.0,Frozen Foods,282.51,195.58,0.0,0.4240182743608221,Healthy,HEALTHY,0.0,5532.44
SKU04918,85.84386131094894,198.0,104.0,38.0,Grocery,64.2,44.96,0.0,1.0,High overstock,MARKDOWN / CLEAR,0.0,5042.54
SKU04919,62.49891350332892,7085.0,1595.0,504.0,Grocery,374.09,211.22,0.0,1.0,High overstock,MARKDOWN / CLEAR,0.0,1483292.68
SKU04920,94.74229612248791,394.0,153.0,55.0,Stationery & Office,31.96,21.2,0.0,1.0,High overstock,MARKDOWN / CLEAR,0.0,6344.26
SKU04921,94.25596778907064,0.0,0.0,0.0,Home & Kitchen,373.55,239.03,1.0,0.0,High stockout,REORDER NOW,8802.33,0.0
SKU04922,68.6775068037816,47.0,51.0,21.0,Health & Wellness,1250.82,828.34,0.0,0.0,Healthy,HEALTHY,0.0,0.0
SKU04923,126.28554191310674,529.0,260.0,86.0,Snacks & Confectionery,64.54,36.17,0.0,1.0,High overstock,MARKDOWN / CLEAR,0.0,14566.18
SKU04924,216.40061254761488,69.0,65.0,20.0,Apparel & Footwear,2799.28,1746.48,0.08122690676520261,0.0,Healthy,HEALTHY,14276.76,0.0
SKU04925,61.84451451131246,20.0,96.0,33.0,Beverages,136.47,97.01,0.5956420616583448,0.0,High stockout,REORDER NOW,3884.09,0.0
SKU04926,831.4117007902498,0.0,1054.0,356.0,Personal Care,458.92,266.85,1.0,0.0,High stockout,REORDER NOW,258763.38,0.0
SKU04927,69.58425770271639,155.0,97.0,29.0,Dairy & Bakery,201.34,159.02,0.0,1.0,High overstock,MARKDOWN / CLEAR,0.0,13582.81
SKU04928,88.79010453798682,34.0,70.0,25.0,Grocery,382.38,305.32,0.2945696029061339,0.0,Healthy,HEALTHY,5046.47,0.0
SKU04929,76.10083394648413,370.0,176.0,58.0,Apparel & Footwear,745.44,477.16,0.0,1.0,High overstock,MARKDOWN / CLEAR,0.0,140236.93
SKU04930,65.2132911678065,216.0,73.0,34.0,Frozen Foods,682.34,491.45,0.0,1.0,High overstock,MARKDOWN / CLEAR,0.0,74104.13
SKU04931,68.78601797167764,30.0,24.0,10.0,Dairy & Bakery,321.18,227.66,0.0,0.0,Healthy,HEALTHY,0.0,0.0
SKU04932,83.06960364697099,100.0,159.0,45.0,Frozen Foods,311.93,184.6,0.0,0.20138546654893155,Healthy,HEALTHY,0.0,3125.35
SKU04933,138.7078276784335,0.0,0.0,0.0,Grocery,184.36,119.29,1.0,0.0,High stockout,REORDER NOW,6393.04,0.0
SKU04934,244.00181501248244,58.0,27.0,12.0,Home Care,223.16,177.45,0.21622102219131145,0.0,Healthy,HEALTHY,3347.5,0.0
SKU04935,84.70496426418495,156.0,102.0,37.0,Frozen Foods,623.85,363.03,0.0,0.8318658825415131,High overstock,MARKDOWN / CLEAR,0.0,25882.24
SKU04936,303.4554085409621,407.0,168.0,71.0,Personal Care,328.89,228.18,0.0,0.34009772385142834,Healthy,HEALTHY,0.0,23626.8
SKU04937,215.9613639773013,38.0,27.0,6.0,Apparel & Footwear,1504.37,1052.75,0.3769505239602513,0.0,Healthy,HEALTHY,33081.61,0.0
SKU04938,69.32455175354906,123.0,82.0,30.0,Snacks & Confectionery,145.29,85.99,0.0,0.7632533291439303,High overstock,MARKDOWN / CLEAR,0.0,4615.55
SKU04939,94.63624465542667,34.0,28.0,13.0,Beverages,173.32,118.52,0.09716283547101412,0.0,Healthy,HEALTHY,460.87,0.0
SKU04940,107.01876791429811,235.0,146.0,42.0,Frozen Foods,617.3,481.1,0.0,1.0,High overstock,MARKDOWN / CLEAR,0.0,61571.77
SKU04941,66.13855164945738,5792.0,1118.0,380.0,Home & Kitchen,332.87,192.7,0.0,1.0,High overstock,MARKDOWN / CLEAR,0.0,1103373.5
SKU04942,69.9181674495008,213.0,86.0,24.0,Personal Care,281.75,168.33,0.0,1.0,High overstock,MARKDOWN / CLEAR,0.0,24084.96
SKU04943,107.03721960936421,342.0,224.0,65.0,Grocery,145.62,89.4,0.0,1.0,High overstock,MARKDOWN / CLEAR,0.0,21005.67
SKU04944,86.76981166364443,128.0,134.0,45.0,Stationery & Office,90.88,67.05,0.0,0.4697536380089298,Healthy,HEALTHY,0.0,2764.48
SKU04945,64.74813614787516,4382.0,926.0,320.0,Home Care,204.86,142.24,0.0,1.0,High overstock,MARKDOWN / CLEAR,0.0,614085.91
SKU04946,68.67675993008626,83.0,59.0,12.0,Snacks & Confectionery,42.93,29.02,0.0,0.2055669650007505,Healthy,HEALTHY,0.0,415.66
SKU04947,87.44319138615367,413.0,267.0,98.0,Health & Wellness,546.17,408.54,0.0,1.0,High overstock,MARKDOWN / CLEAR,0.0,133002.98
SKU04948,123.7174108762687,327.0,204.0,66.0,Dairy & Bakery,288.18,228.98,0.0,1.0,High overstock,MARKDOWN / CLEAR,0.0,46547.65
SKU04949,61.38079200122454,0.0,0.0,0.0,Stationery & Office,193.04,115.63,1.0,0.0,High stockout,REORDER NOW,2962.24,0.0
SKU04950,61.14593911362675,162.0,199.0,90.0,Dairy & Bakery,340.58,256.46,0.0,1.0,High overstock,MARKDOWN / CLEAR,0.0,25865.03
SKU04951,73.56440945420347,8.0,98.0,26.0,Frozen Foods,484.55,311.33,0.8237540050046457,0.0,High stockout,REORDER NOW,17633.31,0.0
SKU04952,69.76646590887572,206.0,94.0,31.0,Frozen Foods,607.42,356.25,0.0,1.0,High overstock,MARKDOWN / CLEAR,0.0,48533.2
SKU04953,63.69710552334726,157.0,274.0,86.0,Snacks & Confectionery,59.22,36.37,0.0,1.0,High overstock,MARKDOWN / CLEAR,0.0,3393.43
SKU04954,199.97302374656397,333.0,133.0,47.0,Home Care,374.72,243.5,0.0,0.6619145882045794,High overstock,MARKDOWN / CLEAR,0.0,32392.07
SKU04955,61.91686258416836,5526.0,1276.0,473.0,Beverages,186.3,144.34,0.0,1.0,High overstock,MARKDOWN / CLEAR,0.0,788685.76
SKU04956,72.73182234721656,0.0,0.0,0.0,Health & Wellness,597.85,400.32,1.0,0.0,High stockout,REORDER NOW,10870.68,0.0
SKU04957,95.00338815691673,64.0,131.0,47.0,Apparel & Footwear,1148.55,808.09,0.10802446743230043,0.0,Healthy,HEALTHY,7753.69,0.0
SKU04958,62.29617742018344,141.0,96.0,43.0,Stationery & Office,180.7,100.89,0.0,1.0,High overstock,MARKDOWN / CLEAR,0.0,7940.43
SKU04959,117.26496700036954,425.0,154.0,64.0,Dairy & Bakery,140.13,79.31,0.0,1.0,High overstock,MARKDOWN / CLEAR,0.0,24406.47
SKU04960,60.902982101762724,106.0,61.0,21.0,Dairy & Bakery,156.63,122.89,0.0,0.7285112343069674,High overstock,MARKDOWN / CLEAR,0.0,5541.97
SKU04961,66.61424264447813,247.0,121.0,31.0,Frozen Foods,217.61,165.29,0.0,1.0,High overstock,MARKDOWN / CLEAR,0.0,29815.96
SKU04962,85.26357882916324,478.0,316.0,112.0,Electronics & Accessories,1443.52,970.64,0.0,1.0,High overstock,MARKDOWN / CLEAR,0.0,381205.68
SKU04963,75.40060513409938,91.0,32.0,10.0,Stationery & Office,124.11,74.48,0.0,0.2041789438515618,Healthy,HEALTHY,0.0,1161.84
SKU04964,107.30519484714898,392.0,162.0,73.0,Grocery,295.19,165.32,0.0,1.0,High overstock,MARKDOWN / CLEAR,0.0,47065.75
SKU04965,91.43979485151169,266.0,123.0,35.0,Snacks & Confectionery,83.76,66.49,0.0,1.0,High overstock,MARKDOWN / CLEAR,0.0,11606.51
SKU04966,67.83014743959895,112.0,55.0,26.0,Dairy & Bakery,121.77,67.15,0.0,0.6417224748670162,High overstock,MARKDOWN / CLEAR,0.0,2966.01
SKU04967,69.12315576878352,275.0,131.0,57.0,Dairy & Bakery,160.72,97.94,0.0,1.0,High overstock,MARKDOWN / CLEAR,0.0,20163.58
SKU04968,68.53194989821786,102.0,114.0,35.0,Home Care,329.41,237.5,0.0,0.4813334035759573,Healthy,HEALTHY,0.0,7948.66
SKU04969,94.05252796774028,48.0,64.0,28.0,Home & Kitchen,658.15,516.3,0.085942921717718,0.0,Healthy,HEALTHY,2312.17,0.0
SKU04970,65.71870363974864,335.0,190.0,64.0,Grocery,204.02,118.18,0.0,1.0,High overstock,MARKDOWN / CLEAR,0.0,31823.66
SKU04971,86.98643799747315,580.0,208.0,68.0,Apparel & Footwear,1795.74,1335.08,0.0,1.0,High overstock,MARKDOWN / CLEAR,0.0,658212.55
SKU04972,65.74126009089328,407.0,145.0,50.0,Health & Wellness,688.96,436.07,0.0,1.0,High overstock,MARKDOWN / CLEAR,0.0,148812.7
SKU04973,331.7008228180583,156.0,77.0,22.0,Health & Wellness,909.63,654.87,0.0,0.0,Healthy,HEALTHY,0.0,0.0
SKU04974,91.67765298077019,220.0,105.0,43.0,Electronics & Accessories,1576.81,905.34,0.0,1.0,High overstock,MARKDOWN / CLEAR,0.0,116175.35
SKU04975,103.29751220289904,10.0,23.0,6.0,Beverages,125.79,96.38,0.6953483784354841,0.0,High stockout,REORDER NOW,2745.29,0.0
SKU04976,96.24305618787727,0.0,0.0,0.0,Electronics & Accessories,415.56,302.03,1.0,0.0,High stockout,REORDER NOW,9998.69,0.0
SKU04977,70.17868178266576,160.0,97.0,32.0,Snacks & Confectionery,41.59,32.81,0.0,1.0,High overstock,MARKDOWN / CLEAR,0.0,2947.04
SKU04978,161.641534072185,22.0,96.0,30.0,Frozen Foods,230.93,156.02,0.6919215537549894,0.0,High stockout,REORDER NOW,11179.41,0.0
SKU04979,63.13654680590051,76.0,50.0,25.0,Electronics & Accessories,403.4,311.39,0.0,0.20056354504131277,Healthy,HEALTHY,0.0,4005.55
SKU04980,65.08180123357822,86.0,39.0,13.0,Health & Wellness,1147.16,785.92,0.0,0.3165500693978147,Healthy,HEALTHY,0.0,16440.03
SKU04981,109.59536757112812,89.0,44.0,14.0,Dairy & Bakery,149.4,101.32,0.0,0.0,Healthy,HEALTHY,0.0,0.0
SKU04982,61.20602894995288,92.0,43.0,19.0,Personal Care,253.41,145.37,0.0,0.4950319377374505,Healthy,HEALTHY,0.0,4476.52
SKU04983,86.66842276680286,251.0,198.0,76.0,Home Care,220.71,166.31,0.0,1.0,High overstock,MARKDOWN / CLEAR,0.0,27329.98
SKU04984,68.2304130793365,246.0,150.0,54.0,Grocery,236.75,154.61,0.0,1.0,High overstock,MARKDOWN / CLEAR,0.0,27484.96
SKU04985,66.45347512480166,476.0,264.0,88.0,Electronics & Accessories,1179.22,825.46,0.0,1.0,High overstock,MARKDOWN / CLEAR,0.0,338064.27
SKU04986,81.01475854028571,73.0,124.0,46.0,Beverages,63.68,45.38,0.0,0.0,Healthy,HEALTHY,0.0,0.0
SKU04987,61.22040381714016,8769.0,1975.0,716.0,Home Care,421.88,313.75,0.0,1.0,High overstock,MARKDOWN / CLEAR,0.0,2732065.85
SKU04988,64.71460498276224,189.0,75.0,25.0,Health & Wellness,315.9,219.18,0.0,1.0,High overstock,MARKDOWN / CLEAR,0.0,27240.87
SKU04989,63.831727451723836,449.0,228.0,76.0,Grocery,80.54,56.78,0.0,1.0,High overstock,MARKDOWN / CLEAR,0.0,21869.85
SKU04990,86.13716291399774,130.0,133.0,50.0,Stationery & Office,132.24,89.95,0.0,0.5033769245998267,High overstock,MARKDOWN / CLEAR,0.0,3945.46
SKU04991,112.45354206650038,366.0,221.0,97.0,Personal Care,206.19,145.05,0.0,1.0,High overstock,MARKDOWN / CLEAR,0.0,36776.91
SKU04992,100.66846336363307,78.0,45.0,21.0,Grocery,108.64,71.82,0.0,0.0,Healthy,HEALTHY,0.0,0.0
SKU04993,66.18002617257635,39.0,48.0,10.0,Health & Wellness,1067.68,794.46,0.0,0.0,Healthy,HEALTHY,0.0,0.0
SKU04994,87.54789572475643,78.0,92.0,41.0,Frozen Foods,261.4,196.74,0.0,0.0,Healthy,HEALTHY,0.0,0.0
SKU04995,191.51527463004186,254.0,104.0,27.0,Health & Wellness,1081.35,734.54,0.0,0.3245702217137603,Healthy,HEALTHY,0.0,45897.53
SKU04996,64.5979201422786,5678.0,1228.0,453.0,Apparel & Footwear,1057.53,620.41,0.0,1.0,High overstock,MARKDOWN / CLEAR,0.0,3482610.78
SKU04997,88.52387509919902,246.0,171.0,52.0,Home Care,587.79,378.17,0.0,1.0,High overstock,MARKDOWN / CLEAR,0.0,59552.75
SKU04998,287.2629956737547,115.0,60.0,26.0,Apparel & Footwear,1238.94,941.58,0.0,0.0,Healthy,HEALTHY,0.0,0.0
SKU04999,72.09758040210689,71.0,117.0,47.0,Personal Care,336.69,262.34,0.0,0.0,Healthy,HEALTHY,0.0,0.0
SKU05000,62.51205089064413,4804.0,1120.0,393.0,Frozen Foods,437.06,269.56,0.0,1.0,High overstock,MARKDOWN / CLEAR,0.0,1278115.49
